fid,field_1,collection_no,lat,lng,objectid,id,dir,length,linkid,country,juriscode,jurisname,roadnum,roadname,admin,surface,lanes,speedlim,class,nhs,border,shape_Leng,n,distance,feature_x,feature_y,nearest_x,nearest_y
"1","1","14488",29.2,-103.2,"32729","468517","0",32.700000000000003,02_3765329,"2",02_48,Texas,S118,,State,Paved,"2","88","5",0.000000000000000,"2",37521.626997980165470,"1",9321.52778820251,-673849.746017573,-1235300.70616788,-669018.162829322,-1227329.0887535
"2","2","68006",29.105,-103.17,"32729","468517","0",32.700000000000003,02_3765329,"2",02_48,Texas,S118,,State,Paved,"2","88","5",0.000000000000000,"2",37521.626997980165470,"1",16996.4813792356,-671873.241174919,-1246411.52873681,-657436.66313161,-1237441.26710885
"3","3","25073",29.2,-103.55,"32727","468511","0",30.090000000000000,02_3763743,"2",02_48,Texas,S118,,State,Paved,"2","88","5",0.000000000000000,"0",34542.947586770213093,"1",11676.0505242135,-706538.654701148,-1232752.48374393,-701201.892459754,-1222367.44043045
"4","4","222810",29.225,-103.637,"32723","468512","0",28.030000000000001,02_3762536,"2",02_48,Texas,C170,,Municipal,Paved,"2","88","5",0.000000000000000,"0",32150.068507807794958,"1",9073.46186582526,-714431.208611783,-1229232.96105289,-718893.122859414,-1221332.38946107
"5","5","68003",29.105,-103.17,"32729","468517","0",32.700000000000003,02_3765329,"2",02_48,Texas,S118,,State,Paved,"2","88","5",0.000000000000000,"2",37521.626997980165470,"1",16996.4813792356,-671873.241174919,-1246411.52873681,-657436.66313161,-1237441.26710885
"6","6","200448",29.412,-103.088,"32533","450964","0",44.280000000000001,02_3794254,"2",02_48,Texas,U385,,State,Paved,"2","88","5",0.000000000000000,"0",51042.389709317481902,"1",4836.62052029528,-661564.504763804,-1211756.59406557,-666400.289667225,-1211666.69175645
"7","7","68014",29.229,-103.566,"32727","468511","0",30.090000000000000,02_3763743,"2",02_48,Texas,S118,,State,Paved,"2","88","5",0.000000000000000,"0",34542.947586770213093,"1",9549.65758916384,-707766.730177537,-1229306.72501121,-701229.867862033,-1222345.01608751
"8","8","68004",29.105,-103.17,"32729","468517","0",32.700000000000003,02_3765329,"2",02_48,Texas,S118,,State,Paved,"2","88","5",0.000000000000000,"2",37521.626997980165470,"1",16996.4813792356,-671873.241174919,-1246411.52873681,-657436.66313161,-1237441.26710885
"9","9","68016",29.229,-103.566,"32727","468511","0",30.090000000000000,02_3763743,"2",02_48,Texas,S118,,State,Paved,"2","88","5",0.000000000000000,"0",34542.947586770213093,"1",9549.65758916384,-707766.730177537,-1229306.72501121,-701229.867862033,-1222345.01608751
"10","10","212186",29.298,-103.566,"32723","468512","0",28.030000000000001,02_3762536,"2",02_48,Texas,C170,,Municipal,Paved,"2","88","5",0.000000000000000,"0",32150.068507807794958,"1",3183.26451183138,-707133.614561967,-1221390.90886518,-706799.913358638,-1218225.18359928
"11","11","191055",29.157,-103.156,"32729","468517","0",32.700000000000003,02_3765329,"2",02_48,Texas,S118,,State,Paved,"2","88","5",0.000000000000000,"2",37521.626997980165470,"1",11651.0281851637,-670112.727819382,-1240545.79407506,-663198.937754662,-1231167.84308817
"12","12","189810",29.2,-103.633,"32723","468512","0",28.030000000000001,02_3762536,"2",02_48,Texas,C170,,Municipal,Paved,"2","88","5",0.000000000000000,"0",32150.068507807794958,"1",11689.6595023434,-714289.199767847,-1232130.48848142,-720266.970850802,-1222084.8729124
"13","13","150883",29.286,-103.55,"32724","468514","0",4.440000000000002,02_3763575,"2",02_48,Texas,S118,,State,Paved,"2","88","5",0.000000000000000,"0",5102.742871857310092,"1",3487.84359750361,-705751.27403896,-1222886.9471775,-703021.909466078,-1220715.39888448
"14","14","189813",29.317,-103.517,"32724","468514","0",4.440000000000002,02_3763575,"2",02_48,Texas,S118,,State,Paved,"2","88","5",0.000000000000000,"0",5102.742871857310092,"1",991.010756549928,-702390.37416739,-1219575.1021062,-703308.52337106,-1219948.06907444
"15","15","68002",29.105,-103.17,"32729","468517","0",32.700000000000003,02_3765329,"2",02_48,Texas,S118,,State,Paved,"2","88","5",0.000000000000000,"2",37521.626997980165470,"1",16996.4813792356,-671873.241174919,-1246411.52873681,-657436.66313161,-1237441.26710885
"16","16","68008",29.229,-103.566,"32727","468511","0",30.090000000000000,02_3763743,"2",02_48,Texas,S118,,State,Paved,"2","88","5",0.000000000000000,"0",34542.947586770213093,"1",9549.65758916384,-707766.730177537,-1229306.72501121,-701229.867862033,-1222345.01608751
"17","17","68015",29.229,-103.566,"32727","468511","0",30.090000000000000,02_3763743,"2",02_48,Texas,S118,,State,Paved,"2","88","5",0.000000000000000,"0",34542.947586770213093,"1",9549.65758916384,-707766.730177537,-1229306.72501121,-701229.867862033,-1222345.01608751
"18","18","200402",29.279,-103.561,"32724","468514","0",4.440000000000002,02_3763575,"2",02_48,Texas,S118,,State,Paved,"2","88","5",0.000000000000000,"0",5102.742871857310092,"1",4791.37381673144,-706841.532126299,-1223608.10450123,-703021.909466078,-1220715.39888448
"19","19","200449",29.161,-103.026,"32729","468517","0",32.700000000000003,02_3765329,"2",02_48,Texas,S118,,State,Paved,"2","88","5",0.000000000000000,"2",37521.626997980165470,"1",3487.74500950021,-657927.505016551,-1240997.47943877,-657125.064770063,-1237603.29987632
"20","20","222813",29.225,-103.637,"32723","468512","0",28.030000000000001,02_3762536,"2",02_48,Texas,C170,,Municipal,Paved,"2","88","5",0.000000000000000,"0",32150.068507807794958,"1",9073.46186582526,-714431.208611783,-1229232.96105289,-718893.122859414,-1221332.38946107
"21","21","22709",29.138,-103.197,"32729","468517","0",32.700000000000003,02_3765329,"2",02_48,Texas,S118,,State,Paved,"2","88","5",0.000000000000000,"2",37521.626997980165470,"1",15676.9365154798,-674110.537384542,-1242434.66457178,-663711.21963804,-1230703.48692767
"22","22","68012",29.229,-103.566,"32727","468511","0",30.090000000000000,02_3763743,"2",02_48,Texas,S118,,State,Paved,"2","88","5",0.000000000000000,"0",34542.947586770213093,"1",9549.65758916384,-707766.730177537,-1229306.72501121,-701229.867862033,-1222345.01608751
"23","23","222812",29.225,-103.637,"32723","468512","0",28.030000000000001,02_3762536,"2",02_48,Texas,C170,,Municipal,Paved,"2","88","5",0.000000000000000,"0",32150.068507807794958,"1",9073.46186582526,-714431.208611783,-1229232.96105289,-718893.122859414,-1221332.38946107
"24","24","200450",29.406,-103.322,"32727","468511","0",30.090000000000000,02_3763743,"2",02_48,Texas,S118,,State,Paved,"2","88","5",0.000000000000000,"0",34542.947586770213093,"1",6156.00318934048,-683415.649606442,-1210785.50247589,-680899.233609773,-1216403.68953213
"25","25","189812",29.222,-103.639,"32723","468512","0",28.030000000000001,02_3762536,"2",02_48,Texas,C170,,Municipal,Paved,"2","88","5",0.000000000000000,"0",32150.068507807794958,"1",9260.77806517056,-714645.688883886,-1229561.98441364,-718958.96232049,-1221367.00530242
"26","26","189815",29.173,-103.346,"32727","468511","0",30.090000000000000,02_3763743,"2",02_48,Texas,S118,,State,Paved,"2","88","5",0.000000000000000,"0",34542.947586770213093,"1",17178.2566352354,-687727.321963367,-1237349.65501439,-690828.969344659,-1220453.72992731
"27","27","212185",29.298,-103.566,"32723","468512","0",28.030000000000001,02_3762536,"2",02_48,Texas,C170,,Municipal,Paved,"2","88","5",0.000000000000000,"0",32150.068507807794958,"1",3183.26451183138,-707133.614561967,-1221390.90886518,-706799.913358638,-1218225.18359928
"28","28","143522",29.317,-103.517,"32724","468514","0",4.440000000000002,02_3763575,"2",02_48,Texas,S118,,State,Paved,"2","88","5",0.000000000000000,"0",5102.742871857310092,"1",991.010756549928,-702390.37416739,-1219575.1021062,-703308.52337106,-1219948.06907444
"29","29","222814",29.225,-103.637,"32723","468512","0",28.030000000000001,02_3762536,"2",02_48,Texas,C170,,Municipal,Paved,"2","88","5",0.000000000000000,"0",32150.068507807794958,"1",9073.46186582526,-714431.208611783,-1229232.96105289,-718893.122859414,-1221332.38946107
"30","30","90032",29.302,-103.504,"32727","468511","0",30.090000000000000,02_3763743,"2",02_48,Texas,S118,,State,Paved,"2","88","5",0.000000000000000,"0",34542.947586770213093,"1",296.351470902606,-701314.720865671,-1221392.52697294,-701531.174193255,-1221594.94276107
"31","31","68013",29.229,-103.566,"32727","468511","0",30.090000000000000,02_3763743,"2",02_48,Texas,S118,,State,Paved,"2","88","5",0.000000000000000,"0",34542.947586770213093,"1",9549.65758916384,-707766.730177537,-1229306.72501121,-701229.867862033,-1222345.01608751
"32","32","222815",29.252,-103.551,"32727","468511","0",30.090000000000000,02_3763743,"2",02_48,Texas,S118,,State,Paved,"2","88","5",0.000000000000000,"0",34542.947586770213093,"1",6627.26653911521,-706155.911905417,-1226780.17116669,-701250.276525464,-1222324.23094049
"33","33","109658",29.105,-103.17,"32729","468517","0",32.700000000000003,02_3765329,"2",02_48,Texas,S118,,State,Paved,"2","88","5",0.000000000000000,"2",37521.626997980165470,"1",16996.4813792356,-671873.241174919,-1246411.52873681,-657436.66313161,-1237441.26710885
"34","34","189791",29.568,-102.947,"32533","450964","0",44.280000000000001,02_3794254,"2",02_48,Texas,U385,,State,Paved,"2","88","5",0.000000000000000,"0",51042.389709317481902,"1",16941.6572032543,-647112.448819971,-1194811.55186491,-663935.872927648,-1196809.58842259
"35","35","68001",29.105,-103.17,"32729","468517","0",32.700000000000003,02_3765329,"2",02_48,Texas,S118,,State,Paved,"2","88","5",0.000000000000000,"2",37521.626997980165470,"1",16996.4813792356,-671873.241174919,-1246411.52873681,-657436.66313161,-1237441.26710885
"36","36","200447",29.34,-103.207,"32533","450964","0",44.280000000000001,02_3794254,"2",02_48,Texas,U385,,State,Paved,"2","88","5",0.000000000000000,"0",51042.389709317481902,"1",820.667886497141,-673279.83834448,-1219184.74656176,-672574.27885334,-1219603.89043251
"37","37","68005",29.105,-103.17,"32729","468517","0",32.700000000000003,02_3765329,"2",02_48,Texas,S118,,State,Paved,"2","88","5",0.000000000000000,"2",37521.626997980165470,"1",16996.4813792356,-671873.241174919,-1246411.52873681,-657436.66313161,-1237441.26710885
"38","38","200421",29.694,-103.681,"32574","468638","0",81.590000000000003,02_3789195,"2",02_48,Texas,S118,,State,Paved,"2","88","5",0.000000000000000,"0",94399.921602994407294,"1",8714.85239230263,-714166.86539837,-1175065.58281232,-705581.459155969,-1176562.0626393
"39","39","94373",29.25,-103.25,"32729","468517","0",32.700000000000003,02_3765329,"2",02_48,Texas,S118,,State,Paved,"2","88","5",0.000000000000000,"2",37521.626997980165470,"1",8005.2699975738,-678080.56397036,-1229207.21711691,-671238.526891853,-1225051.39272813
"40","40","200399",29.279,-103.561,"32724","468514","0",4.440000000000002,02_3763575,"2",02_48,Texas,S118,,State,Paved,"2","88","5",0.000000000000000,"0",5102.742871857310092,"1",4791.37381673144,-706841.532126299,-1223608.10450123,-703021.909466078,-1220715.39888448
"41","41","109657",29.229,-103.566,"32727","468511","0",30.090000000000000,02_3763743,"2",02_48,Texas,S118,,State,Paved,"2","88","5",0.000000000000000,"0",34542.947586770213093,"1",9549.65758916384,-707766.730177537,-1229306.72501121,-701229.867862033,-1222345.01608751
"42","42","189814",29.157,-103.156,"32729","468517","0",32.700000000000003,02_3765329,"2",02_48,Texas,S118,,State,Paved,"2","88","5",0.000000000000000,"2",37521.626997980165470,"1",11651.0281851637,-670112.727819382,-1240545.79407506,-663198.937754662,-1231167.84308817
"43","43","222809",29.225,-103.637,"32723","468512","0",28.030000000000001,02_3762536,"2",02_48,Texas,C170,,Municipal,Paved,"2","88","5",0.000000000000000,"0",32150.068507807794958,"1",9073.46186582526,-714431.208611783,-1229232.96105289,-718893.122859414,-1221332.38946107
"44","44","200396",29.288,-103.609,"32723","468512","0",28.030000000000001,02_3762536,"2",02_48,Texas,C170,,Municipal,Paved,"2","88","5",0.000000000000000,"0",32150.068507807794958,"1",2793.89918822525,-711236.157058994,-1222216.54144906,-711544.057262166,-1219439.66007981
"45","45","189811",29.133,-103.2,"32729","468517","0",32.700000000000003,02_3765329,"2",02_48,Texas,S118,,State,Paved,"2","88","5",0.000000000000000,"2",37521.626997980165470,"1",16305.6109561214,-674434.637458086,-1242986.86019845,-663711.21963804,-1230703.48692767
"46","46","200397",29.333,-103.483,"32727","468511","0",30.090000000000000,02_3763743,"2",02_48,Texas,S118,,State,Paved,"2","88","5",0.000000000000000,"0",34542.947586770213093,"1",2469.47237102101,-699074.789281938,-1217990.3875586,-698037.277498042,-1220231.33893905
"47","47","52463",29.252,-103.551,"32727","468511","0",30.090000000000000,02_3763743,"2",02_48,Texas,S118,,State,Paved,"2","88","5",0.000000000000000,"0",34542.947586770213093,"1",6627.26653911521,-706155.911905417,-1226780.17116669,-701250.276525464,-1222324.23094049
"48","48","189805",29.208,-103.037,"32729","468517","0",32.700000000000003,02_3765329,"2",02_48,Texas,S118,,State,Paved,"2","88","5",0.000000000000000,"2",37521.626997980165470,"1",127.065018776122,-658554.62381657,-1235528.26906243,-658447.244483579,-1235460.333815
"49","49","189792",29.447,-103.199,"32533","450964","0",44.280000000000001,02_3794254,"2",02_48,Texas,U385,,State,Paved,"2","88","5",0.000000000000000,"0",51042.389709317481902,"1",5721.83022497293,-671599.245103378,-1206957.18013576,-665922.203367686,-1207671.69973285
"50","50","222811",29.133,-103.2,"32729","468517","0",32.700000000000003,02_3765329,"2",02_48,Texas,S118,,State,Paved,"2","88","5",0.000000000000000,"2",37521.626997980165470,"1",16305.6109561214,-674434.637458086,-1242986.86019845,-663711.21963804,-1230703.48692767
"51","51","68007",29.301,-103.516,"32724","468514","0",4.440000000000002,02_3763575,"2",02_48,Texas,S118,,State,Paved,"2","88","5",0.000000000000000,"0",5102.742871857310092,"1",536.853321856718,-702442.993536192,-1221418.42249753,-702051.187104709,-1221051.40858848
"52","52","189807",29.297,-103.508,"32727","468511","0",30.090000000000000,02_3763743,"2",02_48,Texas,S118,,State,Paved,"2","88","5",0.000000000000000,"0",34542.947586770213093,"1",380.533562448752,-701733.306793972,-1221936.63515353,-701452.962784834,-1221679.31622944
"53","53","189803",29.133,-103.2,"32729","468517","0",32.700000000000003,02_3765329,"2",02_48,Texas,S118,,State,Paved,"2","88","5",0.000000000000000,"2",37521.626997980165470,"1",16305.6109561214,-674434.637458086,-1242986.86019845,-663711.21963804,-1230703.48692767
"54","54","189802",29.133,-103.2,"32729","468517","0",32.700000000000003,02_3765329,"2",02_48,Texas,S118,,State,Paved,"2","88","5",0.000000000000000,"2",37521.626997980165470,"1",16305.6109561214,-674434.637458086,-1242986.86019845,-663711.21963804,-1230703.48692767
"55","55","189809",29.141,-103.198,"32729","468517","0",32.700000000000003,02_3765329,"2",02_48,Texas,S118,,State,Paved,"2","88","5",0.000000000000000,"2",37521.626997980165470,"1",15460.2034069896,-674177.843318316,-1242083.42808481,-663802.364909396,-1230621.86897745
"56","56","189804",29.208,-103.033,"32729","468517","0",32.700000000000003,02_3765329,"2",02_48,Texas,S118,,State,Paved,"2","88","5",0.000000000000000,"2",37521.626997980165470,"1",145.81012650223,-658180.972764368,-1235556.04866716,-658295.738543554,-1235645.98980857
"57","57","212184",29.298,-103.566,"32723","468512","0",28.030000000000001,02_3762536,"2",02_48,Texas,C170,,Municipal,Paved,"2","88","5",0.000000000000000,"0",32150.068507807794958,"1",3183.26451183138,-707133.614561967,-1221390.90886518,-706799.913358638,-1218225.18359928
"58","58","189800",29.25,-103.25,"32729","468517","0",32.700000000000003,02_3765329,"2",02_48,Texas,S118,,State,Paved,"2","88","5",0.000000000000000,"2",37521.626997980165470,"1",8005.2699975738,-678080.56397036,-1229207.21711691,-671238.526891853,-1225051.39272813
"59","59","189808",29.409,-103.303,"32727","468511","0",30.090000000000000,02_3763743,"2",02_48,Texas,S118,,State,Paved,"2","88","5",0.000000000000000,"0",34542.947586770213093,"1",5865.04330005601,-681619.170471714,-1210577.89004477,-680848.171810538,-1216392.03606771
"60","60","165197",29.067,-103.233,"32729","468517","0",32.700000000000003,02_3765329,"2",02_48,Texas,S118,,State,Paved,"2","88","5",0.000000000000000,"2",37521.626997980165470,"1",24266.0688342657,-678098.475221837,-1250321.06422545,-663198.937754662,-1231167.84308817
"61","61","189799",29.45,-103.35,"32727","468511","0",30.090000000000000,02_3763743,"2",02_48,Texas,S118,,State,Paved,"2","88","5",0.000000000000000,"0",34542.947586770213093,"1",11857.1471463264,-685631.423658662,-1205531.78464886,-680899.233609773,-1216403.68953213
"62","62","96601",29.199,-103.043,"32729","468517","0",32.700000000000003,02_3765329,"2",02_48,Texas,S118,,State,Paved,"2","88","5",0.000000000000000,"2",37521.626997980165470,"1",1083.38178721123,-659191.965367375,-1236519.297353,-658253.247535906,-1235978.44161462
"63","63","36635",29.134,-103.204,"32729","468517","0",32.700000000000003,02_3765329,"2",02_48,Texas,S118,,State,Paved,"2","88","5",0.000000000000000,"2",37521.626997980165470,"1",16441.3496081378,-674799.868455636,-1242843.68932825,-663802.364909396,-1230621.86897745
"64","64","191054",29.25,-103.25,"32729","468517","0",32.700000000000003,02_3765329,"2",02_48,Texas,S118,,State,Paved,"2","88","5",0.000000000000000,"2",37521.626997980165470,"1",8005.2699975738,-678080.56397036,-1229207.21711691,-671238.526891853,-1225051.39272813
"65","65","52464",29.225,-103.637,"32723","468512","0",28.030000000000001,02_3762536,"2",02_48,Texas,C170,,Municipal,Paved,"2","88","5",0.000000000000000,"0",32150.068507807794958,"1",9073.46186582526,-714431.208611783,-1229232.96105289,-718893.122859414,-1221332.38946107
"66","66","151416",29.225,-103.637,"32723","468512","0",28.030000000000001,02_3762536,"2",02_48,Texas,C170,,Municipal,Paved,"2","88","5",0.000000000000000,"0",32150.068507807794958,"1",9073.46186582526,-714431.208611783,-1229232.96105289,-718893.122859414,-1221332.38946107
"67","67","200400",29.279,-103.561,"32724","468514","0",4.440000000000002,02_3763575,"2",02_48,Texas,S118,,State,Paved,"2","88","5",0.000000000000000,"0",5102.742871857310092,"1",4791.37381673144,-706841.532126299,-1223608.10450123,-703021.909466078,-1220715.39888448
"68","68","189801",29.161,-103.027,"32729","468517","0",32.700000000000003,02_3765329,"2",02_48,Texas,S118,,State,Paved,"2","88","5",0.000000000000000,"2",37521.626997980165470,"1",3503.58750566903,-658020.975289329,-1240990.5386891,-657130.021972621,-1237602.12791156
"69","69","189797",29.1,-103.117,"32729","468517","0",32.700000000000003,02_3765329,"2",02_48,Texas,S118,,State,Paved,"2","88","5",0.000000000000000,"2",37521.626997980165470,"1",13747.3760013299,-666959.320120746,-1247359.27972171,-657412.66415274,-1237467.27756085
"70","70","189798",29.409,-103.087,"32533","450964","0",44.280000000000001,02_3794254,"2",02_48,Texas,U385,,State,Paved,"2","88","5",0.000000000000000,"0",51042.389709317481902,"1",4921.15067098771,-661497.14308953,-1212108.04374657,-666400.904418082,-1211694.70519385
"71","71","200401",29.279,-103.561,"32724","468514","0",4.440000000000002,02_3763575,"2",02_48,Texas,S118,,State,Paved,"2","88","5",0.000000000000000,"0",5102.742871857310092,"1",4791.37381673144,-706841.532126299,-1223608.10450123,-703021.909466078,-1220715.39888448
"72","72","189793",29.095,-103.128,"32729","468517","0",32.700000000000003,02_3765329,"2",02_48,Texas,S118,,State,Paved,"2","88","5",0.000000000000000,"2",37521.626997980165470,"1",14854.5011639267,-668031.430004129,-1247855.32067234,-657427.729692064,-1237452.54486388
"73","73","222816",29.252,-103.551,"32727","468511","0",30.090000000000000,02_3763743,"2",02_48,Texas,S118,,State,Paved,"2","88","5",0.000000000000000,"0",34542.947586770213093,"1",6627.26653911521,-706155.911905417,-1226780.17116669,-701250.276525464,-1222324.23094049
"74","74","189795",29.1,-103.117,"32729","468517","0",32.700000000000003,02_3765329,"2",02_48,Texas,S118,,State,Paved,"2","88","5",0.000000000000000,"2",37521.626997980165470,"1",13747.3760013299,-666959.320120746,-1247359.27972171,-657412.66415274,-1237467.27756085
"75","75","189794",29.139,-103.198,"32729","468517","0",32.700000000000003,02_3765329,"2",02_48,Texas,S118,,State,Paved,"2","88","5",0.000000000000000,"2",37521.626997980165470,"1",15642.5299271279,-674195.296347088,-1242312.84516149,-663760.186981474,-1230659.6380901
"76","76","232413",29.409,-103.303,"32727","468511","0",30.090000000000000,02_3763743,"2",02_48,Texas,S118,,State,Paved,"2","88","5",0.000000000000000,"0",34542.947586770213093,"1",5865.04330005601,-681619.170471714,-1210577.89004477,-680848.171810538,-1216392.03606771
"77","77","189796",29.1,-103.117,"32729","468517","0",32.700000000000003,02_3765329,"2",02_48,Texas,S118,,State,Paved,"2","88","5",0.000000000000000,"2",37521.626997980165470,"1",13747.3760013299,-666959.320120746,-1247359.27972171,-657412.66415274,-1237467.27756085
"78","78","47194",49.578,-114.242,"63528","29374","0",6.590000000000000,01_29374,"1",01_48,Alberta,"3",Highway 3,Provincial,Paved,"3","80","2",1.000000000000000,"0",10157.389676300781503,"1",388.788621228225,-1241044.07784185,1250300.7608241,-1241195.36955163,1250658.90522312
"79","79","45866",41.778,-109.197,"64562","576500","0",2.980000000000000,02_9082227,"2",02_56,Wyoming,U191,,State,Paved,"2","104","3",7.000000000000000,"0",3986.716404528872317,"1",8414.85878927231,-1028217.88817722,281590.211681223,-1035408.98142778,277220.08281527
"80","80","61848",41.624,-108.743,"148270","635021","0",14.070000000000000,02_11014276,"2",02_56,Wyoming,I80,,State,Paved,"4","104","1",1.000000000000000,"0",18818.842741010816098,"1",4421.25413473321,-995500.564510886,258722.27759558,-992312.597557828,261785.66703052
"81","81","45863",41.687,-108.764,"148270","635021","0",14.070000000000000,02_11014276,"2",02_56,Wyoming,I80,,State,Paved,"4","104","1",1.000000000000000,"0",18818.842741010816098,"1",1330.49601730925,-996132.210158423,266317.598462651,-996455.979216059,265027.097300546
"82","82","45861",41.643,-109.225,"160405","576364","0",12.380000000000001,02_9078362,"2",02_56,Wyoming,U191,,State,Paved,"2","56","3",7.000000000000000,"0",16599.379389608235215,"1",276.722289863809,-1032602.87587609,266101.55247201,-1032871.84915996,266166.580145109
"83","83","45869",41.628,-109.09,"148266","563408","0",16.719999999999999,02_11013097,"2",02_56,Wyoming,I80,,State,Paved,"4","120","1",1.000000000000000,"0",22357.514029052050319,"1",135.230755347234,-1022373.4421675,262883.500381717,-1022324.47294783,262757.44732655
"84","84","45867",41.598,-109.244,"160410","576451","0",0.530000000000000,02_9079265,"2",02_56,Wyoming,I80,,State,Paved,"4","120","1",1.000000000000000,"0",708.634726103063826,"1",178.557124683054,-1034816.9386431,261044.872097094,-1034665.64325855,260950.044077023
"85","85","45862",41.717,-109.205,"160405","576364","0",12.380000000000001,02_9078362,"2",02_56,Wyoming,U191,,State,Paved,"2","56","3",7.000000000000000,"0",16599.379389608235215,"1",3963.59767814044,-1029837.69094665,274540.688369783,-1033461.51545306,272935.072444068
"86","86","45860",41.867,-109.139,"148482","563373","0",43.909999999999997,02_9075188,"2",02_56,Wyoming,U191,,State,Paved,"2","104","3",7.000000000000000,"0",59121.587578235426918,"1",15938.3848313097,-1022275.36204507,291375.973002102,-1038188.36869187,292275.045018006
"87","87","45868",41.687,-109.205,"160405","576364","0",12.380000000000001,02_9078362,"2",02_56,Wyoming,U191,,State,Paved,"2","56","3",7.000000000000000,"0",16599.379389608235215,"1",2233.98605586475,-1030329.74352824,271031.118104666,-1032537.51786151,270689.905280864
"88","88","45865",41.711,-108.802,"148269","635018","0",12.890000000000001,02_11013596,"2",02_56,Wyoming,I80,,State,Paved,"4","120","1",1.000000000000000,"0",17244.473386638364900,"1",2913.31049272693,-998698.093480166,269526.787265314,-1000160.75034586,267007.260936761
"89","89","68253",32.226,-111.104,"20016","449450","0",2.310000000000000,02_3265109,"2",02_04,Arizona,S86,,State,Paved,"2","104","4",0.000000000000000,"0",2727.238041417243949,"1",6964.55807327076,-1353458.31341388,-802972.45129625,-1352195.90676161,-809821.640927167
"90","90","167382",37.259,-107.463,"178908","606671","0",24.800000000000001,02_10330181,"2",02_08,Colorado,U160,,State,Paved,"2","104","3",7.000000000000000,"0",31154.809608404611936,"1",1085.8763257372,-958078.446206523,-264761.79043779,-957131.483492075,-264230.38756591
"91","91","49553",39.7,-105.141,"220662","635922","0",0.340000000000000,02_11139207,"2",02_08,Colorado,,,Municipal,Paved,"4","72","3",10.000000000000000,"0",441.247182345813542,"1",89.3997600371693,-737016.91966062,178.477258718035,-737087.523989093,233.316532014322
"92","92","49537",39.746,-105.224,"220675","635933","0",1.590000000000000,02_11139859,"2",02_08,Colorado,U6,,State,Paved,"4","88","2",7.000000000000000,"0",2064.806227134207802,"1",11.0531972578295,-743160.99086991,6225.59621637632,-743171.004578365,6220.91659966043
"93","93","143525",39.755,-105.222,"220677","635944","0",0.180000000000000,02_11139974,"2",02_08,Colorado,S58,,State,Paved,"4","88","2",10.000000000000000,"0",229.967231418738038,"1",672.858745180822,-742897.276866168,7266.26310694795,-743264.619119351,7829.99935732786
"94","94","49525",39.921,-104.865,"178146","638588","0",1.250000000000000,02_11292365,"2",02_08,Colorado,S128,120TH AV,State,Paved,"2","64","3",7.000000000000000,"0",1625.445755764061914,"1",811.626319932136,-712395.81778157,24015.1960054599,-712342.148584682,23205.3460807751
"95","95","49526",39.985,-104.82,"177289","660771","0",0.290000000000000,02_11894166,"2",02_08,Colorado,S7,,State,Paved,"4","48","3",10.000000000000000,"0",373.607159627110264,"1",216.037416449624,-708088.708151449,31194.3861934022,-708070.131155655,31409.6234126127
"96","96","194178",47.778,-106.681,"249513","666713","0",4.050000000000000,02_12617710,"2",02_30,Montana,S24,,State,Paved,"2","112","4",0.000000000000000,"0",6051.074360742622048,"1",29559.256903662,-753431.285029816,961144.390781333,-737530.99675701,986062.867892471
"97","97","62723",46.286,-109.318,"176478","592942","0",4.870000000000000,02_10002775,"2",02_30,Montana,U12,,State,Paved,"2","112","3",3.000000000000000,"0",7032.485602807930263,"1",1516.30626872089,-962990.264662156,810372.551132515,-962474.442259779,811798.423479455
"98","98","167431",45.951,-110.829,"173111","589294","0",1.900000000000000,02_9867087,"2",02_30,Montana,S86,,State,Paved,"2","112","4",0.000000000000000,"0",2739.884793056214676,"1",1767.50565016261,-1077563.408928,787507.329686325,-1079175.68623884,788231.6487433
"99","99","167430",45.662,-110.745,"173099","589250","0",1.610000000000000,02_9866040,"2",02_30,Montana,I90,,State,Paved,"4","120","1",1.000000000000000,"0",2297.597661714331025,"1",56.0481024870697,-1076797.23460145,752830.089055327,-1076788.98533526,752774.651347944
"100","100","167433",45.951,-110.829,"173111","589294","0",1.900000000000000,02_9867087,"2",02_30,Montana,S86,,State,Paved,"2","112","4",0.000000000000000,"0",2739.884793056214676,"1",1767.50565016261,-1077563.408928,787507.329686325,-1079175.68623884,788231.6487433
"101","101","167437",46.096,-110.798,"161062","576502","0",11.500000000000000,02_9982175,"2",02_30,Montana,U89,,State,Paved,"2","112","4",0.000000000000000,"0",16618.327638332484639,"1",5146.22401985597,-1072666.75448522,804072.110726834,-1067522.51471316,804215.005198548
"102","102","167436",46.096,-110.798,"161062","576502","0",11.500000000000000,02_9982175,"2",02_30,Montana,U89,,State,Paved,"2","112","4",0.000000000000000,"0",16618.327638332484639,"1",5146.22401985597,-1072666.75448522,804072.110726834,-1067522.51471316,804215.005198548
"103","103","52087",29.396,-103.204,"32533","450964","0",44.280000000000001,02_3794254,"2",02_48,Texas,U385,,State,Paved,"2","88","5",0.000000000000000,"0",51042.389709317481902,"1",4260.49118602472,-672510.647652522,-1212777.43247998,-670120.981289266,-1216304.65232265
"104","104","230205",29.337,-103.443,"32727","468511","0",30.090000000000000,02_3763743,"2",02_48,Texas,S118,,State,Paved,"2","88","5",0.000000000000000,"0",34542.947586770213093,"1",1614.35867682991,-695309.506889918,-1217825.5268573,-694677.364069867,-1219310.97271377
"105","105","164703",29.337,-103.443,"32727","468511","0",30.090000000000000,02_3763743,"2",02_48,Texas,S118,,State,Paved,"2","88","5",0.000000000000000,"0",34542.947586770213093,"1",1614.35867682991,-695309.506889918,-1217825.5268573,-694677.364069867,-1219310.97271377
"106","106","223937",39.27,-111.198,"157462","573058","0",23.710000000000001,02_8842852,"2",02_49,Utah,S29,,State,Paved,"2","56","5",0.000000000000000,"0",30638.428058779125422,"1",328.068586294099,-1230121.13360219,12741.0321919445,-1230087.05450874,13067.3259441106
"107","107","52856",39.694,-110.92,"160249","575935","0",3.890000000000000,02_8979223,"2",02_49,Utah,U6,,State,Paved,"4","88","3",3.000000000000000,"0",5065.921462826911011,"1",4250.0290248488,-1199973.06171272,58534.7650000244,-1195723.03821186,58541.6173160432
"108","108","223936",39.374,-111.124,"157462","573058","0",23.710000000000001,02_8842852,"2",02_49,Utah,S29,,State,Paved,"2","56","5",0.000000000000000,"0",30638.428058779125422,"1",12073.8847148492,-1222235.2324417,23885.8360354951,-1227007.98453464,12795.3207378724
"109","109","201600",34.246,-79.717,"531355","927412","0",2.880000000000000,02_34940876,"2",02_45,South Carolina,S327,,State,Paved,"2","56","4",0.000000000000000,"0",3495.722531990653806,"1",1828.32304877354,1417892.3973821,-553681.351029822,1419567.05016578,-552947.659524622
"110","110","52892",65.898,-135.077,"3","34289","0",185.289999999999992,01_34289,"1",01_60,Yukon,"5",Dempster Highway,Territorial,Unpaved,"2","80","2",3.000000000000000,"0",462085.963400991517119,"1",89974.1813986453,-1864470.37107794,3355897.129395,-1919305.32760092,3427230.71798746
"111","111","222125",65.898,-135.077,"3","34289","0",185.289999999999992,01_34289,"1",01_60,Yukon,"5",Dempster Highway,Territorial,Unpaved,"2","80","2",3.000000000000000,"0",462085.963400991517119,"1",89974.1813986453,-1864470.37107794,3355897.129395,-1919305.32760092,3427230.71798746
"112","112","105538",63.608,-148.834,"3010","439607","0",16.710000000000001,02_1857250,"2",02_02,Alaska,IA4,GEORGE PARKS HWY,State,Paved,"2","104","1",1.000000000000000,"0",37503.712873012358614,"1",1887.11278189942,-2589129.00450175,3465521.9829098,-2588314.74737944,3463819.5787303
"113","113","93873",63.333,-150.833,"1104","437761","0",7.490000000000000,02_1654040,"2",02_02,Alaska,,PARK RD,Municipal,Paved,"2","88","5",0.000000000000000,"0",16769.584108634524455,"1",18369.7452055491,-2692280.38828838,3496330.38414868,-2685122.44125128,3513248.16571515
"114","114","71436",39.728,-110.867,"157601","575925","0",12.529999999999999,02_8976807,"2",02_49,Utah,U6,,State,Paved,"2","80","3",3.000000000000000,"0",16319.174008025440344,"1",40.1202639961422,-1195119.28009686,61825.2722199454,-1195159.33033276,61827.641647604
"115","115","188547",39.802,-110.61,"160282","575980","0",13.900000000000000,02_8980363,"2",02_49,Utah,U191,,State,Paved,"2","64","4",0.000000000000000,"0",18101.363440979530424,"1",13632.9367864147,-1173285.36882673,67236.535679405,-1186618.89623713,70078.0163178092
"116","116","71435",39.699,-110.929,"160249","575935","0",3.890000000000000,02_8979223,"2",02_49,Utah,U6,,State,Paved,"4","88","3",3.000000000000000,"0",5065.921462826911011,"1",4874.30786032339,-1200598.44516562,59231.0352558695,-1195724.34634744,59185.8929490882
"117","117","86842",39.727,-110.864,"160282","575980","0",13.900000000000000,02_8980363,"2",02_49,Utah,U191,,State,Paved,"2","64","4",0.000000000000000,"0",18101.363440979530424,"1",64.3700180451728,-1194898.51227521,61670.9758607615,-1194838.9120003,61695.2926544186
"118","118","48548",39.728,-110.867,"157601","575925","0",12.529999999999999,02_8976807,"2",02_49,Utah,U6,,State,Paved,"2","80","3",3.000000000000000,"0",16319.174008025440344,"1",40.1202639961422,-1195119.28009686,61825.2722199454,-1195159.33033276,61827.641647604
"119","119","53053",49.563,-124.798,"65314","233118","0",17.789999999999999,01_233118,"1",01_59,British Columbia,19A,Highway 19A,Provincial,Paved,"4","60","1",0.000000000000000,"0",27386.255789414419269,"1",5072.23904285492,-1941682.76441632,1425973.83721179,-1946735.68461823,1425531.56315534
"120","120","211847",34.258,-88.687,"432437","827950","0",0.980000000000000,02_24646529,"2",02_28,Mississippi,S178,,State,Paved,"2","56","3",10.000000000000000,"0",1184.455936092805587,"1",63.5596829676522,639201.551142734,-649684.724489664,639206.025368198,-649748.126497561
"121","121","167423",45.637,-110.701,"173104","589279","0",5.070000000000000,02_9866138,"2",02_30,Montana,I90,,State,Paved,"4","120","1",1.000000000000000,"0",7246.176605259839562,"1",2948.85222633823,-1074066.00319076,749413.130560833,-1073566.18302943,752319.315217579
"122","122","46211",38.861,-104.655,"243166","659926","0",10.000000000000000,02_11843713,"2",02_08,Colorado,U24,,State,Paved,"4","104","3",4.000000000000000,"0",12863.296503110103004,"1",743.885685531781,-706959.571810656,-101974.343075008,-707466.050590161,-101429.508091687
"123","123","49539",39.837,-105.037,"222011","636953","0",0.630000000000000,02_11172237,"2",02_08,Colorado,U36,DENVER BOULDER TPKE,State,Paved,"4","104","2",7.000000000000000,"0",820.214697557131558,"1",310.802125851994,-727119.36104452,15457.7671445052,-726914.960266084,15691.9001904618
"124","124","49533",38.672,-104.698,"243088","659223","0",1.640000000000000,02_11811744,"2",02_08,Colorado,C415,,Municipal,Paved,"2","56","4",0.000000000000000,"0",2105.420679612576350,"1",161.279397910917,-712501.706900176,-123820.284655809,-712344.529575595,-123784.141429226
"125","125","49550",39.934,-105.044,"222898","638395","0",1.250000000000000,02_11283944,"2",02_08,Colorado,,,Municipal,Paved,"4","56","3",10.000000000000000,"0",1632.549381726862066,"1",719.866868768843,-726591.048010706,26900.2961421954,-727307.949861935,26965.5651582403
"126","126","176743",39.7,-105.2,"220951","635864","0",0.570000000000000,02_11136733,"2",02_08,Colorado,I70,,State,Paved,"6","88","1",1.000000000000000,"0",745.782153948057271,"1",262.349157307872,-741759.052673748,638.65107643079,-741967.769443401,797.598836420535
"127","127","73927",39.985,-104.82,"177289","660771","0",0.290000000000000,02_11894166,"2",02_08,Colorado,S7,,State,Paved,"4","48","3",10.000000000000000,"0",373.607159627110264,"1",216.037416449624,-708088.708151449,31194.3861934022,-708070.131155655,31409.6234126127
"128","128","49531",38.846,-104.351,"242319","659451","0",11.119999999999999,02_11866085,"2",02_08,Colorado,S94,,State,Paved,"2","96","4",0.000000000000000,"0",14262.206795495751066,"1",870.360713030985,-682349.071522008,-105961.818300981,-682415.463305894,-106829.643111539
"129","129","176869",39.5,-104.7,"177469","660066","0",3.570000000000000,02_11851629,"2",02_08,Colorado,S83,,State,Paved,"6","88","3",10.000000000000000,"0",4631.995993349292803,"1",4949.13713240852,-703723.706860026,-26650.126561542,-708668.116871555,-26866.3856498336
"130","130","49523",39.751,-105.204,"221002","635934","0",2.120000000000000,02_11140084,"2",02_08,Colorado,U6,,State,Paved,"4","88","2",7.000000000000000,"0",2759.690544164803669,"1",1702.30029951367,-741497.540313096,6655.84579797949,-743046.365804676,5949.47060988511
"131","131","210046",38.914,-104.531,"177480","660015","0",3.210000000000000,02_11846496,"2",02_08,Colorado,C439,,Municipal,Paved,"2","88","4",0.000000000000000,"0",4133.354921289601407,"1",1813.41608819689,-696297.430001313,-96674.1797621209,-698101.1798699,-96487.1922745618
"132","132","176850",39.5,-104.7,"177469","660066","0",3.570000000000000,02_11851629,"2",02_08,Colorado,S83,,State,Paved,"6","88","3",10.000000000000000,"0",4631.995993349292803,"1",4949.13713240852,-703723.706860026,-26650.126561542,-708668.116871555,-26866.3856498336
"133","133","210047",38.914,-104.531,"177480","660015","0",3.210000000000000,02_11846496,"2",02_08,Colorado,C439,,Municipal,Paved,"2","88","4",0.000000000000000,"0",4133.354921289601407,"1",1813.41608819689,-696297.430001313,-96674.1797621209,-698101.1798699,-96487.1922745618
"134","134","49000",39.676,-105.099,"220866","636339","0",1.280000000000000,02_11154332,"2",02_08,Colorado,S8,,State,Paved,"2","72","4",10.000000000000000,"0",1657.617957849503682,"1",458.036703074442,-733912.212234478,-2964.37651924907,-733792.662105947,-3406.53643164651
"135","135","49547",39.868,-105.11,"222952","638282","0",0.320000000000000,02_11277429,"2",02_08,Colorado,S121,WADSWORTH BLVD,State,Paved,"4","64","3",7.000000000000000,"0",420.667115376472566,"1",1554.32785498871,-732624.12488102,19659.2917156802,-731201.131843321,20284.6123497997
"136","136","49534",39.791,-105.2,"221014","635932","0",4.540000000000000,02_11140535,"2",02_08,Colorado,S93,FOOTHILLS RD,State,Paved,"2","88","3",7.000000000000000,"0",5920.683753744830028,"1",2270.57046522563,-740719.220390702,11319.6419149037,-742668.754549415,12483.6035987957
"137","137","49528",39.794,-105.019,"221991","636905","0",0.410000000000000,02_11171542,"2",02_08,Colorado,U287,FEDERAL BLVD,State,Paved,"4","80","3",7.000000000000000,"0",541.154056771371870,"1",504.096695650297,-726157.202986479,10271.4537918387,-726659.525025302,10313.7154515091
"138","138","176742",39.95,-105.233,"219216","638084","0",2.940000000000000,02_11265557,"2",02_08,Colorado,S93,,State,Paved,"3","88","3",7.000000000000000,"0",3843.411186799754887,"1",79.3713983688306,-741544.156303429,30242.3098363823,-741614.872432393,30278.3521446229
"139","139","49535",39.868,-105.11,"222952","638282","0",0.320000000000000,02_11277429,"2",02_08,Colorado,S121,WADSWORTH BLVD,State,Paved,"4","64","3",7.000000000000000,"0",420.667115376472566,"1",1554.32785498871,-732624.12488102,19659.2917156802,-731201.131843321,20284.6123497997
"140","140","49551",39.909,-105.148,"219230","638078","0",1.580000000000000,02_11266385,"2",02_08,Colorado,S128,,State,Paved,"2","80","3",0.000000000000000,"0",2055.817294462783593,"1",550.230723054724,-735204.674011134,24766.9121108396,-735329.569359933,25302.780565259
"141","141","176741",39.9,-105.1,"222956","638267","0",2.320000000000000,02_11277557,"2",02_08,Colorado,S121,WADSWORTH BLVD,State,Paved,"5","64","3",7.000000000000000,"0",3033.833034301914722,"1",316.398307451422,-731460.651218027,23338.9686633412,-731145.197298563,23314.5409403014
"142","142","49554",39.615,-104.044,"242435","660467","0",0.960000000000000,02_11870972,"2",02_08,Colorado,I70,,State,Paved,"4","104","1",1.000000000000000,"0",1246.262257805067520,"1",236.969411647388,-649644.816125823,-17826.6887332784,-649421.835144772,-17746.4766135835
"143","143","176851",39.5,-104.7,"177469","660066","0",3.570000000000000,02_11851629,"2",02_08,Colorado,S83,,State,Paved,"6","88","3",10.000000000000000,"0",4631.995993349292803,"1",4949.13713240852,-703723.706860026,-26650.126561542,-708668.116871555,-26866.3856498336
"144","144","210049",38.914,-104.531,"177480","660015","0",3.210000000000000,02_11846496,"2",02_08,Colorado,C439,,Municipal,Paved,"2","88","4",0.000000000000000,"0",4133.354921289601407,"1",1813.41608819689,-696297.430001313,-96674.1797621209,-698101.1798699,-96487.1922745618
"145","145","49549",39.601,-105.032,"220897","635795","0",3.820000000000000,02_11155473,"2",02_08,Colorado,U85,SANTA FE DR,State,Paved,"4","88","2",7.000000000000000,"0",4966.307547406627236,"1",934.723185045524,-729365.81121297,-12284.612423723,-728451.182480219,-12477.3861612702
"146","146","49527",39.811,-105.011,"219409","636977","0",0.340000000000000,02_11172660,"2",02_08,Colorado,I76,,State,Paved,"4","88","1",1.000000000000000,"0",445.908024840909889,"1",374.515823817427,-725324.743562336,12206.0624172543,-725204.730203172,11851.2964438128
"147","147","49556",39.895,-104.892,"178118","638535","0",2.350000000000000,02_11291348,"2",02_08,Colorado,S44,104TH AV,State,Paved,"2","56","3",7.000000000000000,"0",3062.095560779683638,"1",1148.06313547085,-714846.424270304,21165.1918150254,-714953.399841479,20022.1234923959
"148","148","49555",39.858,-104.963,"222988","638489","0",0.710000000000000,02_11288800,"2",02_08,Colorado,,88TH AV,Municipal,Paved,"4","64","3",10.000000000000000,"0",918.274957483184608,"1",222.510234522919,-720949.302606697,17358.2117784645,-720972.728787977,17136.9381503519
"149","149","49548",39.739,-104.984,"221556","637425","0",0.220000000000000,02_11185274,"2",02_08,Colorado,U40,COLFAX AV,State,Paved,"6","72","3",7.000000000000000,"0",284.218542651984535,"1",123.726995340386,-723961.439316581,3546.76010915375,-723947.897404618,3669.74379098321
"150","150","49538",39.613,-105.016,"221225","636367","0",0.910000000000000,02_11155812,"2",02_08,Colorado,U85,SANTA FE DR,State,Paved,"4","88","2",7.000000000000000,"0",1178.761326225661605,"1",392.221042835593,-727943.291078982,-10999.083627448,-728316.849061175,-10879.5353929031
"151","151","49542",39.305,-105.3,"220496","635541","0",14.300000000000001,02_11126885,"2",02_08,Colorado,S67,STONEY PASS RD,State,Paved,"2","88","4",0.000000000000000,"0",18518.444741596296808,"1",2162.80283803639,-754357.073138987,-44919.2259041225,-752358.280205335,-45745.3874649561
"152","152","49541",39.894,-104.995,"223005","638491","0",1.220000000000000,02_11289334,"2",02_08,Colorado,I25,,State,Paved,"6","104","1",1.000000000000000,"0",1589.435328170135563,"1",598.541529708383,-723113.261830585,21828.9489366381,-722517.2819808,21773.6318376935
"153","153","49543",39.705,-105.086,"220889","636360","0",1.600000000000000,02_11155178,"2",02_08,Colorado,S121,WADSWORTH BLVD,State,Paved,"4","64","3",7.000000000000000,"0",2080.620058813922697,"1",363.532368284916,-732539.604941004,339.066989177425,-732178.44759078,297.580230211091
"154","154","210048",38.914,-104.531,"177480","660015","0",3.210000000000000,02_11846496,"2",02_08,Colorado,C439,,Municipal,Paved,"2","88","4",0.000000000000000,"0",4133.354921289601407,"1",1813.41608819689,-696297.430001313,-96674.1797621209,-698101.1798699,-96487.1922745618
"155","155","49544",39.649,-105.135,"220701","635898","0",0.280000000000000,02_11138398,"2",02_08,Colorado,U285,HAMPDEN AV,State,Paved,"4","104","2",7.000000000000000,"0",358.754203293680575,"1",628.185703750077,-737113.264544511,-5854.11778736587,-736713.641157386,-6338.80162953368
"156","156","191369",39.681,-105.003,"221441","636437","0",0.860000000000000,02_11158443,"2",02_08,Colorado,,EVANS AV,Municipal,Paved,"4","56","3",10.000000000000000,"0",1116.545286916803661,"1",290.337875568969,-726136.499080734,-3116.73972342016,-726167.721309559,-3405.39393596014
"157","157","210050",38.914,-104.531,"177480","660015","0",3.210000000000000,02_11846496,"2",02_08,Colorado,C439,,Municipal,Paved,"2","88","4",0.000000000000000,"0",4133.354921289601407,"1",1813.41608819689,-696297.430001313,-96674.1797621209,-698101.1798699,-96487.1922745618
"158","158","46139",39.731,-105.042,"219578","636622","0",1.250000000000000,02_11163407,"2",02_08,Colorado,U6,6TH AV,State,Paved,"6","104","2",7.000000000000000,"0",1622.203873420796981,"1",630.35098175101,-728710.988872114,3051.9933559845,-728774.980799862,2424.89895050993
"159","159","155027",49.222,-110.642,"176657","29271","0",32.530000000000001,01_29271,"1",01_48,Alberta,"501",Highway 501,Provincial,Paved,"2","60","2",0.000000000000000,"0",49750.205365787616756,"1",4614.80268470295,-1004759.66461168,1166426.3595385,-1004035.4196616,1170983.97657716
"160","160","59138",50.794,-111.58,"63257","29526","0",18.120000000000001,01_29526,"1",01_48,Alberta,"36",Highway 36,Provincial,Paved,"2","80","2",0.000000000000000,"0",28694.157322619819752,"1",23696.4291209063,-1038373.09406408,1358727.65248885,-1061829.53694467,1362091.58478181
"161","161","22695",50.755,-111.399,"63256","29534","0",8.410000000000000,01_29534,"1",01_48,Alberta,"1",Highway 1,Provincial,Paved,"4","100","1",1.000000000000000,"0",13197.923511066590436,"1",35683.0112256119,-1027155.75146744,1352247.22200765,-1050019.52379328,1324851.50692008
"162","162","67893",50.773,-111.458,"63257","29526","0",18.120000000000001,01_29526,"1",01_48,Alberta,"36",Highway 36,Provincial,Paved,"2","80","2",0.000000000000000,"0",28694.157322619819752,"1",31914.9645403782,-1030713.96153634,1354968.75562916,-1061848.23405756,1361984.59743096
"163","163","14463",49.957,-110.266,"62909","29491","0",24.829999999999998,01_29491,"1",01_48,Alberta,"1",Highway 1,Provincial,Paved,"4","100","1",1.000000000000000,"0",38519.276643709454220,"1",337.205554996613,-966208.03951039,1247878.76807622,-966319.218112489,1247560.41778997
"164","164","67883",51.467,-110.388,"63220","29846","0",26.270000000000000,01_29846,"1",01_48,Alberta,"41",Highway 41,Provincial,Paved,"2","80","2",0.000000000000000,"0",42225.209812089698971,"1",5679.78803789579,-947655.56585977,1424033.987267,-953269.677783328,1424895.23024386
"165","165","59136",50.794,-111.579,"63257","29526","0",18.120000000000001,01_29526,"1",01_48,Alberta,"36",Highway 36,Provincial,Paved,"2","80","2",0.000000000000000,"0",28694.157322619819752,"1",23763.3619106404,-1038307.04732576,1358716.69938756,-1061829.53694467,1362091.58478181
"166","166","22696",50.781,-111.326,"63257","29526","0",18.120000000000001,01_29526,"1",01_48,Alberta,"36",Highway 36,Provincial,Paved,"2","80","2",0.000000000000000,"0",28694.157322619819752,"1",40709.4317077772,-1021838.69458848,1354464.72746566,-1061837.3718607,1362038.60668591
"167","167","59137",50.742,-111.512,"63257","29526","0",18.120000000000001,01_29526,"1",01_48,Alberta,"36",Highway 36,Provincial,Paved,"2","80","2",0.000000000000000,"0",28694.157322619819752,"1",28764.2406387921,-1034874.15907637,1351973.14282717,-1061876.16570539,1361886.4257109
"168","168","167986",50.741,-111.463,"63257","29526","0",18.120000000000001,01_29526,"1",01_48,Alberta,"36",Highway 36,Provincial,Paved,"2","80","2",0.000000000000000,"0",28694.157322619819752,"1",32015.6187995894,-1031653.27058387,1351323.44991835,-1061876.16570539,1361886.4257109
"169","169","59142",50.768,-111.456,"63257","29526","0",18.120000000000001,01_29526,"1",01_48,Alberta,"36",Highway 36,Provincial,Paved,"2","80","2",0.000000000000000,"0",28694.157322619819752,"1",32088.1815465664,-1030676.87982035,1354368.95103794,-1061848.23405756,1361984.59743096
"170","170","22654",50.729,-111.526,"63257","29526","0",18.120000000000001,01_29526,"1",01_48,Alberta,"36",Highway 36,Provincial,Paved,"2","80","2",0.000000000000000,"0",28694.157322619819752,"1",28160.747098649,-1036048.16896642,1350623.12667653,-1062213.06202874,1361035.90959906
"171","171","58907",50.811,-111.591,"63257","29526","0",18.120000000000001,01_29526,"1",01_48,Alberta,"36",Highway 36,Provincial,Paved,"2","80","2",0.000000000000000,"0",28694.157322619819752,"1",23026.1132102416,-1038773.52020621,1360812.95656496,-1060478.4278001,1368500.53589211
"172","172","22656",50.734,-111.514,"63257","29526","0",18.120000000000001,01_29526,"1",01_48,Alberta,"36",Highway 36,Provincial,Paved,"2","80","2",0.000000000000000,"0",28694.157322619819752,"1",28821.5149595546,-1035159.11977245,1351070.09272779,-1061937.94968662,1361727.20270152
"173","173","59140",50.794,-111.581,"63257","29526","0",18.120000000000001,01_29526,"1",01_48,Alberta,"36",Highway 36,Provincial,Paved,"2","80","2",0.000000000000000,"0",28694.157322619819752,"1",23629.4964374097,-1038439.14068685,1358738.60628685,-1061829.53694467,1362091.58478181
"174","174","22697",50.809,-111.632,"63257","29526","0",18.120000000000001,01_29526,"1",01_48,Alberta,"36",Highway 36,Provincial,Paved,"2","80","2",0.000000000000000,"0",28694.157322619819752,"1",20336.2356572403,-1041518.8965677,1361031.67798584,-1061824.86966565,1362140.70334706
"175","175","58909",50.811,-111.585,"63257","29526","0",18.120000000000001,01_29526,"1",01_48,Alberta,"36",Highway 36,Provincial,Paved,"2","80","2",0.000000000000000,"0",28694.157322619819752,"1",23421.3665642901,-1038377.37002564,1360747.22305986,-1060447.93979898,1368586.25116408
"176","176","52475",50.6,-111.62,"63256","29534","0",8.410000000000000,01_29534,"1",01_48,Alberta,"1",Highway 1,Provincial,Paved,"4","100","1",1.000000000000000,"0",13197.923511066590436,"1",12520.0460202854,-1044743.93321055,1336739.61390734,-1052528.17402814,1326933.63882866
"177","177","58947",50.793,-111.597,"63257","29526","0",18.120000000000001,01_29526,"1",01_48,Alberta,"36",Highway 36,Provincial,Paved,"2","80","2",0.000000000000000,"0",28694.157322619819752,"1",22556.1753929734,-1039515.05991097,1358798.385263,-1061829.53694467,1362091.58478181
"178","178","58903",50.749,-111.49,"63257","29526","0",18.120000000000001,01_29526,"1",01_48,Alberta,"36",Highway 36,Provincial,Paved,"2","80","2",0.000000000000000,"0",28694.157322619819752,"1",30078.2542002591,-1033286.10986565,1352542.43925885,-1061876.16570539,1361886.4257109
"179","179","47793",50.75,-111.463,"63257","29526","0",18.120000000000001,01_29526,"1",01_48,Alberta,"36",Highway 36,Provincial,Paved,"2","80","2",0.000000000000000,"0",28694.157322619819752,"1",31850.9102823641,-1031482.01812358,1352364.01642593,-1061876.16570539,1361886.4257109
"180","180","59139",50.746,-111.483,"63257","29526","0",18.120000000000001,01_29526,"1",01_48,Alberta,"36",Highway 36,Provincial,Paved,"2","80","2",0.000000000000000,"0",28694.157322619819752,"1",30596.5060585195,-1032880.48058787,1352119.31623293,-1061876.16570539,1361886.4257109
"181","181","22659",50.751,-111.485,"63257","29526","0",18.120000000000001,01_29526,"1",01_48,Alberta,"36",Highway 36,Provincial,Paved,"2","80","2",0.000000000000000,"0",28694.157322619819752,"1",30375.0937509633,-1032917.43949276,1352719.17440413,-1061876.16570539,1361886.4257109
"182","182","46332",50.749,-111.472,"63257","29526","0",18.120000000000001,01_29526,"1",01_48,Alberta,"36",Highway 36,Provincial,Paved,"2","80","2",0.000000000000000,"0",28694.157322619819752,"1",31270.8592470315,-1032096.07657318,1352346.35604001,-1061876.16570539,1361886.4257109
"183","183","165179",50.755,-111.491,"63257","29526","0",18.120000000000001,01_29526,"1",01_48,Alberta,"36",Highway 36,Provincial,Paved,"2","80","2",0.000000000000000,"0",28694.157322619819752,"1",29912.8383944347,-1033237.85053166,1353247.00454799,-1061859.1878495,1361941.65525692
"184","184","46319",50.806,-111.624,"63257","29526","0",18.120000000000001,01_29526,"1",01_48,Alberta,"36",Highway 36,Provincial,Paved,"2","80","2",0.000000000000000,"0",28694.157322619819752,"1",20833.7543914007,-1041048.3773542,1360597.10713259,-1061824.86966565,1362140.70334706
"185","185","65904",50.763,-111.435,"63257","29526","0",18.120000000000001,01_29526,"1",01_48,Alberta,"36",Highway 36,Provincial,Paved,"2","80","2",0.000000000000000,"0",28694.157322619819752,"1",33538.8282081193,-1029383.873104,1353562.69769918,-1061859.1878495,1361941.65525692
"186","186","65908",50.827,-111.596,"63258","29525","0",12.859999999999999,01_29525,"1",01_48,Alberta,"36",Highway 36,Provincial,Paved,"2","80","2",0.000000000000000,"0",20426.334411487259786,"1",22285.1482605223,-1038796.65923552,1362716.85369906,-1057680.99089193,1374549.42953377
"187","187","155258",49.04,-110.369,"176669","29258","0",7.940000000000000,01_29258,"1",01_48,Alberta,"41",Highway 41,Provincial,Paved,"2","80","2",0.000000000000000,"1",12114.935843517059766,"1",8120.74934007525,-989403.093808636,1142399.57042918,-981372.031188761,1141195.99116715
"188","188","36264",50.819,-111.574,"63257","29526","0",18.120000000000001,01_29526,"1",01_48,Alberta,"36",Highway 36,Provincial,Paved,"2","80","2",0.000000000000000,"0",28694.157322619819752,"1",23981.1069310399,-1037497.80532002,1361551.37243083,-1060095.74364666,1369577.99519656
"189","189","59131",50.793,-111.592,"63257","29526","0",18.120000000000001,01_29526,"1",01_48,Alberta,"36",Highway 36,Provincial,Paved,"2","80","2",0.000000000000000,"0",28694.157322619819752,"1",22890.8722798484,-1039184.82879318,1358743.56649243,-1061829.53694467,1362091.58478181
"190","190","58962",50.821,-111.602,"63257","29526","0",18.120000000000001,01_29526,"1",01_48,Alberta,"36",Highway 36,Provincial,Paved,"2","80","2",0.000000000000000,"0",28694.157322619819752,"1",22095.4448794681,-1039307.84567918,1362089.21792518,-1060128.8820943,1369484.6981004
"191","191","59135",50.744,-111.55,"63257","29526","0",18.120000000000001,01_29526,"1",01_48,Alberta,"36",Highway 36,Provincial,Paved,"2","80","2",0.000000000000000,"0",28694.157322619819752,"1",26219.7204375858,-1037348.28871125,1352619.67844983,-1061897.94218553,1361827.73221371
"192","192","59141",50.735,-111.501,"63257","29526","0",18.120000000000001,01_29526,"1",01_48,Alberta,"36",Highway 36,Provincial,Paved,"2","80","2",0.000000000000000,"0",28694.157322619819752,"1",29648.3183784483,-1034280.37813582,1351043.81183983,-1061897.94218553,1361827.73221371
"193","193","65906",50.763,-111.425,"63257","29526","0",18.120000000000001,01_29526,"1",01_48,Alberta,"36",Highway 36,Provincial,Paved,"2","80","2",0.000000000000000,"0",28694.157322619819752,"1",34206.0566841636,-1028722.85573881,1353454.14630964,-1061859.1878495,1361941.65525692
"194","194","34745",50.809,-111.327,"63258","29525","0",12.859999999999999,01_29525,"1",01_48,Alberta,"36",Highway 36,Provincial,Paved,"2","80","2",0.000000000000000,"0",20426.334411487259786,"1",39946.8813050702,-1021376.71605174,1357713.1540053,-1057341.2952288,1375099.9987627
"195","195","59132",50.743,-111.503,"63257","29526","0",18.120000000000001,01_29526,"1",01_48,Alberta,"36",Highway 36,Provincial,Paved,"2","80","2",0.000000000000000,"0",28694.157322619819752,"1",29335.6507157179,-1034260.01604126,1351990.53360139,-1061876.16570539,1361886.4257109
"196","196","47811",50.75,-111.507,"63257","29526","0",18.120000000000001,01_29526,"1",01_48,Alberta,"36",Highway 36,Provincial,Paved,"2","80","2",0.000000000000000,"0",28694.157322619819752,"1",28934.6597944269,-1034390.91448454,1352843.4448558,-1061876.16570539,1361886.4257109
"197","197","22657",50.727,-111.525,"63257","29526","0",18.120000000000001,01_29526,"1",01_48,Alberta,"36",Highway 36,Provincial,Paved,"2","80","2",0.000000000000000,"0",28694.157322619819752,"1",28276.2296884852,-1036020.24585447,1350380.97519914,-1062292.43683765,1360836.45923095
"198","198","179242",50.742,-111.546,"63257","29526","0",18.120000000000001,01_29526,"1",01_48,Alberta,"36",Highway 36,Provincial,Paved,"2","80","2",0.000000000000000,"0",28694.157322619819752,"1",26528.66358923,-1037122.10214314,1352344.70832758,-1061897.94218553,1361827.73221371
"199","199","48619",50.688,-111.617,"63255","29538","0",9.199999999999999,01_29538,"1",01_48,Alberta,"1",Highway 1,Provincial,Paved,"4","100","1",1.000000000000000,"0",14461.455303759805247,"1",21190.78129971,-1042853.64607315,1346880.99344468,-1059700.90294626,1334027.23337443
"200","200","45238",50.737,-111.495,"63257","29526","0",18.120000000000001,01_29526,"1",01_48,Alberta,"36",Highway 36,Provincial,Paved,"2","80","2",0.000000000000000,"0",28694.157322619819752,"1",29994.7633261543,-1033845.47452869,1351209.5927649,-1061897.94218553,1361827.73221371
"201","201","45261",50.749,-111.458,"63257","29526","0",18.120000000000001,01_29526,"1",01_48,Alberta,"36",Highway 36,Provincial,Paved,"2","80","2",0.000000000000000,"0",28694.157322619819752,"1",32199.1124429253,-1031170.46939583,1352194.00309026,-1061876.16570539,1361886.4257109
"202","202","58950",50.733,-111.509,"63257","29526","0",18.120000000000001,01_29526,"1",01_48,Alberta,"36",Highway 36,Provincial,Paved,"2","80","2",0.000000000000000,"0",28694.157322619819752,"1",29173.9222446933,-1034847.56581009,1350899.89074265,-1061953.82663004,1361687.30764848
"203","203","45730",50.782,-111.597,"63257","29526","0",18.120000000000001,01_29526,"1",01_48,Alberta,"36",Highway 36,Provincial,Paved,"2","80","2",0.000000000000000,"0",28694.157322619819752,"1",22566.7216219675,-1039726.1421125,1357527.02267137,-1061848.23405756,1361984.59743096
"204","204","65924",50.743,-111.519,"63257","29526","0",18.120000000000001,01_29526,"1",01_48,Alberta,"36",Highway 36,Provincial,Paved,"2","80","2",0.000000000000000,"0",28694.157322619819752,"1",28281.527581248,-1035317.88527562,1352165.18386932,-1061876.16570539,1361886.4257109
"205","205","59130",50.749,-111.481,"63257","29526","0",18.120000000000001,01_29526,"1",01_48,Alberta,"36",Highway 36,Provincial,Paved,"2","80","2",0.000000000000000,"0",28694.157322619819752,"1",30674.4292799734,-1032691.09787336,1352444.36940459,-1061876.16570539,1361886.4257109
"206","206","58960",50.77,-111.453,"63257","29526","0",18.120000000000001,01_29526,"1",01_48,Alberta,"36",Highway 36,Provincial,Paved,"2","80","2",0.000000000000000,"0",28694.157322619819752,"1",32271.5605870657,-1030440.57201999,1354567.56378818,-1061848.23405756,1361984.59743096
"207","207","46953",50.737,-111.492,"63257","29526","0",18.120000000000001,01_29526,"1",01_48,Alberta,"36",Highway 36,Provincial,Paved,"2","80","2",0.000000000000000,"0",28694.157322619819752,"1",30191.902637671,-1033647.09605293,1351176.87883592,-1061897.94218553,1361827.73221371
"208","208","45264",50.748,-111.502,"63257","29526","0",18.120000000000001,01_29526,"1",01_48,Alberta,"36",Highway 36,Provincial,Paved,"2","80","2",0.000000000000000,"0",28694.157322619819752,"1",29302.271936916,-1034098.52016175,1352557.67720337,-1061876.16570539,1361886.4257109
"209","209","59010",50.738,-111.502,"63257","29526","0",18.120000000000001,01_29526,"1",01_48,Alberta,"36",Highway 36,Provincial,Paved,"2","80","2",0.000000000000000,"0",28694.157322619819752,"1",29511.7496775126,-1034289.27758816,1351401.56282229,-1061897.94218553,1361827.73221371
"210","210","67874",50.758,-111.371,"63260","29490","0",45.340000000000003,01_29490,"1",01_48,Alberta,"1",Highway 1,Provincial,Paved,"4","100","1",1.000000000000000,"0",71005.866205162252299,"1",36939.2138232428,-1025247.73972299,1352291.01248803,-1048907.2876438,1323923.22600296
"211","211","67869",50.74,-111.517,"63257","29526","0",18.120000000000001,01_29526,"1",01_48,Alberta,"36",Highway 36,Provincial,Paved,"2","80","2",0.000000000000000,"0",28694.157322619819752,"1",28480.0750160386,-1035242.93557083,1351796.51617129,-1061897.94218553,1361827.73221371
"212","212","65926",50.761,-111.49,"63257","29526","0",18.120000000000001,01_29526,"1",01_48,Alberta,"36",Highway 36,Provincial,Paved,"2","80","2",0.000000000000000,"0",28694.157322619819752,"1",29895.390304525,-1033057.38393843,1353929.76079128,-1061859.1878495,1361941.65525692
"213","213","45262",50.748,-111.51,"63257","29526","0",18.120000000000001,01_29526,"1",01_48,Alberta,"36",Highway 36,Provincial,Paved,"2","80","2",0.000000000000000,"0",28694.157322619819752,"1",28773.2380002702,-1034627.4106033,1352644.96638857,-1061876.16570539,1361886.4257109
"214","214","65928",50.756,-111.489,"63257","29526","0",18.120000000000001,01_29526,"1",01_48,Alberta,"36",Highway 36,Provincial,Paved,"2","80","2",0.000000000000000,"0",28694.157322619819752,"1",30030.6052683697,-1033086.58206476,1353340.81755699,-1061859.1878495,1361941.65525692
"215","215","59009",50.734,-111.514,"63257","29526","0",18.120000000000001,01_29526,"1",01_48,Alberta,"36",Highway 36,Provincial,Paved,"2","80","2",0.000000000000000,"0",28694.157322619819752,"1",28821.5149595546,-1035159.11977245,1351070.09272779,-1061937.94968662,1361727.20270152
"216","216","59144",50.771,-111.457,"63257","29526","0",18.120000000000001,01_29526,"1",01_48,Alberta,"36",Highway 36,Provincial,Paved,"2","80","2",0.000000000000000,"0",28694.157322619819752,"1",31996.3724117667,-1030685.91390333,1354726.66038815,-1061848.23405756,1361984.59743096
"217","217","45755",50.809,-111.632,"63257","29526","0",18.120000000000001,01_29526,"1",01_48,Alberta,"36",Highway 36,Provincial,Paved,"2","80","2",0.000000000000000,"0",28694.157322619819752,"1",20336.2356572403,-1041518.8965677,1361031.67798584,-1061824.86966565,1362140.70334706
"218","218","55352",50.742,-111.507,"63257","29526","0",18.120000000000001,01_29526,"1",01_48,Alberta,"36",Highway 36,Provincial,Paved,"2","80","2",0.000000000000000,"0",28694.157322619819752,"1",29093.4540578321,-1034543.56797907,1351918.56884263,-1061876.16570539,1361886.4257109
"219","219","58904",50.745,-111.485,"63257","29526","0",18.120000000000001,01_29526,"1",01_48,Alberta,"36",Highway 36,Provincial,Paved,"2","80","2",0.000000000000000,"0",28694.157322619819752,"1",30483.3928706452,-1033031.76801965,1352025.49456557,-1061876.16570539,1361886.4257109
"220","220","65927",50.752,-111.404,"63256","29534","0",8.410000000000000,01_29534,"1",01_48,Alberta,"1",Highway 1,Provincial,Paved,"4","100","1",1.000000000000000,"0",13197.923511066590436,"1",35210.0393070717,-1027543.19228903,1351954.52282026,-1050103.90941043,1324921.9330262
"221","221","48618",50.4,-111.1,"63260","29490","0",45.340000000000003,01_29490,"1",01_48,Alberta,"1",Highway 1,Provincial,Paved,"4","100","1",1.000000000000000,"0",71005.866205162252299,"1",18589.0273237206,-1013982.93514709,1307950.42617318,-1029136.53721967,1297183.79805348
"222","222","58758",50.75,-111.469,"63257","29526","0",18.120000000000001,01_29526,"1",01_48,Alberta,"36",Highway 36,Provincial,Paved,"2","80","2",0.000000000000000,"0",28694.157322619819752,"1",31452.9010605912,-1031878.69890778,1352429.31352729,-1061876.16570539,1361886.4257109
"223","223","58910",50.757,-111.43,"63257","29526","0",18.120000000000001,01_29526,"1",01_48,Alberta,"36",Highway 36,Provincial,Paved,"2","80","2",0.000000000000000,"0",28694.157322619819752,"1",33942.0359252894,-1029167.28823071,1352814.68960185,-1061859.1878495,1361941.65525692
"224","224","155228",50.824,-111.604,"63257","29526","0",18.120000000000001,01_29526,"1",01_48,Alberta,"36",Highway 36,Provincial,Paved,"2","80","2",0.000000000000000,"0",28694.157322619819752,"1",21901.9036170002,-1039382.2798767,1362457.84404377,-1060018.83530701,1369794.46193079
"225","225","196419",50.74,-111.516,"63257","29526","0",18.120000000000001,01_29526,"1",01_48,Alberta,"36",Highway 36,Provincial,Paved,"2","80","2",0.000000000000000,"0",28694.157322619819752,"1",28545.8070057382,-1035176.81571845,1351785.59608937,-1061897.94218553,1361827.73221371
"226","226","65931",50.754,-111.474,"63257","29526","0",18.120000000000001,01_29526,"1",01_48,Alberta,"36",Highway 36,Provincial,Paved,"2","80","2",0.000000000000000,"0",28694.157322619819752,"1",31057.3425843768,-1032133.09853182,1352946.20405753,-1061859.1878495,1361941.65525692
"227","227","45753",50.801,-111.604,"63257","29526","0",18.120000000000001,01_29526,"1",01_48,Alberta,"36",Highway 36,Provincial,Paved,"2","80","2",0.000000000000000,"0",28694.157322619819752,"1",22124.7588216184,-1039823.7999605,1359799.75304753,-1061829.53694467,1362091.58478181
"228","228","59121",50.814,-111.63,"63257","29526","0",18.120000000000001,01_29526,"1",01_48,Alberta,"36",Highway 36,Provincial,Paved,"2","80","2",0.000000000000000,"0",28694.157322619819752,"1",20394.7558097289,-1041290.71021537,1361587.52720765,-1060513.44351887,1368401.67344037
"229","229","217170",50.746,-111.566,"63257","29526","0",18.120000000000001,01_29526,"1",01_48,Alberta,"36",Highway 36,Provincial,Paved,"2","80","2",0.000000000000000,"0",28694.157322619819752,"1",25122.4977815824,-1038367.74434232,1353026.04577046,-1061897.94218553,1361827.73221371
"230","230","45756",50.757,-111.487,"63257","29526","0",18.120000000000001,01_29526,"1",01_48,Alberta,"36",Highway 36,Provincial,Paved,"2","80","2",0.000000000000000,"0",28694.157322619819752,"1",30148.9577997874,-1032935.31806737,1353434.63384869,-1061859.1878495,1361941.65525692
"231","231","47807",50.767,-111.515,"63257","29526","0",18.120000000000001,01_29526,"1",01_48,Alberta,"36",Highway 36,Provincial,Paved,"2","80","2",0.000000000000000,"0",28694.157322619819752,"1",28159.614444176,-1034595.23717657,1354896.02687124,-1061859.1878495,1361941.65525692
"232","232","47812",50.749,-111.525,"63257","29526","0",18.120000000000001,01_29526,"1",01_48,Alberta,"36",Highway 36,Provincial,Paved,"2","80","2",0.000000000000000,"0",28694.157322619819752,"1",27762.5249847502,-1035599.95680894,1352924.35900957,-1061876.16570539,1361886.4257109
"233","233","59004",50.826,-111.595,"63258","29525","0",12.859999999999999,01_29525,"1",01_48,Alberta,"36",Highway 36,Provincial,Paved,"2","80","2",0.000000000000000,"0",20426.334411487259786,"1",22392.0406939216,-1038749.83940157,1362590.32952965,-1057718.87660053,1374489.03173548
"234","234","64632",50.746,-111.493,"63257","29526","0",18.120000000000001,01_29526,"1",01_48,Alberta,"36",Highway 36,Provincial,Paved,"2","80","2",0.000000000000000,"0",28694.157322619819752,"1",29935.3418379359,-1033541.63873668,1352228.3062038,-1061876.16570539,1361886.4257109
"235","235","59005",50.749,-111.568,"63257","29526","0",18.120000000000001,01_29526,"1",01_48,Alberta,"36",Highway 36,Provincial,Paved,"2","80","2",0.000000000000000,"0",28694.157322619819752,"1",24924.8033791927,-1038442.48977041,1353394.74415389,-1061876.16570539,1361886.4257109
"236","236","59006",50.79,-111.61,"63257","29526","0",18.120000000000001,01_29526,"1",01_48,Alberta,"36",Highway 36,Provincial,Paved,"2","80","2",0.000000000000000,"0",28694.157322619819752,"1",21681.4431614386,-1040431.26207978,1358594.27197369,-1061837.3718607,1362038.60668591
"237","237","58759",50.737,-111.495,"63257","29526","0",18.120000000000001,01_29526,"1",01_48,Alberta,"36",Highway 36,Provincial,Paved,"2","80","2",0.000000000000000,"0",28694.157322619819752,"1",29994.7633261543,-1033845.47452869,1351209.5927649,-1061897.94218553,1361827.73221371
"238","238","47784",50.791,-111.624,"63257","29526","0",18.120000000000001,01_29526,"1",01_48,Alberta,"36",Highway 36,Provincial,Paved,"2","80","2",0.000000000000000,"0",28694.157322619819752,"1",20745.0804173199,-1041336.7019033,1358863.56450998,-1061837.3718607,1362038.60668591
"239","239","22698",50.75,-111.515,"63257","29526","0",18.120000000000001,01_29526,"1",01_48,Alberta,"36",Highway 36,Provincial,Paved,"2","80","2",0.000000000000000,"0",28694.157322619819752,"1",28405.1167575237,-1034919.7808093,1352930.75871494,-1061876.16570539,1361886.4257109
"240","240","155267",50.813,-111.606,"63257","29526","0",18.120000000000001,01_29526,"1",01_48,Alberta,"36",Highway 36,Provincial,Paved,"2","80","2",0.000000000000000,"0",28694.157322619819752,"1",21996.6137278699,-1039725.47946925,1361208.53787502,-1060447.93979898,1368586.25116408
"241","241","22655",50.736,-111.494,"63257","29526","0",18.120000000000001,01_29526,"1",01_48,Alberta,"36",Highway 36,Provincial,Paved,"2","80","2",0.000000000000000,"0",28694.157322619819752,"1",30083.7357122926,-1033798.4148035,1351083.07236269,-1061897.94218553,1361827.73221371
"242","242","64327",50.786,-111.604,"63257","29526","0",18.120000000000001,01_29526,"1",01_48,Alberta,"36",Highway 36,Provincial,Paved,"2","80","2",0.000000000000000,"0",28694.157322619819752,"1",22085.8030456528,-1040111.76266885,1358066.12617441,-1061837.3718607,1362038.60668591
"243","243","58908",50.813,-111.589,"63257","29526","0",18.120000000000001,01_29526,"1",01_48,Alberta,"36",Highway 36,Provincial,Paved,"2","80","2",0.000000000000000,"0",28694.157322619819752,"1",23116.6710161146,-1038603.11407858,1361022.18734628,-1060386.47493184,1368759.47813854
"244","244","45260",50.737,-111.48,"63257","29526","0",18.120000000000001,01_29526,"1",01_48,Alberta,"36",Highway 36,Provincial,Paved,"2","80","2",0.000000000000000,"0",28694.157322619819752,"1",30980.9513786576,-1032853.57180023,1351046.08589933,-1061897.94218553,1361827.73221371
"245","245","196405",50.734,-111.512,"63257","29526","0",18.120000000000001,01_29526,"1",01_48,Alberta,"36",Highway 36,Provincial,Paved,"2","80","2",0.000000000000000,"0",28694.157322619819752,"1",28952.4714620304,-1035026.86462694,1351048.25502989,-1061927.36968243,1361753.78778259
"246","246","52927",49.3,-110.6,"176657","29271","0",32.530000000000001,01_29271,"1",01_48,Alberta,"501",Highway 501,Provincial,Paved,"2","60","2",0.000000000000000,"0",49750.205365787616756,"1",4565.17790076975,-1000493.49110307,1175044.69734689,-1001210.6635186,1170536.20391869
"247","247","98674",50.748,-111.502,"63257","29526","0",18.120000000000001,01_29526,"1",01_48,Alberta,"36",Highway 36,Provincial,Paved,"2","80","2",0.000000000000000,"0",28694.157322619819752,"1",29302.271936916,-1034098.52016175,1352557.67720337,-1061876.16570539,1361886.4257109
"248","248","58911",50.762,-111.427,"63257","29526","0",18.120000000000001,01_29526,"1",01_48,Alberta,"36",Highway 36,Provincial,Paved,"2","80","2",0.000000000000000,"0",28694.157322619819752,"1",34083.142515107,-1028874.04340424,1353360.23057154,-1061859.1878495,1361941.65525692
"249","249","59120",50.742,-111.501,"63257","29526","0",18.120000000000001,01_29526,"1",01_48,Alberta,"36",Highway 36,Provincial,Paved,"2","80","2",0.000000000000000,"0",28694.157322619819752,"1",29488.6799099914,-1034146.85486349,1351853.10307742,-1061876.16570539,1361886.4257109
"250","250","58957",50.73,-111.425,"63256","29534","0",8.410000000000000,01_29534,"1",01_48,Alberta,"1",Highway 1,Provincial,Paved,"4","100","1",1.000000000000000,"0",13197.923511066590436,"1",32274.6775842822,-1029349.25027885,1349638.49469629,-1050029.14401066,1324859.53571068
"251","251","234049",49.944,-110.279,"62909","29491","0",24.829999999999998,01_29491,"1",01_48,Alberta,"1",Highway 1,Provincial,Paved,"4","100","1",1.000000000000000,"0",38519.276643709454220,"1",1325.95669438833,-967310.866183685,1246502.31965521,-966873.220222447,1247753.96943371
"252","252","219724",50.737,-111.529,"63257","29526","0",18.120000000000001,01_29526,"1",01_48,Alberta,"36",Highway 36,Provincial,Paved,"2","80","2",0.000000000000000,"0",28694.157322619819752,"1",27764.3510712074,-1036093.69151236,1351580.78937197,-1061897.94218553,1361827.73221371
"253","253","65827",50.727,-111.525,"63257","29526","0",18.120000000000001,01_29526,"1",01_48,Alberta,"36",Highway 36,Provincial,Paved,"2","80","2",0.000000000000000,"0",28694.157322619819752,"1",28276.2296884852,-1036020.24585447,1350380.97519914,-1062292.43683765,1360836.45923095
"254","254","47816",50.75,-111.475,"63257","29526","0",18.120000000000001,01_29526,"1",01_48,Alberta,"36",Highway 36,Provincial,Paved,"2","80","2",0.000000000000000,"0",28694.157322619819752,"1",31054.9914872567,-1032275.37555839,1352494.63573524,-1061876.16570539,1361886.4257109
"255","255","65895",50.742,-111.517,"63257","29526","0",18.120000000000001,01_29526,"1",01_48,Alberta,"36",Highway 36,Provincial,Paved,"2","80","2",0.000000000000000,"0",28694.157322619819752,"1",28435.1605831792,-1035204.7472948,1352027.73424812,-1061876.16570539,1361886.4257109
"256","256","65901",50.769,-111.52,"63257","29526","0",18.120000000000001,01_29526,"1",01_48,Alberta,"36",Highway 36,Provincial,Paved,"2","80","2",0.000000000000000,"0",28694.157322619819752,"1",27805.761057601,-1034887.47841049,1355181.8036717,-1061848.23405756,1361984.59743096
"257","257","65903",50.772,-111.528,"63257","29526","0",18.120000000000001,01_29526,"1",01_48,Alberta,"36",Highway 36,Provincial,Paved,"2","80","2",0.000000000000000,"0",28694.157322619819752,"1",27244.2325020188,-1035358.82928756,1355615.95239806,-1061848.23405756,1361984.59743096
"258","258","48686",49.204,-110.369,"176657","29271","0",32.530000000000001,01_29271,"1",01_48,Alberta,"501",Highway 501,Provincial,Paved,"2","60","2",0.000000000000000,"0",49750.205365787616756,"1",6283.9188767119,-986490.600325656,1161467.215859,-982889.430411631,1166616.89659662
"259","259","47791",50.764,-111.375,"63256","29534","0",8.410000000000000,01_29534,"1",01_48,Alberta,"1",Highway 1,Provincial,Paved,"4","100","1",1.000000000000000,"0",13197.923511066590436,"1",37408.4331221633,-1025398.67755299,1353028.06584483,-1049371.92796001,1324310.9257787
"260","260","65925",50.751,-111.409,"63256","29534","0",8.410000000000000,01_29534,"1",01_48,Alberta,"1",Highway 1,Provincial,Paved,"4","100","1",1.000000000000000,"0",13197.923511066590436,"1",34938.9081715898,-1027892.74338293,1351893.10012264,-1050279.73411916,1325068.67189017
"261","261","58943",50.801,-111.615,"63257","29526","0",18.120000000000001,01_29526,"1",01_48,Alberta,"36",Highway 36,Provincial,Paved,"2","80","2",0.000000000000000,"0",28694.157322619819752,"1",21389.8285379536,-1040550.18204315,1359920.45146988,-1061829.53694467,1362091.58478181
"262","262","49237",50.746,-111.475,"63257","29526","0",18.120000000000001,01_29526,"1",01_48,Alberta,"36",Highway 36,Provincial,Paved,"2","80","2",0.000000000000000,"0",28694.157322619819752,"1",31125.7039829924,-1032351.54579329,1352032.17447183,-1061876.16570539,1361886.4257109
"263","263","46951",50.747,-111.505,"63257","29526","0",18.120000000000001,01_29526,"1",01_48,Alberta,"36",Highway 36,Provincial,Paved,"2","80","2",0.000000000000000,"0",28694.157322619819752,"1",29122.9315098669,-1034315.93411154,1352474.7959784,-1061876.16570539,1361886.4257109
"264","264","75476",50.757,-111.489,"63257","29526","0",18.120000000000001,01_29526,"1",01_48,Alberta,"36",Highway 36,Provincial,Paved,"2","80","2",0.000000000000000,"0",28694.157322619819752,"1",30015.9801422641,-1033067.52286713,1353456.42742002,-1061859.1878495,1361941.65525692
"265","265","59050",50.732,-111.52,"63257","29526","0",18.120000000000001,01_29526,"1",01_48,Alberta,"36",Highway 36,Provincial,Paved,"2","80","2",0.000000000000000,"0",28694.157322619819752,"1",28478.6496524473,-1035594.07885593,1350904.40073976,-1062054.34356784,1361434.73204522
"266","266","98677",50.748,-111.502,"63257","29526","0",18.120000000000001,01_29526,"1",01_48,Alberta,"36",Highway 36,Provincial,Paved,"2","80","2",0.000000000000000,"0",28694.157322619819752,"1",29302.271936916,-1034098.52016175,1352557.67720337,-1061876.16570539,1361886.4257109
"267","267","187581",50.562,-111.464,"63260","29490","0",45.340000000000003,01_29490,"1",01_48,Alberta,"1",Highway 1,Provincial,Paved,"4","100","1",1.000000000000000,"0",71005.866205162252299,"1",14509.3785150411,-1035126.48465847,1330633.49339537,-1046903.73263126,1322158.91405005
"268","268","45396",50.783,-111.5,"63257","29526","0",18.120000000000001,01_29526,"1",01_48,Alberta,"36",Highway 36,Provincial,Paved,"2","80","2",0.000000000000000,"0",28694.157322619819752,"1",29055.5664615698,-1033298.77114599,1356582.03160177,-1061837.3718607,1362038.60668591
"269","269","191251",50.746,-111.493,"63257","29526","0",18.120000000000001,01_29526,"1",01_48,Alberta,"36",Highway 36,Provincial,Paved,"2","80","2",0.000000000000000,"0",28694.157322619819752,"1",29935.3418379359,-1033541.63873668,1352228.3062038,-1061876.16570539,1361886.4257109
"270","270","184041",50.725,-111.563,"63257","29526","0",18.120000000000001,01_29526,"1",01_48,Alberta,"36",Highway 36,Provincial,Paved,"2","80","2",0.000000000000000,"0",28694.157322619819752,"1",25837.2163359364,-1038571.58417883,1350565.55802499,-1062581.84286385,1360108.57777077
"271","271","67873",50.844,-111.305,"63258","29525","0",12.859999999999999,01_29525,"1",01_48,Alberta,"36",Highway 36,Provincial,Paved,"2","80","2",0.000000000000000,"0",20426.334411487259786,"1",40417.7557877979,-1019264.33405817,1361523.15717261,-1057287.88879814,1375227.32689789
"272","272","191255",50.747,-111.517,"63257","29526","0",18.120000000000001,01_29526,"1",01_48,Alberta,"36",Highway 36,Provincial,Paved,"2","80","2",0.000000000000000,"0",28694.157322619819752,"1",28330.1394288539,-1035109.27750073,1352605.77401518,-1061876.16570539,1361886.4257109
"273","273","59143",50.769,-111.398,"63257","29526","0",18.120000000000001,01_29526,"1",01_48,Alberta,"36",Highway 36,Provincial,Paved,"2","80","2",0.000000000000000,"0",28694.157322619819752,"1",35954.9605228084,-1026824.36533115,1353855.15675946,-1061848.23405756,1361984.59743096
"274","274","59145",50.796,-111.397,"63257","29526","0",18.120000000000001,01_29526,"1",01_48,Alberta,"36",Highway 36,Provincial,Paved,"2","80","2",0.000000000000000,"0",28694.157322619819752,"1",35950.0589562978,-1026246.73425111,1356966.0710093,-1061829.53694467,1362091.58478181
"275","275","59146",50.761,-111.416,"63257","29526","0",18.120000000000001,01_29526,"1",01_48,Alberta,"36",Highway 36,Provincial,Paved,"2","80","2",0.000000000000000,"0",28694.157322619819752,"1",34827.6960854765,-1028165.87009418,1353125.26408698,-1061859.1878495,1361941.65525692
"276","276","59219",50.726,-111.558,"63257","29526","0",18.120000000000001,01_29526,"1",01_48,Alberta,"36",Highway 36,Provincial,Paved,"2","80","2",0.000000000000000,"0",28694.157322619819752,"1",26139.8213259798,-1038221.77390476,1350626.39459397,-1062513.2402863,1360281.18200689
"277","277","59220",50.75,-111.477,"63257","29526","0",18.120000000000001,01_29526,"1",01_48,Alberta,"36",Highway 36,Provincial,Paved,"2","80","2",0.000000000000000,"0",28694.157322619819752,"1",30922.3777721007,-1032407.60018975,1352516.41538375,-1061876.16570539,1361886.4257109
"278","278","59221",50.75,-111.477,"63257","29526","0",18.120000000000001,01_29526,"1",01_48,Alberta,"36",Highway 36,Provincial,Paved,"2","80","2",0.000000000000000,"0",28694.157322619819752,"1",30922.3777721007,-1032407.60018975,1352516.41538375,-1061876.16570539,1361886.4257109
"279","279","59222",50.741,-111.576,"63257","29526","0",18.120000000000001,01_29526,"1",01_48,Alberta,"36",Highway 36,Provincial,Paved,"2","80","2",0.000000000000000,"0",28694.157322619819752,"1",24587.0124089361,-1039124.63660062,1352557.63278177,-1061969.07848095,1361648.98330706
"280","280","59224",50.747,-111.483,"63257","29526","0",18.120000000000001,01_29526,"1",01_48,Alberta,"36",Highway 36,Provincial,Paved,"2","80","2",0.000000000000000,"0",28694.157322619819752,"1",30577.8736074714,-1032861.42819582,1352234.93040679,-1061876.16570539,1361886.4257109
"281","281","59225",50.818,-111.578,"63257","29526","0",18.120000000000001,01_29526,"1",01_48,Alberta,"36",Highway 36,Provincial,Paved,"2","80","2",0.000000000000000,"0",28694.157322619819752,"1",23738.2403976304,-1037781.03648861,1361479.5823157,-1060150.11619921,1369424.9161713
"282","282","49235",50.73,-111.556,"63257","29526","0",18.120000000000001,01_29526,"1",01_48,Alberta,"36",Highway 36,Provincial,Paved,"2","80","2",0.000000000000000,"0",28694.157322619819752,"1",26171.1310684554,-1038012.93994174,1351066.91307089,-1062329.22826063,1360744.0109724
"283","283","58948",50.785,-111.618,"63257","29526","0",18.120000000000001,01_29526,"1",01_48,Alberta,"36",Highway 36,Provincial,Paved,"2","80","2",0.000000000000000,"0",28694.157322619819752,"1",21150.8041811003,-1041055.71754351,1358104.22473342,-1061837.3718607,1362038.60668591
"284","284","58949",50.785,-111.624,"63257","29526","0",18.120000000000001,01_29526,"1",01_48,Alberta,"36",Highway 36,Provincial,Paved,"2","80","2",0.000000000000000,"0",28694.157322619819752,"1",20749.1466845779,-1041452.03499933,1358170.12776176,-1061837.3718607,1362038.60668591
"285","285","45731",50.745,-111.489,"63257","29526","0",18.120000000000001,01_29526,"1",01_48,Alberta,"36",Highway 36,Provincial,Paved,"2","80","2",0.000000000000000,"0",28694.157322619819752,"1",30219.0743611468,-1033296.23661742,1352069.08856832,-1061876.16570539,1361886.4257109
"286","286","156536",50.749,-111.472,"63257","29526","0",18.120000000000001,01_29526,"1",01_48,Alberta,"36",Highway 36,Provincial,Paved,"2","80","2",0.000000000000000,"0",28694.157322619819752,"1",31270.8592470315,-1032096.07657318,1352346.35604001,-1061876.16570539,1361886.4257109
"287","287","13339",50.742,-111.566,"63257","29526","0",18.120000000000001,01_29526,"1",01_48,Alberta,"36",Highway 36,Provincial,Paved,"2","80","2",0.000000000000000,"0",28694.157322619819752,"1",25216.9331288923,-1038444.35929399,1352563.65287591,-1061897.94218553,1361827.73221371
"288","288","58958",50.761,-111.422,"63257","29526","0",18.120000000000001,01_29526,"1",01_48,Alberta,"36",Highway 36,Provincial,Paved,"2","80","2",0.000000000000000,"0",28694.157322619819752,"1",34427.5262340259,-1028562.50270413,1353190.35130122,-1061859.1878495,1361941.65525692
"289","289","58959",50.768,-111.455,"63257","29526","0",18.120000000000001,01_29526,"1",01_48,Alberta,"36",Highway 36,Provincial,Paved,"2","80","2",0.000000000000000,"0",28694.157322619819752,"1",32154.9665479509,-1030610.78710398,1354358.07912168,-1061848.23405756,1361984.59743096
"290","290","51863",50.742,-111.56,"63257","29526","0",18.120000000000001,01_29526,"1",01_48,Alberta,"36",Highway 36,Provincial,Paved,"2","80","2",0.000000000000000,"0",28694.157322619819752,"1",25610.1482050648,-1038047.68699925,1352497.94022058,-1061897.94218553,1361827.73221371
"291","291","52472",50.824,-111.604,"63257","29526","0",18.120000000000001,01_29526,"1",01_48,Alberta,"36",Highway 36,Provincial,Paved,"2","80","2",0.000000000000000,"0",28694.157322619819752,"1",21901.9036170002,-1039382.2798767,1362457.84404377,-1060018.83530701,1369794.46193079
"292","292","47629",50.408,-110.291,"63205","29505","0",11.640000000000001,01_29505,"1",01_48,Alberta,"41",Highway 41,Provincial,Paved,"2","80","2",0.000000000000000,"0",18258.517987633706070,"1",11758.3514943733,-959940.672655149,1300454.75365041,-951744.179528351,1292024.07572467
"293","293","59011",50.733,-111.512,"63257","29526","0",18.120000000000001,01_29526,"1",01_48,Alberta,"36",Highway 36,Provincial,Paved,"2","80","2",0.000000000000000,"0",28694.157322619819752,"1",28977.4850001933,-1035045.95305082,1350932.64266182,-1061969.69884452,1361647.4244782
"294","294","54001",50.806,-111.624,"63257","29526","0",18.120000000000001,01_29526,"1",01_48,Alberta,"36",Highway 36,Provincial,Paved,"2","80","2",0.000000000000000,"0",28694.157322619819752,"1",20833.7543914007,-1041048.3773542,1360597.10713259,-1061824.86966565,1362140.70334706
"295","295","59020",50.745,-111.49,"63257","29526","0",18.120000000000001,01_29526,"1",01_48,Alberta,"36",Highway 36,Provincial,Paved,"2","80","2",0.000000000000000,"0",28694.157322619819752,"1",30153.00469766,-1033362.35347943,1352079.98881262,-1061876.16570539,1361886.4257109
"296","296","11895",50.724,-111.565,"63257","29526","0",18.120000000000001,01_29526,"1",01_48,Alberta,"36",Highway 36,Provincial,Paved,"2","80","2",0.000000000000000,"0",28694.157322619819752,"1",25731.1096547505,-1038723.00302564,1350471.86604603,-1062634.6578661,1359975.69510887
"297","297","59226",50.747,-111.487,"63257","29526","0",18.120000000000001,01_29526,"1",01_48,Alberta,"36",Highway 36,Provincial,Paved,"2","80","2",0.000000000000000,"0",28694.157322619819752,"1",30313.2046501402,-1033125.88795667,1352278.51722191,-1061876.16570539,1361886.4257109
"298","298","67882",51.436,-110.386,"63222","29831","0",18.170000000000002,01_29831,"1",01_48,Alberta,"9",Highway 9,Provincial,Paved,"2","80","2",1.000000000000000,"0",29059.289411329671566,"1",5726.76144650829,-948072.85852015,1420430.57423652,-948941.255026144,1414770.03679087
"299","299","59026",50.737,-111.51,"63257","29526","0",18.120000000000001,01_29526,"1",01_48,Alberta,"36",Highway 36,Provincial,Paved,"2","80","2",0.000000000000000,"0",28694.157322619819752,"1",29009.8541181294,-1034837.35137306,1351373.25657716,-1061897.94218553,1361827.73221371
"300","300","58951",50.733,-111.509,"63257","29526","0",18.120000000000001,01_29526,"1",01_48,Alberta,"36",Highway 36,Provincial,Paved,"2","80","2",0.000000000000000,"0",28694.157322619819752,"1",29173.9222446933,-1034847.56581009,1350899.89074265,-1061953.82663004,1361687.30764848
"301","301","58952",50.749,-111.466,"63257","29526","0",18.120000000000001,01_29526,"1",01_48,Alberta,"36",Highway 36,Provincial,Paved,"2","80","2",0.000000000000000,"0",28694.157322619819752,"1",31668.6137150881,-1031699.39053801,1352281.04518055,-1061876.16570539,1361886.4257109
"302","302","162141",52.081,-112.981,"253868","29903","0",9.730000000000000,01_29903,"1",01_48,Alberta,"21",Highway 21,Provincial,Paved,"3","80","2",0.000000000000000,"0",15842.083645247525055,"1",17102.3832348174,-1103972.94639695,1522849.25821003,-1120909.90226713,1525222.23907
"303","303","58955",50.821,-111.632,"63257","29526","0",18.120000000000001,01_29526,"1",01_48,Alberta,"36",Highway 36,Provincial,Paved,"2","80","2",0.000000000000000,"0",28694.157322619819752,"1",20119.1885806764,-1041288.13021996,1362418.43056914,-1060246.89571964,1369152.44570672
"304","304","58956",50.812,-111.631,"63257","29526","0",18.120000000000001,01_29526,"1",01_48,Alberta,"36",Highway 36,Provincial,Paved,"2","80","2",0.000000000000000,"0",28694.157322619819752,"1",20371.278995992,-1041395.18549895,1361367.38469053,-1060513.44351887,1368401.67344037
"305","305","36570",50.662,-111.477,"63256","29534","0",8.410000000000000,01_29534,"1",01_48,Alberta,"1",Highway 1,Provincial,Paved,"4","100","1",1.000000000000000,"0",13197.923511066590436,"1",23638.6318791888,-1034083.74798457,1342341.16178901,-1049232.60063682,1324194.61444687
"306","306","220506",50.778,-111.379,"63257","29526","0",18.120000000000001,01_29526,"1",01_48,Alberta,"36",Highway 36,Provincial,Paved,"2","80","2",0.000000000000000,"0",28694.157322619819752,"1",37172.7823792233,-1025398.16368271,1354690.12120144,-1061841.22419281,1362019.45203518
"307","307","232135",50.769,-111.399,"63257","29526","0",18.120000000000001,01_29526,"1",01_48,Alberta,"36",Highway 36,Provincial,Paved,"2","80","2",0.000000000000000,"0",28694.157322619819752,"1",35888.1253315659,-1026890.46335289,1353865.98873406,-1061848.23405756,1361984.59743096
"308","308","232136",50.808,-111.63,"63257","29526","0",18.120000000000001,01_29526,"1",01_48,Alberta,"36",Highway 36,Provincial,Paved,"2","80","2",0.000000000000000,"0",28694.157322619819752,"1",20456.8054361787,-1041406.08001378,1360894.14095148,-1061824.86966565,1362140.70334706
"309","309","65929",50.795,-111.575,"63257","29526","0",18.120000000000001,01_29526,"1",01_48,Alberta,"36",Highway 36,Provincial,Paved,"2","80","2",0.000000000000000,"0",28694.157322619819752,"1",24033.9041113085,-1038023.69711171,1358788.47462944,-1061829.53694467,1362091.58478181
"310","310","232138",50.816,-111.578,"63257","29526","0",18.120000000000001,01_29526,"1",01_48,Alberta,"36",Highway 36,Provincial,Paved,"2","80","2",0.000000000000000,"0",28694.157322619819752,"1",23779.4879302444,-1037819.36567674,1361248.43626912,-1060227.3138683,1369207.57592547
"311","311","65932",50.754,-111.471,"63257","29526","0",18.120000000000001,01_29526,"1",01_48,Alberta,"36",Highway 36,Provincial,Paved,"2","80","2",0.000000000000000,"0",28694.157322619819752,"1",31256.6356267112,-1031934.77501371,1352913.54431752,-1061859.1878495,1361941.65525692
"312","312","59102",50.74,-111.52,"63257","29526","0",18.120000000000001,01_29526,"1",01_48,Alberta,"36",Highway 36,Provincial,Paved,"2","80","2",0.000000000000000,"0",28694.157322619819752,"1",28282.9143607354,-1035441.29443675,1351829.28060189,-1061897.94218553,1361827.73221371
"313","313","55317",50.74,-111.515,"63257","29526","0",18.120000000000001,01_29526,"1",01_48,Alberta,"36",Highway 36,Provincial,Paved,"2","80","2",0.000000000000000,"0",28694.157322619819752,"1",28611.5448134559,-1035110.69575089,1351774.67670493,-1061897.94218553,1361827.73221371
"314","314","46952",50.74,-111.515,"63257","29526","0",18.120000000000001,01_29526,"1",01_48,Alberta,"36",Highway 36,Provincial,Paved,"2","80","2",0.000000000000000,"0",28694.157322619819752,"1",28611.5448134559,-1035110.69575089,1351774.67670493,-1061897.94218553,1361827.73221371
"315","315","46954",50.742,-111.489,"63257","29526","0",18.120000000000001,01_29526,"1",01_48,Alberta,"36",Highway 36,Provincial,Paved,"2","80","2",0.000000000000000,"0",28694.157322619819752,"1",30279.6593514171,-1033353.41620594,1351722.24687396,-1061876.16570539,1361886.4257109
"316","316","67872",50.756,-111.525,"63257","29526","0",18.120000000000001,01_29526,"1",01_48,Alberta,"36",Highway 36,Provincial,Paved,"2","80","2",0.000000000000000,"0",28694.157322619819752,"1",27639.705221187,-1035466.23367666,1353733.5860245,-1061876.16570539,1361886.4257109
"317","317","58760",50.739,-111.532,"63257","29526","0",18.120000000000001,01_29526,"1",01_48,Alberta,"36",Highway 36,Provincial,Paved,"2","80","2",0.000000000000000,"0",28694.157322619819752,"1",27518.7105153727,-1036253.83203626,1351844.79461594,-1061897.94218553,1361827.73221371
"318","318","155263",50.766,-111.368,"63256","29534","0",8.410000000000000,01_29534,"1",01_48,Alberta,"1",Highway 1,Provincial,Paved,"4","100","1",1.000000000000000,"0",13197.923511066590436,"1",37848.6468734165,-1024898.10475962,1353183.62972551,-1049153.4668086,1324128.55302588
"319","319","58900",50.737,-111.523,"63257","29526","0",18.120000000000001,01_29526,"1",01_48,Alberta,"36",Highway 36,Provincial,Paved,"2","80","2",0.000000000000000,"0",28694.157322619819752,"1",28157.4043315453,-1035696.95701494,1351515.22549705,-1061897.94218553,1361827.73221371
"320","320","58901",50.734,-111.512,"63257","29526","0",18.120000000000001,01_29526,"1",01_48,Alberta,"36",Highway 36,Provincial,Paved,"2","80","2",0.000000000000000,"0",28694.157322619819752,"1",28952.4714620304,-1035026.86462694,1351048.25502989,-1061927.36968243,1361753.78778259
"321","321","58902",50.737,-111.504,"63257","29526","0",18.120000000000001,01_29526,"1",01_48,Alberta,"36",Highway 36,Provincial,Paved,"2","80","2",0.000000000000000,"0",28694.157322619819752,"1",29403.6561100811,-1034440.60374299,1351307.77221891,-1061897.94218553,1361827.73221371
"322","322","219534",50.818,-111.608,"63257","29526","0",18.120000000000001,01_29526,"1",01_48,Alberta,"36",Highway 36,Provincial,Paved,"2","80","2",0.000000000000000,"0",28694.157322619819752,"1",21761.9639400292,-1039761.51403109,1361808.31181625,-1060268.30383014,1369092.17388693
"323","323","176228",50.742,-111.504,"63257","29526","0",18.120000000000001,01_29526,"1",01_48,Alberta,"36",Highway 36,Provincial,Paved,"2","80","2",0.000000000000000,"0",28694.157322619819752,"1",29291.0442527439,-1034345.21193922,1351885.83282143,-1061876.16570539,1361886.4257109
"324","324","67875",50.844,-111.305,"63258","29525","0",12.859999999999999,01_29525,"1",01_48,Alberta,"36",Highway 36,Provincial,Paved,"2","80","2",0.000000000000000,"0",20426.334411487259786,"1",40417.7557877979,-1019264.33405817,1361523.15717261,-1057287.88879814,1375227.32689789
"325","325","59228",50.822,-111.856,"63257","29526","0",18.120000000000001,01_29526,"1",01_48,Alberta,"36",Highway 36,Provincial,Paved,"2","80","2",0.000000000000000,"0",28694.157322619819752,"1",5552.75171727605,-1056051.44185551,1365011.87246085,-1061012.86073521,1367505.33878986
"326","326","67876",50.725,-111.486,"63256","29534","0",8.410000000000000,01_29534,"1",01_48,Alberta,"1",Highway 1,Provincial,Paved,"4","100","1",1.000000000000000,"0",13197.923511066590436,"1",29696.69117182,-1033479.01810207,1349724.04934411,-1052254.24828193,1326715.69872422
"327","327","67877",50.725,-111.468,"63256","29534","0",8.410000000000000,01_29534,"1",01_48,Alberta,"1",Highway 1,Provincial,Paved,"4","100","1",1.000000000000000,"0",13197.923511066590436,"1",30306.9935434349,-1032288.44966162,1349527.92954744,-1051700.11388085,1326253.45533466
"328","328","58954",50.733,-111.567,"63257","29526","0",18.120000000000001,01_29526,"1",01_48,Alberta,"36",Highway 36,Provincial,Paved,"2","80","2",0.000000000000000,"0",28694.157322619819752,"1",25375.894994609,-1038682.86855803,1351534.20710661,-1062260.28206089,1360917.25667977
"329","329","167660",50.74,-111.51,"63257","29526","0",18.120000000000001,01_29526,"1",01_48,Alberta,"36",Highway 36,Provincial,Paved,"2","80","2",0.000000000000000,"0",28694.157322619819752,"1",28940.319734266,-1034780.0941855,1351720.09024493,-1061897.94218553,1361827.73221371
"330","330","97762",50.753,-111.37,"63260","29490","0",45.340000000000003,01_29490,"1",01_48,Alberta,"1",Highway 1,Provincial,Paved,"4","100","1",1.000000000000000,"0",71005.866205162252299,"1",36468.6719803078,-1025276.19563463,1351702.02780455,-1048634.36174111,1323695.59796872
"331","331","59007",50.792,-111.606,"63257","29526","0",18.120000000000001,01_29526,"1",01_48,Alberta,"36",Highway 36,Provincial,Paved,"2","80","2",0.000000000000000,"0",28694.157322619819752,"1",21951.6823436143,-1040128.6686393,1358781.52790884,-1061837.3718607,1362038.60668591
"332","332","59008",50.571,-111.511,"63260","29490","0",45.340000000000003,01_29490,"1",01_48,Alberta,"1",Highway 1,Provincial,Paved,"4","100","1",1.000000000000000,"0",71005.866205162252299,"1",13311.6230080123,-1038072.61949375,1332188.44042597,-1047160.4362888,1322461.62732984
"333","333","47814",50.812,-111.578,"63257","29526","0",18.120000000000001,01_29526,"1",01_48,Alberta,"36",Highway 36,Provincial,Paved,"2","80","2",0.000000000000000,"0",28694.157322619819752,"1",23861.9836675646,-1037896.02467755,1360786.14040962,-1060381.71046434,1368772.89189245
"334","334","229975",50.682,-108.094,"64262","26073","0",26.230000000000000,01_26073,"1",01_47,Saskatchewan,"4",Highway 4,Provincial,Paved,"2","80","2",0.000000000000000,"0",41416.986306399805471,"1",5656.59945187168,-809154.001203034,1311768.22275888,-804511.776899721,1315000.38470975
"335","335","58953",50.761,-111.566,"63257","29526","0",18.120000000000001,01_29526,"1",01_48,Alberta,"36",Highway 36,Provincial,Paved,"2","80","2",0.000000000000000,"0",28694.157322619819752,"1",24839.5876704689,-1038080.44560088,1354759.97490251,-1061859.1878495,1361941.65525692
"336","336","67885",52.45,-109.167,"253419","26135","0",16.030000000000001,01_26135,"1",01_47,Saskatchewan,"14",Highway 14,Provincial,Paved,"2","80","2",0.000000000000000,"0",26238.548889953086473,"1",1305.8472971497,-851888.396001627,1526001.70319713,-852464.414901098,1524829.76489204
"337","337","118188",50.731,-111.566,"63257","29526","0",18.120000000000001,01_29526,"1",01_48,Alberta,"36",Highway 36,Provincial,Paved,"2","80","2",0.000000000000000,"0",28694.157322619819752,"1",25491.2793673953,-1038655.05464588,1351292.04685771,-1062339.67481355,1360717.7612232
"338","338","22640",50.815,-111.325,"63258","29525","0",12.859999999999999,01_29525,"1",01_48,Alberta,"36",Highway 36,Provincial,Paved,"2","80","2",0.000000000000000,"0",20426.334411487259786,"1",39881.0319463241,-1021131.46302328,1358385.35904607,-1057321.0415447,1375142.7787623
"339","339","155264",50.771,-111.524,"63257","29526","0",18.120000000000001,01_29526,"1",01_48,Alberta,"36",Highway 36,Provincial,Paved,"2","80","2",0.000000000000000,"0",28694.157322619819752,"1",27520.0625056108,-1035113.61145538,1355456.67321024,-1061848.23405756,1361984.59743096
"340","340","67894",50.755,-111.514,"63257","29526","0",18.120000000000001,01_29526,"1",01_48,Alberta,"36",Highway 36,Provincial,Paved,"2","80","2",0.000000000000000,"0",28694.157322619819752,"1",28385.7467303333,-1034758.22346988,1353497.87241786,-1061876.16570539,1361886.4257109
"341","341","59115",50.793,-111.627,"63257","29526","0",18.120000000000001,01_29526,"1",01_48,Alberta,"36",Highway 36,Provincial,Paved,"2","80","2",0.000000000000000,"0",28694.157322619819752,"1",20548.0379016047,-1041496.38585806,1359127.66364675,-1061829.53694467,1362091.58478181
"342","342","155220",51.439,-110.386,"63220","29846","0",26.270000000000000,01_29846,"1",01_48,Alberta,"41",Highway 41,Provincial,Paved,"2","80","2",0.000000000000000,"0",42225.209812089698971,"1",5812.83373673645,-948019.823201537,1420777.37162345,-953766.513793223,1421651.77616047
"343","343","59047",50.743,-111.572,"63257","29526","0",18.120000000000001,01_29526,"1",01_48,Alberta,"36",Highway 36,Provincial,Paved,"2","80","2",0.000000000000000,"0",28694.157322619819752,"1",24799.2241568814,-1038821.86629745,1352744.98811343,-1061897.94218553,1361827.73221371
"344","344","77259",48.026,-110.244,"176419","592763","0",1.860000000000000,02_9997721,"2",02_30,Montana,U87,,State,Paved,"2","112","3",7.000000000000000,"0",2779.932419910423960,"1",8487.52904468644,-998732.400745891,1023057.72289134,-1000596.54948959,1031338.00662716
"345","345","59119",50.75,-111.479,"63257","29526","0",18.120000000000001,01_29526,"1",01_48,Alberta,"36",Highway 36,Provincial,Paved,"2","80","2",0.000000000000000,"0",28694.157322619819752,"1",30789.7757073024,-1032539.82436159,1352538.19782184,-1061876.16570539,1361886.4257109
"346","346","94765",50.742,-111.518,"63257","29526","0",18.120000000000001,01_29526,"1",01_48,Alberta,"36",Highway 36,Provincial,Paved,"2","80","2",0.000000000000000,"0",28694.157322619819752,"1",28369.3609841881,-1035270.86459294,1352038.65462466,-1061876.16570539,1361886.4257109
"347","347","143007",50.71,-111.548,"63256","29534","0",8.410000000000000,01_29534,"1",01_48,Alberta,"1",Highway 1,Provincial,Paved,"4","100","1",1.000000000000000,"0",13197.923511066590436,"1",26137.8939218218,-1037866.57665734,1348667.1525287,-1054120.18301949,1328197.42417455
"348","348","155265",50.753,-111.419,"63257","29526","0",18.120000000000001,01_29526,"1",01_48,Alberta,"36",Highway 36,Provincial,Paved,"2","80","2",0.000000000000000,"0",28694.157322619819752,"1",34727.9610193103,-1028515.97731275,1352232.8145609,-1061859.1878495,1361941.65525692
"349","349","155266",50.749,-111.407,"63256","29534","0",8.410000000000000,01_29534,"1",01_48,Alberta,"1",Highway 1,Provincial,Paved,"4","100","1",1.000000000000000,"0",13197.923511066590436,"1",34805.1465165905,-1027798.42464253,1351640.15907616,-1050099.70803734,1324918.42666627
"350","350","64149",50.757,-111.466,"63257","29526","0",18.120000000000001,01_29526,"1",01_48,Alberta,"36",Highway 36,Provincial,Paved,"2","80","2",0.000000000000000,"0",28694.157322619819752,"1",31545.7200074843,-1031547.13992332,1353205.96974794,-1061859.1878495,1361941.65525692
"351","351","64319",51.95,-112.935,"63238","29870","0",12.940000000000000,01_29870,"1",01_48,Alberta,"56",Highway 56,Provincial,Paved,"2","80","2",0.000000000000000,"0",20984.624262560530042,"1",14150.1374669374,-1103731.51226782,1507266.0658696,-1089779.68849462,1504905.34484951
"352","352","58905",50.747,-111.445,"63257","29526","0",18.120000000000001,01_29526,"1",01_48,Alberta,"36",Highway 36,Provincial,Paved,"2","80","2",0.000000000000000,"0",28694.157322619819752,"1",33094.8431035592,-1030348.96881938,1351821.4122206,-1061876.16570539,1361886.4257109
"353","353","58906",50.747,-111.444,"63257","29526","0",18.120000000000001,01_29526,"1",01_48,Alberta,"36",Highway 36,Provincial,Paved,"2","80","2",0.000000000000000,"0",28694.157322619819752,"1",33161.1375398769,-1030282.8492299,1351810.5437635,-1061876.16570539,1361886.4257109
"354","354","176227",50.743,-111.505,"63257","29526","0",18.120000000000001,01_29526,"1",01_48,Alberta,"36",Highway 36,Provincial,Paved,"2","80","2",0.000000000000000,"0",28694.157322619819752,"1",29203.8151729959,-1034392.25130739,1352012.35512063,-1061876.16570539,1361886.4257109
"355","355","191260",50.4,-111.1,"63260","29490","0",45.340000000000003,01_29490,"1",01_48,Alberta,"1",Highway 1,Provincial,Paved,"4","100","1",1.000000000000000,"0",71005.866205162252299,"1",18589.0273237206,-1013982.93514709,1307950.42617318,-1029136.53721967,1297183.79805348
"356","356","191261",50.4,-111.1,"63260","29490","0",45.340000000000003,01_29490,"1",01_48,Alberta,"1",Highway 1,Provincial,Paved,"4","100","1",1.000000000000000,"0",71005.866205162252299,"1",18589.0273237206,-1013982.93514709,1307950.42617318,-1029136.53721967,1297183.79805348
"357","357","52648",50.759,-111.484,"63257","29526","0",18.120000000000001,01_29526,"1",01_48,Alberta,"36",Highway 36,Provincial,Paved,"2","80","2",0.000000000000000,"0",28694.157322619819752,"1",30320.8359334004,-1032698.90395947,1353633.16952526,-1061859.1878495,1361941.65525692
"358","358","58912",50.8,-111.631,"63257","29526","0",18.120000000000001,01_29526,"1",01_48,Alberta,"36",Highway 36,Provincial,Paved,"2","80","2",0.000000000000000,"0",28694.157322619819752,"1",20313.5789228386,-1041625.94285341,1359980.59580743,-1061829.53694467,1362091.58478181
"359","359","196406",50.728,-111.563,"63257","29526","0",18.120000000000001,01_29526,"1",01_48,Alberta,"36",Highway 36,Provincial,Paved,"2","80","2",0.000000000000000,"0",28694.157322619819752,"1",25762.5108774397,-1038514.13124746,1350912.37076615,-1062454.96692033,1360427.79792392
"360","360","196420",50.822,-111.598,"63257","29526","0",18.120000000000001,01_29526,"1",01_48,Alberta,"36",Highway 36,Provincial,Paved,"2","80","2",0.000000000000000,"0",28694.157322619819752,"1",22338.3381014726,-1039024.6111302,1362160.93781997,-1060074.53131063,1369637.71583816
"361","361","58946",50.795,-111.606,"63257","29526","0",18.120000000000001,01_29526,"1",01_48,Alberta,"36",Highway 36,Provincial,Paved,"2","80","2",0.000000000000000,"0",28694.157322619819752,"1",21959.3323561965,-1040071.06878242,1359128.25206979,-1061829.53694467,1362091.58478181
"362","362","64400",49.142,-110.482,"176657","29271","0",32.530000000000001,01_29271,"1",01_48,Alberta,"501",Highway 501,Provincial,Paved,"2","60","2",0.000000000000000,"0",49750.205365787616756,"1",13968.4741999535,-995297.85231426,1155441.23735946,-989788.237053768,1168277.21847335
"363","363","76030",50.733,-111.3,"63260","29490","0",45.340000000000003,01_29490,"1",01_48,Alberta,"1",Highway 1,Provincial,Paved,"4","100","1",1.000000000000000,"0",71005.866205162252299,"1",36986.8265908024,-1021024.04815814,1348633.62963194,-1047130.7641267,1322433.15783094
"364","364","76055",50.733,-111.512,"63257","29526","0",18.120000000000001,01_29526,"1",01_48,Alberta,"36",Highway 36,Provincial,Paved,"2","80","2",0.000000000000000,"0",28694.157322619819752,"1",28977.4850001933,-1035045.95305082,1350932.64266182,-1061969.69884452,1361647.4244782
"365","365","152279",50.772,-111.443,"63257","29526","0",18.120000000000001,01_29526,"1",01_48,Alberta,"36",Highway 36,Provincial,Paved,"2","80","2",0.000000000000000,"0",28694.157322619819752,"1",32924.7872010427,-1029741.65593795,1354690.13009722,-1061848.23405756,1361984.59743096
"366","366","53976",50.815,-111.595,"63257","29526","0",18.120000000000001,01_29526,"1",01_48,Alberta,"36",Highway 36,Provincial,Paved,"2","80","2",0.000000000000000,"0",28694.157322619819752,"1",22680.1734651711,-1038960.87590473,1361319.07619118,-1060332.91526377,1368910.26859066
"367","367","146196",50.756,-111.525,"63257","29526","0",18.120000000000001,01_29526,"1",01_48,Alberta,"36",Highway 36,Provincial,Paved,"2","80","2",0.000000000000000,"0",28694.157322619819752,"1",27639.705221187,-1035466.23367666,1353733.5860245,-1061876.16570539,1361886.4257109
"368","368","59012",50.783,-111.364,"63257","29526","0",18.120000000000001,01_29526,"1",01_48,Alberta,"36",Highway 36,Provincial,Paved,"2","80","2",0.000000000000000,"0",28694.157322619819752,"1",38160.0841137823,-1024312.28419539,1355106.0880035,-1061837.3718607,1362038.60668591
"369","369","59013",50.784,-111.363,"63257","29526","0",18.120000000000001,01_29526,"1",01_48,Alberta,"36",Highway 36,Provincial,Paved,"2","80","2",0.000000000000000,"0",28694.157322619819752,"1",38224.799757194,-1024227.29511031,1355210.90990679,-1061837.3718607,1362038.60668591
"370","370","59014",50.819,-111.6,"63257","29526","0",18.120000000000001,01_29526,"1",01_48,Alberta,"36",Highway 36,Provincial,Paved,"2","80","2",0.000000000000000,"0",28694.157322619819752,"1",22268.3850009734,-1039214.20552329,1361836.15743662,-1060198.20731824,1369289.52172538
"371","371","59016",50.755,-111.398,"63256","29534","0",8.410000000000000,01_29534,"1",01_48,Alberta,"1",Highway 1,Provincial,Paved,"4","100","1",1.000000000000000,"0",13197.923511066590436,"1",35717.0558351886,-1027089.63636986,1352236.38723471,-1049975.22266754,1324814.53431873
"372","372","59017",50.756,-111.401,"63256","29534","0",8.410000000000000,01_29534,"1",01_48,Alberta,"1",Highway 1,Provincial,Paved,"4","100","1",1.000000000000000,"0",13197.923511066590436,"1",35715.8407398011,-1027269.02939796,1352384.52146212,-1050153.83712726,1324963.60143846
"373","373","59018",50.749,-111.414,"63256","29534","0",8.410000000000000,01_29534,"1",01_48,Alberta,"1",Highway 1,Provincial,Paved,"4","100","1",1.000000000000000,"0",13197.923511066590436,"1",34566.8590072735,-1028261.27194906,1351716.06947169,-1050409.87340437,1325177.28285281
"374","374","59019",50.742,-111.566,"63257","29526","0",18.120000000000001,01_29526,"1",01_48,Alberta,"36",Highway 36,Provincial,Paved,"2","80","2",0.000000000000000,"0",28694.157322619819752,"1",25216.9331288923,-1038444.35929399,1352563.65287591,-1061897.94218553,1361827.73221371
"375","375","46958",50.757,-110.017,"63206","29510","0",26.750000000000000,01_29510,"1",01_48,Alberta,"41",Highway 41,Provincial,Paved,"3","80","2",0.000000000000000,"0",42291.740753151236277,"1",3024.56464940489,-935644.331835713,1338171.40124903,-938555.983242051,1337352.69653645
"376","376","11893",50.737,-111.549,"63257","29526","0",18.120000000000001,01_29526,"1",01_48,Alberta,"36",Highway 36,Provincial,Paved,"2","80","2",0.000000000000000,"0",28694.157322619819752,"1",26454.7723390536,-1037416.10985259,1351799.51697013,-1061995.93675897,1361581.4947233
"377","377","11897",50.787,-111.601,"63257","29526","0",18.120000000000001,01_29526,"1",01_48,Alberta,"36",Highway 36,Provincial,Paved,"2","80","2",0.000000000000000,"0",28694.157322619819752,"1",22285.07052644,-1039894.40695203,1358148.7918593,-1061837.3718607,1362038.60668591
"378","378","59027",50.74,-111.483,"63257","29526","0",18.120000000000001,01_29526,"1",01_48,Alberta,"36",Highway 36,Provincial,Paved,"2","80","2",0.000000000000000,"0",28694.157322619819752,"1",30717.4522632475,-1032994.79601328,1351425.62467787,-1061876.16570539,1361886.4257109
"379","379","46317",50.806,-111.628,"63257","29526","0",18.120000000000001,01_29526,"1",01_48,Alberta,"36",Highway 36,Provincial,Paved,"2","80","2",0.000000000000000,"0",28694.157322619819752,"1",20567.1326799653,-1041312.48426857,1360641.0393858,-1061824.86966565,1362140.70334706
"380","380","46318",50.791,-111.61,"63257","29526","0",18.120000000000001,01_29526,"1",01_48,Alberta,"36",Highway 36,Provincial,Paved,"2","80","2",0.000000000000000,"0",28694.157322619819752,"1",21682.3604582697,-1040412.05709504,1358709.84682155,-1061837.3718607,1362038.60668591
"381","381","59039",50.744,-111.513,"63257","29526","0",18.120000000000001,01_29526,"1",01_48,Alberta,"36",Highway 36,Provincial,Paved,"2","80","2",0.000000000000000,"0",28694.157322619819752,"1",28655.3902287956,-1034902.09863528,1352215.27816463,-1061876.16570539,1361886.4257109
"382","382","86515",49.067,-110.45,"176670","29259","0",18.579999999999998,01_29259,"1",01_48,Alberta,"41",Highway 41,Provincial,Paved,"2","80","2",0.000000000000000,"1",28427.478658220854413,"1",13704.5571435537,-994455.110540894,1146386.51588816,-980900.215355295,1144366.68841822
"383","383","59043",50.753,-111.506,"63257","29526","0",18.120000000000001,01_29526,"1",01_48,Alberta,"36",Highway 36,Provincial,Paved,"2","80","2",0.000000000000000,"0",28694.157322619819752,"1",28949.0562679583,-1034267.56511903,1353179.35775043,-1061876.16570539,1361886.4257109
"384","384","46335",50.807,-111.597,"63257","29526","0",18.120000000000001,01_29526,"1",01_48,Alberta,"36",Highway 36,Provincial,Paved,"2","80","2",0.000000000000000,"0",28694.157322619819752,"1",22644.1948883251,-1039246.41892178,1360416.42838434,-1061824.86966565,1362140.70334706
"385","385","64790",49.45,-110.817,"176674","29283","0",7.310000000000000,01_29283,"1",01_48,Alberta,"61",Highway 61,Provincial,Paved,"2","80","2",0.000000000000000,"0",11242.887077112143743,"1",277.353395163242,-1012498.59073734,1194770.04589543,-1012224.65105602,1194726.66436928
"386","386","46359",50.688,-111.617,"63255","29538","0",9.199999999999999,01_29538,"1",01_48,Alberta,"1",Highway 1,Provincial,Paved,"4","100","1",1.000000000000000,"0",14461.455303759805247,"1",21190.78129971,-1042853.64607315,1346880.99344468,-1059700.90294626,1334027.23337443
"387","387","59049",50.735,-111.484,"63257","29526","0",18.120000000000001,01_29526,"1",01_48,Alberta,"36",Highway 36,Provincial,Paved,"2","80","2",0.000000000000000,"0",28694.157322619819752,"1",30763.8380999547,-1033156.19001983,1350858.43792985,-1061897.94218553,1361827.73221371
"388","388","59051",50.745,-111.469,"63257","29526","0",18.120000000000001,01_29526,"1",01_48,Alberta,"36",Highway 36,Provincial,Paved,"2","80","2",0.000000000000000,"0",28694.157322619819752,"1",31541.2765277158,-1031973.87524128,1351851.23014738,-1061876.16570539,1361886.4257109
"389","389","59052",50.752,-111.476,"63257","29526","0",18.120000000000001,01_29526,"1",01_48,Alberta,"36",Highway 36,Provincial,Paved,"2","80","2",0.000000000000000,"0",28694.157322619819752,"1",30955.8545558119,-1032303.40068162,1352736.75357855,-1061876.16570539,1361886.4257109
"390","390","67881",51.439,-110.386,"63220","29846","0",26.270000000000000,01_29846,"1",01_48,Alberta,"41",Highway 41,Provincial,Paved,"2","80","2",0.000000000000000,"0",42225.209812089698971,"1",5812.83373673645,-948019.823201537,1420777.37162345,-953766.513793223,1421651.77616047
"391","391","99816",50.783,-111.5,"63257","29526","0",18.120000000000001,01_29526,"1",01_48,Alberta,"36",Highway 36,Provincial,Paved,"2","80","2",0.000000000000000,"0",28694.157322619819752,"1",29055.5664615698,-1033298.77114599,1356582.03160177,-1061837.3718607,1362038.60668591
"392","392","232132",50.698,-111.271,"63260","29490","0",45.340000000000003,01_29490,"1",01_48,Alberta,"1",Highway 1,Provincial,Paved,"4","100","1",1.000000000000000,"0",71005.866205162252299,"1",35002.4378921158,-1019763.39616655,1344273.26738515,-1046997.2972575,1322284.96845687
"393","393","232133",50.749,-111.467,"63257","29526","0",18.120000000000001,01_29526,"1",01_48,Alberta,"36",Highway 36,Provincial,Paved,"2","80","2",0.000000000000000,"0",28694.157322619819752,"1",31602.3140515655,-1031765.50516425,1352291.92858025,-1061876.16570539,1361886.4257109
"394","394","232134",50.843,-111.317,"63258","29525","0",12.859999999999999,01_29525,"1",01_48,Alberta,"36",Highway 36,Provincial,Paved,"2","80","2",0.000000000000000,"0",20426.334411487259786,"1",39650.8961122991,-1020075.37715666,1361536.6128387,-1057303.12551558,1375185.36057002
"395","395","232137",50.763,-111.379,"63256","29534","0",8.410000000000000,01_29534,"1",01_48,Alberta,"1",Highway 1,Provincial,Paved,"4","100","1",1.000000000000000,"0",13197.923511066590436,"1",37171.3006816622,-1025682.02853467,1352955.70804737,-1049503.31226196,1324420.60622608
"396","396","232140",50.741,-111.479,"63257","29526","0",18.120000000000001,01_29526,"1",01_48,Alberta,"36",Highway 36,Provincial,Paved,"2","80","2",0.000000000000000,"0",28694.157322619819752,"1",30959.951770867,-1032711.25244483,1351497.66023284,-1061876.16570539,1361886.4257109
"397","397","59103",50.749,-111.505,"63257","29526","0",18.120000000000001,01_29526,"1",01_48,Alberta,"36",Highway 36,Provincial,Paved,"2","80","2",0.000000000000000,"0",28694.157322619819752,"1",29085.2380663762,-1034277.77582076,1352706.01454616,-1061876.16570539,1361886.4257109
"398","398","59104",50.761,-111.498,"63257","29526","0",18.120000000000001,01_29526,"1",01_48,Alberta,"36",Highway 36,Provincial,Paved,"2","80","2",0.000000000000000,"0",28694.157322619819752,"1",29362.645397075,-1033586.15859449,1354016.96211082,-1061859.1878495,1361941.65525692
"399","399","77265",50.817,-111.322,"63258","29525","0",12.859999999999999,01_29525,"1",01_48,Alberta,"36",Highway 36,Provincial,Paved,"2","80","2",0.000000000000000,"0",20426.334411487259786,"1",40012.4434333599,-1020895.60668683,1358584.29679918,-1057321.0415447,1375142.7787623
"400","400","59106",50.738,-111.503,"63257","29526","0",18.120000000000001,01_29526,"1",01_48,Alberta,"36",Highway 36,Provincial,Paved,"2","80","2",0.000000000000000,"0",28694.157322619819752,"1",29446.0381218936,-1034355.40149163,1351412.47354189,-1061897.94218553,1361827.73221371
"401","401","59107",50.809,-111.327,"63258","29525","0",12.859999999999999,01_29525,"1",01_48,Alberta,"36",Highway 36,Provincial,Paved,"2","80","2",0.000000000000000,"0",20426.334411487259786,"1",39946.8813050702,-1021376.71605174,1357713.1540053,-1057341.2952288,1375099.9987627
"402","402","59108",50.83,-111.615,"63257","29526","0",18.120000000000001,01_29526,"1",01_48,Alberta,"36",Highway 36,Provincial,Paved,"2","80","2",0.000000000000000,"0",28694.157322619819752,"1",20976.6121254461,-1039993.09845866,1363271.86557117,-1057769.8914204,1374407.56888336
"403","403","155221",51.439,-110.386,"63220","29846","0",26.270000000000000,01_29846,"1",01_48,Alberta,"41",Highway 41,Provincial,Paved,"2","80","2",0.000000000000000,"0",42225.209812089698971,"1",5812.83373673645,-948019.823201537,1420777.37162345,-953766.513793223,1421651.77616047
"404","404","64318",50.73,-111.556,"63257","29526","0",18.120000000000001,01_29526,"1",01_48,Alberta,"36",Highway 36,Provincial,Paved,"2","80","2",0.000000000000000,"0",28694.157322619819752,"1",26171.1310684554,-1038012.93994174,1351066.91307089,-1062329.22826063,1360744.0109724
"405","405","191258",50.4,-111.1,"63260","29490","0",45.340000000000003,01_29490,"1",01_48,Alberta,"1",Highway 1,Provincial,Paved,"4","100","1",1.000000000000000,"0",71005.866205162252299,"1",18589.0273237206,-1013982.93514709,1307950.42617318,-1029136.53721967,1297183.79805348
"406","406","191259",50.4,-111.1,"63260","29490","0",45.340000000000003,01_29490,"1",01_48,Alberta,"1",Highway 1,Provincial,Paved,"4","100","1",1.000000000000000,"0",71005.866205162252299,"1",18589.0273237206,-1013982.93514709,1307950.42617318,-1029136.53721967,1297183.79805348
"407","407","64326",50.742,-111.489,"63257","29526","0",18.120000000000001,01_29526,"1",01_48,Alberta,"36",Highway 36,Provincial,Paved,"2","80","2",0.000000000000000,"0",28694.157322619819752,"1",30279.6593514171,-1033353.41620594,1351722.24687396,-1061876.16570539,1361886.4257109
"408","408","64325",49.986,-111.422,"62869","29467","0",25.329999999999998,01_29467,"1",01_48,Alberta,"3",Highway 3,Provincial,Paved,"2","80","2",1.000000000000000,"0",39223.897914245040738,"1",14145.2677341384,-1043284.52897353,1263494.09381634,-1041761.38194967,1249431.07058468
"409","409","191270",50.733,-111.512,"63257","29526","0",18.120000000000001,01_29526,"1",01_48,Alberta,"36",Highway 36,Provincial,Paved,"2","80","2",0.000000000000000,"0",28694.157322619819752,"1",28977.4850001933,-1035045.95305082,1350932.64266182,-1061969.69884452,1361647.4244782
"410","410","74120",49.351,-110.559,"176676","29274","0",14.890000000000001,01_29274,"1",01_48,Alberta,"889",Highway 889,Provincial,Paved,"2","60","2",0.000000000000000,"0",22865.076964170413703,"1",8215.74361911155,-996788.817716443,1180537.92768479,-1004907.34863072,1181798.0463335
"411","411","45683",50.786,-111.477,"63257","29526","0",18.120000000000001,01_29526,"1",01_48,Alberta,"36",Highway 36,Provincial,Paved,"2","80","2",0.000000000000000,"0",28694.157322619819752,"1",30588.677200346,-1031722.01714818,1356678.32839032,-1061837.3718607,1362038.60668591
"412","412","51862",50.733,-111.512,"63257","29526","0",18.120000000000001,01_29526,"1",01_48,Alberta,"36",Highway 36,Provincial,Paved,"2","80","2",0.000000000000000,"0",28694.157322619819752,"1",28977.4850001933,-1035045.95305082,1350932.64266182,-1061969.69884452,1361647.4244782
"413","413","74657",50.823,-111.62,"63257","29526","0",18.120000000000001,01_29526,"1",01_48,Alberta,"36",Highway 36,Provincial,Paved,"2","80","2",0.000000000000000,"0",28694.157322619819752,"1",20868.5597045944,-1040457.59783636,1362517.79621178,-1060122.51265978,1369502.63043542
"414","414","146195",50.756,-111.525,"63257","29526","0",18.120000000000001,01_29526,"1",01_48,Alberta,"36",Highway 36,Provincial,Paved,"2","80","2",0.000000000000000,"0",28694.157322619819752,"1",27639.705221187,-1035466.23367666,1353733.5860245,-1061876.16570539,1361886.4257109
"415","415","60873",50.821,-111.615,"63257","29526","0",18.120000000000001,01_29526,"1",01_48,Alberta,"36",Highway 36,Provincial,Paved,"2","80","2",0.000000000000000,"0",28694.157322619819752,"1",21239.0808501062,-1040165.98177096,1362231.79979501,-1060180.04703264,1369340.64970609
"416","416","59025",50.747,-111.517,"63257","29526","0",18.120000000000001,01_29526,"1",01_48,Alberta,"36",Highway 36,Provincial,Paved,"2","80","2",0.000000000000000,"0",28694.157322619819752,"1",28330.1394288539,-1035109.27750073,1352605.77401518,-1061876.16570539,1361886.4257109
"417","417","210574",50.745,-111.489,"63257","29526","0",18.120000000000001,01_29526,"1",01_48,Alberta,"36",Highway 36,Provincial,Paved,"2","80","2",0.000000000000000,"0",28694.157322619819752,"1",30219.0743611468,-1033296.23661742,1352069.08856832,-1061876.16570539,1361886.4257109
"418","418","46358",50.742,-111.488,"63257","29526","0",18.120000000000001,01_29526,"1",01_48,Alberta,"36",Highway 36,Provincial,Paved,"2","80","2",0.000000000000000,"0",28694.157322619819752,"1",30345.6047558116,-1033287.29557022,1351711.34672396,-1061876.16570539,1361886.4257109
"419","419","229978",50.78,-111.411,"63257","29526","0",18.120000000000001,01_29526,"1",01_48,Alberta,"36",Highway 36,Provincial,Paved,"2","80","2",0.000000000000000,"0",28694.157322619819752,"1",35023.0399216075,-1027475.0360611,1355267.845743,-1061837.3718607,1362038.60668591
"420","420","219192",50.737,-111.468,"63256","29534","0",8.410000000000000,01_29534,"1",01_48,Alberta,"1",Highway 1,Provincial,Paved,"4","100","1",1.000000000000000,"0",13197.923511066590436,"1",31518.5839517835,-1032060.03099759,1350915.39341125,-1052185.80382927,1326658.96328947
"421","421","76752",50.775,-111.573,"63257","29526","0",18.120000000000001,01_29526,"1",01_48,Alberta,"36",Highway 36,Provincial,Paved,"2","80","2",0.000000000000000,"0",28694.157322619819752,"1",24213.3025594232,-1038274.80798281,1356454.89545598,-1061848.23405756,1361984.59743096
"422","422","64427",50.763,-111.462,"63257","29526","0",18.120000000000001,01_29526,"1",01_48,Alberta,"36",Highway 36,Provincial,Paved,"2","80","2",0.000000000000000,"0",28694.157322619819752,"1",31737.8340593579,-1031168.56275447,1353856.13473836,-1061859.1878495,1361941.65525692
"423","423","232139",50.742,-111.5,"63257","29526","0",18.120000000000001,01_29526,"1",01_48,Alberta,"36",Highway 36,Provincial,Paved,"2","80","2",0.000000000000000,"0",28694.157322619819752,"1",29554.5684074847,-1034080.7356081,1351842.19455769,-1061876.16570539,1361886.4257109
"424","424","67870",50.738,-111.479,"63257","29526","0",18.120000000000001,01_29526,"1",01_48,Alberta,"36",Highway 36,Provincial,Paved,"2","80","2",0.000000000000000,"0",28694.157322619819752,"1",31024.4375371196,-1032768.39605861,1351150.80878943,-1061876.16570539,1361886.4257109
"425","425","133004",49.96,-110.343,"62906","29492","0",16.050000000000001,01_29492,"1",01_48,Alberta,"1",Highway 1,Provincial,Paved,"4","100","1",1.000000000000000,"0",24921.618972167663742,"1",350.553417333966,-971330.264616634,1249013.85985947,-971579.410943317,1248767.25530496
"426","426","59109",50.747,-111.491,"63257","29526","0",18.120000000000001,01_29526,"1",01_48,Alberta,"36",Highway 36,Provincial,Paved,"2","80","2",0.000000000000000,"0",28694.157322619819752,"1",30048.5934256369,-1033390.34587815,1352322.11519579,-1061876.16570539,1361886.4257109
"427","427","46956",50.131,-111.694,"62864","29519","0",14.170000000000000,01_29519,"1",01_48,Alberta,"36",Highway 36,Provincial,Paved,"2","80","2",0.000000000000000,"0",22194.985179657538538,"1",27057.3291625888,-1058713.38749913,1283300.66049056,-1078078.98311832,1302197.02965838
"428","428","59113",50.814,-111.598,"63257","29526","0",18.120000000000001,01_29526,"1",01_48,Alberta,"36",Highway 36,Provincial,Paved,"2","80","2",0.000000000000000,"0",28694.157322619819752,"1",22503.1331421868,-1039178.12252466,1361236.38851274,-1060383.33279146,1368768.32443624
"429","429","59116",50.743,-111.489,"63257","29526","0",18.120000000000001,01_29526,"1",01_48,Alberta,"36",Highway 36,Provincial,Paved,"2","80","2",0.000000000000000,"0",28694.157322619819752,"1",30259.024037301,-1033334.35629199,1351837.86108212,-1061876.16570539,1361886.4257109
"430","430","59117",50.752,-111.53,"63257","29526","0",18.120000000000001,01_29526,"1",01_48,Alberta,"36",Highway 36,Provincial,Paved,"2","80","2",0.000000000000000,"0",28694.157322619819752,"1",27375.9073524457,-1035873.16634235,1353325.79912778,-1061876.16570539,1361886.4257109
"431","431","227685",50.744,-111.509,"63257","29526","0",18.120000000000001,01_29526,"1",01_48,Alberta,"36",Highway 36,Provincial,Paved,"2","80","2",0.000000000000000,"0",28694.157322619819752,"1",28919.111488092,-1034637.6362045,1352171.61640295,-1061876.16570539,1361886.4257109
"432","432","51861",50.753,-111.506,"63257","29526","0",18.120000000000001,01_29526,"1",01_48,Alberta,"36",Highway 36,Provincial,Paved,"2","80","2",0.000000000000000,"0",28694.157322619819752,"1",28949.0562679583,-1034267.56511903,1353179.35775043,-1061876.16570539,1361886.4257109
"433","433","187421",50.836,-111.139,"63258","29525","0",12.859999999999999,01_29525,"1",01_48,Alberta,"36",Highway 36,Provincial,Paved,"2","80","2",0.000000000000000,"0",20426.334411487259786,"1",51516.6264517941,-1008452.94733412,1358822.71494942,-1057287.88879814,1375227.32689789
"434","434","24893",50.733,-111.3,"63260","29490","0",45.340000000000003,01_29490,"1",01_48,Alberta,"1",Highway 1,Provincial,Paved,"4","100","1",1.000000000000000,"0",71005.866205162252299,"1",36986.8265908024,-1021024.04815814,1348633.62963194,-1047130.7641267,1322433.15783094
"435","435","60173",50.815,-111.575,"63257","29526","0",18.120000000000001,01_29526,"1",01_48,Alberta,"36",Highway 36,Provincial,Paved,"2","80","2",0.000000000000000,"0",28694.157322619819752,"1",23997.7442265815,-1037640.46590288,1361100.02247678,-1060254.08192862,1369132.2138468
"436","436","52487",50.748,-111.395,"63256","29534","0",8.410000000000000,01_29534,"1",01_48,Alberta,"1",Highway 1,Provincial,Paved,"4","100","1",1.000000000000000,"0",13197.923511066590436,"1",35112.8542106657,-1027023.90404009,1351394.47529452,-1049526.02926273,1324439.57052221
"437","437","34750",50.743,-111.492,"63257","29526","0",18.120000000000001,01_29526,"1",01_48,Alberta,"36",Highway 36,Provincial,Paved,"2","80","2",0.000000000000000,"0",28694.157322619819752,"1",30061.0832564813,-1033532.71385046,1351870.5651138,-1061876.16570539,1361886.4257109
"438","438","24891",49.95,-110.267,"62909","29491","0",24.829999999999998,01_29491,"1",01_48,Alberta,"1",Highway 1,Provincial,Paved,"4","100","1",1.000000000000000,"0",38519.276643709454220,"1",483.076622762401,-966398.474455133,1247076.40845197,-966239.201326831,1247532.47324348
"439","439","67878",50.756,-111.525,"63257","29526","0",18.120000000000001,01_29526,"1",01_48,Alberta,"36",Highway 36,Provincial,Paved,"2","80","2",0.000000000000000,"0",28694.157322619819752,"1",27639.705221187,-1035466.23367666,1353733.5860245,-1061876.16570539,1361886.4257109
"440","440","58913",50.807,-111.62,"63257","29526","0",18.120000000000001,01_29526,"1",01_48,Alberta,"36",Highway 36,Provincial,Paved,"2","80","2",0.000000000000000,"0",28694.157322619819752,"1",21111.1947849417,-1040765.05224266,1360668.75383778,-1061824.86966565,1362140.70334706
"441","441","64402",51.557,-108.139,"253402","24780","0",29.370000000000001,01_24780,"1",01_47,Saskatchewan,"7",Highway 7,Provincial,Paved,"2","80","2",1.000000000000000,"0",47108.144752565618546,"1",3365.20097708184,-799069.294253351,1413733.8177738,-797767.535437691,1410630.59338585
"442","442","214293",50.724,-111.565,"63257","29526","0",18.120000000000001,01_29526,"1",01_48,Alberta,"36",Highway 36,Provincial,Paved,"2","80","2",0.000000000000000,"0",28694.157322619819752,"1",25731.1096547505,-1038723.00302564,1350471.86604603,-1062634.6578661,1359975.69510887
"443","443","11894",50.737,-111.529,"63257","29526","0",18.120000000000001,01_29526,"1",01_48,Alberta,"36",Highway 36,Provincial,Paved,"2","80","2",0.000000000000000,"0",28694.157322619819752,"1",27764.3510712074,-1036093.69151236,1351580.78937197,-1061897.94218553,1361827.73221371
"444","444","60877",50.823,-111.604,"63257","29526","0",18.120000000000001,01_29526,"1",01_48,Alberta,"36",Highway 36,Provincial,Paved,"2","80","2",0.000000000000000,"0",28694.157322619819752,"1",21922.5142177865,-1039401.47582857,1362342.27832272,-1060059.55577806,1369679.87755067
"445","445","46333",50.75,-111.489,"63257","29526","0",18.120000000000001,01_29526,"1",01_48,Alberta,"36",Highway 36,Provincial,Paved,"2","80","2",0.000000000000000,"0",28694.157322619819752,"1",30126.9455245346,-1033200.93832588,1352647.15185569,-1061876.16570539,1361886.4257109
"446","446","146191",49.1,-110.94,"176676","29274","0",14.890000000000001,01_29274,"1",01_48,Alberta,"889",Highway 889,Provincial,Paved,"2","60","2",0.000000000000000,"0",22865.076964170413703,"1",26156.7222421853,-1027292.91345171,1155446.62579356,-1006549.96841931,1171381.00214902
"446","446","146191",49.1,-110.94,"176657","29271","0",32.530000000000001,01_29271,"1",01_48,Alberta,"501",Highway 501,Provincial,Paved,"2","60","2",0.000000000000000,"0",49750.205365787616756,"2",26156.7222421853,-1027292.91345171,1155446.62579356,-1006549.96841931,1171381.00214902
"447","447","146198",50.756,-111.525,"63257","29526","0",18.120000000000001,01_29526,"1",01_48,Alberta,"36",Highway 36,Provincial,Paved,"2","80","2",0.000000000000000,"0",28694.157322619819752,"1",27639.705221187,-1035466.23367666,1353733.5860245,-1061876.16570539,1361886.4257109
"448","448","162145",50.844,-111.788,"63257","29526","0",18.120000000000001,01_29526,"1",01_48,Alberta,"36",Highway 36,Provincial,Paved,"2","80","2",0.000000000000000,"0",28694.157322619819752,"1",9372.35041803279,-1051137.27014286,1366797.5219182,-1059968.14769105,1369937.03686278
"449","449","59046",50.744,-111.567,"63257","29526","0",18.120000000000001,01_29526,"1",01_48,Alberta,"36",Highway 36,Provincial,Paved,"2","80","2",0.000000000000000,"0",28694.157322619819752,"1",25103.0359701978,-1038472.16092133,1352805.80408924,-1061897.94218553,1361827.73221371
"450","450","11896",50.74,-111.525,"63257","29526","0",18.120000000000001,01_29526,"1",01_48,Alberta,"36",Highway 36,Provincial,Paved,"2","80","2",0.000000000000000,"0",28694.157322619819752,"1",27954.433472107,-1035771.89024216,1351883.90193564,-1061897.94218553,1361827.73221371
"451","451","60876",50.823,-111.604,"63257","29526","0",18.120000000000001,01_29526,"1",01_48,Alberta,"36",Highway 36,Provincial,Paved,"2","80","2",0.000000000000000,"0",28694.157322619819752,"1",21922.5142177865,-1039401.47582857,1362342.27832272,-1060059.55577806,1369679.87755067
"452","452","45684",50.728,-111.512,"63257","29526","0",18.120000000000001,01_29526,"1",01_48,Alberta,"36",Highway 36,Provincial,Paved,"2","80","2",0.000000000000000,"0",28694.157322619819752,"1",29102.5536951114,-1035141.39593648,1350354.57618053,-1062181.34635418,1361115.60368655
"453","453","233410",50.12,-111.47,"63260","29490","0",45.340000000000003,01_29490,"1",01_48,Alberta,"1",Highway 1,Provincial,Paved,"4","100","1",1.000000000000000,"0",71005.866205162252299,"1",22290.3189052428,-1043947.4952229,1279542.92626659,-1025772.43343853,1292447.40014318
"454","454","59048",50.746,-111.493,"63257","29526","0",18.120000000000001,01_29526,"1",01_48,Alberta,"36",Highway 36,Provincial,Paved,"2","80","2",0.000000000000000,"0",28694.157322619819752,"1",29935.3418379359,-1033541.63873668,1352228.3062038,-1061876.16570539,1361886.4257109
"455","455","230000",50.724,-111.565,"63257","29526","0",18.120000000000001,01_29526,"1",01_48,Alberta,"36",Highway 36,Provincial,Paved,"2","80","2",0.000000000000000,"0",28694.157322619819752,"1",25731.1096547505,-1038723.00302564,1350471.86604603,-1062634.6578661,1359975.69510887
"456","456","175824",50.728,-111.558,"63257","29526","0",18.120000000000001,01_29526,"1",01_48,Alberta,"36",Highway 36,Provincial,Paved,"2","80","2",0.000000000000000,"0",28694.157322619819752,"1",26090.0056750783,-1038183.48419646,1350857.60479884,-1062428.65740736,1360493.99271647
"457","457","232131",50.736,-111.494,"63257","29526","0",18.120000000000001,01_29526,"1",01_48,Alberta,"36",Highway 36,Provincial,Paved,"2","80","2",0.000000000000000,"0",28694.157322619819752,"1",30083.7357122926,-1033798.4148035,1351083.07236269,-1061897.94218553,1361827.73221371
"458","458","58945",50.79,-111.614,"63257","29526","0",18.120000000000001,01_29526,"1",01_48,Alberta,"36",Highway 36,Provincial,Paved,"2","80","2",0.000000000000000,"0",28694.157322619819752,"1",21413.63177451,-1040695.45350364,1358638.17818972,-1061837.3718607,1362038.60668591
"459","459","11890",50.741,-111.529,"63257","29526","0",18.120000000000001,01_29526,"1",01_48,Alberta,"36",Highway 36,Provincial,Paved,"2","80","2",0.000000000000000,"0",28694.157322619819752,"1",27668.5133064645,-1036017.25601422,1352043.21833246,-1061897.94218553,1361827.73221371
"460","460","61627",50.742,-111.489,"63257","29526","0",18.120000000000001,01_29526,"1",01_48,Alberta,"36",Highway 36,Provincial,Paved,"2","80","2",0.000000000000000,"0",28694.157322619819752,"1",30279.6593514171,-1033353.41620594,1351722.24687396,-1061876.16570539,1361886.4257109
"461","461","67871",50.73,-111.507,"63257","29526","0",18.120000000000001,01_29526,"1",01_48,Alberta,"36",Highway 36,Provincial,Paved,"2","80","2",0.000000000000000,"0",28694.157322619819752,"1",29379.9387827852,-1034772.5543585,1350531.21763704,-1062070.23057909,1361394.81169408
"462","462","58944",50.804,-111.612,"63257","29526","0",18.120000000000001,01_29526,"1",01_48,Alberta,"36",Highway 36,Provincial,Paved,"2","80","2",0.000000000000000,"0",28694.157322619819752,"1",21614.6525082104,-1040294.45883026,1360234.23742555,-1061824.86966565,1362140.70334706
"463","463","206775",50.75,-111.5,"63257","29526","0",18.120000000000001,01_29526,"1",01_48,Alberta,"36",Highway 36,Provincial,Paved,"2","80","2",0.000000000000000,"0",28694.157322619819752,"1",29398.1970828851,-1033928.15040743,1352767.08184038,-1061876.16570539,1361886.4257109
"464","464","59015",50.749,-111.407,"63256","29534","0",8.410000000000000,01_29534,"1",01_48,Alberta,"1",Highway 1,Provincial,Paved,"4","100","1",1.000000000000000,"0",13197.923511066590436,"1",34805.1465165905,-1027798.42464253,1351640.15907616,-1050099.70803734,1324918.42666627
"465","465","77266",50.747,-111.552,"63257","29526","0",18.120000000000001,01_29526,"1",01_48,Alberta,"36",Highway 36,Provincial,Paved,"2","80","2",0.000000000000000,"0",28694.157322619819752,"1",26021.6799522755,-1037423.10093636,1352988.36688101,-1061876.16570539,1361886.4257109
"466","466","223397",50.752,-111.418,"63256","29534","0",8.410000000000000,01_29534,"1",01_48,Alberta,"1",Highway 1,Provincial,Paved,"4","100","1",1.000000000000000,"0",13197.923511066590436,"1",34733.570176878,-1028468.8348727,1352106.3400916,-1050715.72651645,1325432.44443643
"467","467","59022",50.733,-111.547,"63257","29526","0",18.120000000000001,01_29526,"1",01_48,Alberta,"36",Highway 36,Provincial,Paved,"2","80","2",0.000000000000000,"0",28694.157322619819752,"1",26685.6168346059,-1037360.39421631,1351315.2122621,-1062154.70483361,1361182.54760939
"468","468","123414",50.75,-111.475,"63257","29526","0",18.120000000000001,01_29526,"1",01_48,Alberta,"36",Highway 36,Provincial,Paved,"2","80","2",0.000000000000000,"0",28694.157322619819752,"1",31054.9914872567,-1032275.37555839,1352494.63573524,-1061876.16570539,1361886.4257109
"469","469","117848",50.787,-111.601,"63257","29526","0",18.120000000000001,01_29526,"1",01_48,Alberta,"36",Highway 36,Provincial,Paved,"2","80","2",0.000000000000000,"0",28694.157322619819752,"1",22285.07052644,-1039894.40695203,1358148.7918593,-1061837.3718607,1362038.60668591
"470","470","232278",50.756,-111.525,"63257","29526","0",18.120000000000001,01_29526,"1",01_48,Alberta,"36",Highway 36,Provincial,Paved,"2","80","2",0.000000000000000,"0",28694.157322619819752,"1",27639.705221187,-1035466.23367666,1353733.5860245,-1061876.16570539,1361886.4257109
"471","471","59110",50.813,-111.58,"63257","29526","0",18.120000000000001,01_29526,"1",01_48,Alberta,"36",Highway 36,Provincial,Paved,"2","80","2",0.000000000000000,"0",28694.157322619819752,"1",23709.5991978413,-1038008.90711249,1360923.61266815,-1060350.99757408,1368859.36013948
"472","472","59021",50.743,-111.491,"63257","29526","0",18.120000000000001,01_29526,"1",01_48,Alberta,"36",Highway 36,Provincial,Paved,"2","80","2",0.000000000000000,"0",28694.157322619819752,"1",30127.0590866862,-1033466.5947793,1351859.66307244,-1061876.16570539,1361886.4257109
"473","473","46957",50.765,-111.414,"63257","29526","0",18.120000000000001,01_29526,"1",01_48,Alberta,"36",Highway 36,Provincial,Paved,"2","80","2",0.000000000000000,"0",28694.157322619819752,"1",34920.3946877174,-1027957.78872739,1353566.0654646,-1061848.23405756,1361984.59743096
"474","474","189515",50.567,-111.765,"63255","29538","0",9.199999999999999,01_29538,"1",01_48,Alberta,"1",Highway 1,Provincial,Paved,"4","100","1",1.000000000000000,"0",14461.455303759805247,"1",4047.63113809505,-1054993.45946872,1334529.93304847,-1058211.67350843,1332075.05703843
"475","475","59111",50.74,-111.515,"63257","29526","0",18.120000000000001,01_29526,"1",01_48,Alberta,"36",Highway 36,Provincial,Paved,"2","80","2",0.000000000000000,"0",28694.157322619819752,"1",28611.5448134559,-1035110.69575089,1351774.67670493,-1061897.94218553,1361827.73221371
"476","476","232142",50.797,-111.579,"63257","29526","0",18.120000000000001,01_29526,"1",01_48,Alberta,"36",Highway 36,Provincial,Paved,"2","80","2",0.000000000000000,"0",28694.157322619819752,"1",23773.6328798036,-1038249.54653427,1359063.43806327,-1061829.53694467,1362091.58478181
"477","477","61625",50.729,-111.494,"63256","29534","0",8.410000000000000,01_29534,"1",01_48,Alberta,"1",Highway 1,Provincial,Paved,"4","100","1",1.000000000000000,"0",13197.923511066590436,"1",29842.594536114,-1033931.88046133,1350273.75826417,-1052486.28051023,1326900.38265275
"478","478","77261",50.821,-111.231,"63258","29525","0",12.859999999999999,01_29525,"1",01_48,Alberta,"36",Highway 36,Provincial,Paved,"2","80","2",0.000000000000000,"0",20426.334411487259786,"1",45810.7801860246,-1014809.78641916,1358069.76202106,-1057303.12551558,1375185.36057002
"479","479","123415",49.067,-110.45,"176670","29259","0",18.579999999999998,01_29259,"1",01_48,Alberta,"41",Highway 41,Provincial,Paved,"2","80","2",0.000000000000000,"1",28427.478658220854413,"1",13704.5571435537,-994455.110540894,1146386.51588816,-980900.215355295,1144366.68841822
"480","480","146197",50.756,-111.525,"63257","29526","0",18.120000000000001,01_29526,"1",01_48,Alberta,"36",Highway 36,Provincial,Paved,"2","80","2",0.000000000000000,"0",28694.157322619819752,"1",27639.705221187,-1035466.23367666,1353733.5860245,-1061876.16570539,1361886.4257109
"481","481","11892",50.753,-111.462,"63257","29526","0",18.120000000000001,01_29526,"1",01_48,Alberta,"36",Highway 36,Provincial,Paved,"2","80","2",0.000000000000000,"0",28694.157322619819752,"1",31869.7441796208,-1031358.82468239,1352699.98653591,-1061859.1878495,1361941.65525692
"482","482","59024",50.76,-111.504,"63257","29526","0",18.120000000000001,01_29526,"1",01_48,Alberta,"36",Highway 36,Provincial,Paved,"2","80","2",0.000000000000000,"0",28694.157322619819752,"1",28976.4027117222,-1034001.8120414,1353966.78678163,-1061859.1878495,1361941.65525692
"483","483","232141",50.742,-111.512,"63257","29526","0",18.120000000000001,01_29526,"1",01_48,Alberta,"36",Highway 36,Provincial,Paved,"2","80","2",0.000000000000000,"0",28694.157322619819752,"1",28764.2406387921,-1034874.15907637,1351973.14282717,-1061876.16570539,1361886.4257109
"484","484","116229",50.75,-111.517,"63257","29526","0",18.120000000000001,01_29526,"1",01_48,Alberta,"36",Highway 36,Provincial,Paved,"2","80","2",0.000000000000000,"0",28694.157322619819752,"1",28272.768061511,-1035051.99623904,1352952.59415324,-1061876.16570539,1361886.4257109
"485","485","35511",50.73,-111.8,"63257","29526","0",18.120000000000001,01_29526,"1",01_48,Alberta,"36",Highway 36,Provincial,Paved,"2","80","2",0.000000000000000,"0",28694.157322619819752,"1",10185.672223008,-1054144.59163207,1353759.38970077,-1063610.89640112,1357519.3089358
"486","486","59023",50.76,-111.504,"63257","29526","0",18.120000000000001,01_29526,"1",01_48,Alberta,"36",Highway 36,Provincial,Paved,"2","80","2",0.000000000000000,"0",28694.157322619819752,"1",28976.4027117222,-1034001.8120414,1353966.78678163,-1061859.1878495,1361941.65525692
"487","487","152259",49.067,-110.45,"176670","29259","0",18.579999999999998,01_29259,"1",01_48,Alberta,"41",Highway 41,Provincial,Paved,"2","80","2",0.000000000000000,"1",28427.478658220854413,"1",13704.5571435537,-994455.110540894,1146386.51588816,-980900.215355295,1144366.68841822
"488","488","59038",50.738,-111.563,"63257","29526","0",18.120000000000001,01_29526,"1",01_48,Alberta,"36",Highway 36,Provincial,Paved,"2","80","2",0.000000000000000,"0",28694.157322619819752,"1",25513.0851085489,-1038322.62480672,1352068.39313233,-1062027.50526378,1361502.17043905
"489","489","144551",50.749,-111.472,"63257","29526","0",18.120000000000001,01_29526,"1",01_48,Alberta,"36",Highway 36,Provincial,Paved,"2","80","2",0.000000000000000,"0",28694.157322619819752,"1",31270.8592470315,-1032096.07657318,1352346.35604001,-1061876.16570539,1361886.4257109
"490","490","59037",50.813,-111.606,"63257","29526","0",18.120000000000001,01_29526,"1",01_48,Alberta,"36",Highway 36,Provincial,Paved,"2","80","2",0.000000000000000,"0",28694.157322619819752,"1",21996.6137278699,-1039725.47946925,1361208.53787502,-1060447.93979898,1368586.25116408
"491","491","96534",50.667,-111.601,"63256","29534","0",8.410000000000000,01_29534,"1",01_48,Alberta,"1",Highway 1,Provincial,Paved,"4","100","1",1.000000000000000,"0",13197.923511066590436,"1",20006.4453465264,-1042198.08108647,1344277.22692995,-1054638.9031489,1328609.30422736
"492","492","230402",34.081,-80.055,"552218","947801","0",1.130000000000000,02_34908340,"2",02_45,South Carolina,U76,,State,Paved,"2","88","4",0.000000000000000,"0",1359.454975089496656,"1",908.857676986146,1391965.86913862,-577676.235551338,1392617.10682793,-578310.20065214
"493","493","201610",34.241,-79.743,"531348","948978","0",0.150000000000000,02_34940694,"2",02_45,South Carolina,I95,,State,Paved,"6","88","1",1.000000000000000,"0",187.581144614277889,"1",1953.46904404386,1415750.25695647,-554645.206831219,1414144.35606065,-553532.94624177
"494","494","52873",47.787,-108.936,"248944","665918","0",13.230000000000000,02_12592464,"2",02_30,Montana,U191,,State,Paved,"2","112","3",7.000000000000000,"0",19672.330368359580461,"1",16396.4556056263,-911451.55166902,981999.578549523,-896363.569374847,975581.124941527
"495","495","52056",30.433,-104.737,"32588","468592","0",39.189999999999998,02_3779379,"2",02_48,Texas,U90,,State,Paved,"2","120","4",3.000000000000000,"0",45612.940350425968063,"1",28162.9519940473,-804242.52201981,-1081650.77788329,-781166.39234124,-1065506.30192162
"496","496","167668",39.97,-74.902,"659737","1054310","0",0.950000000000000,02_43131185,"2",02_34,New Jersey,S700,NEW JERSEY TPKE,State,Paved,"6","104","2",7.000000000000000,"0",1239.671525734125680,"1",169.671674744791,1682661.70843083,184480.923920513,1682506.17099162,184548.722019422
"497","497","176940",32.772,-87.868,"306319","717676","0",22.949999999999999,02_16287090,"2",02_01,Alabama,U43,,State,Paved,"2","72","3",7.000000000000000,"0",27370.761176866464666,"1",3601.98182831561,725459.809945778,-816419.32860981,722026.439058116,-815330.18333058
"498","498","165876",41.748,-110.626,"148581","576247","0",2.760000000000000,02_9023205,"2",02_56,Wyoming,U189,,State,Paved,"2","104","4",0.000000000000000,"0",3705.712634555778550,"1",4767.52025821138,-1139259.02571655,294420.807262235,-1134505.1886122,294059.861008941
"499","499","75287",41.935,-106.881,"222423","637870","0",8.690000000000000,02_11223833,"2",02_56,Wyoming,U30,,State,Paved,"2","104","4",0.000000000000000,"0",11643.140594355203575,"1",19563.8859910602,-846525.269929391,277088.478127072,-838639.397280797,259184.326439786
"500","500","14544",41.8,-107,"219106","635189","0",7.120000000000000,02_11043187,"2",02_56,Wyoming,I80,,State,Paved,"4","104","1",1.000000000000000,"0",9533.943490472609483,"1",4478.0247120213,-857588.431791743,262315.087187006,-859223.691588372,258146.318697512
"501","501","14540",41.94,-106.876,"222423","637870","0",8.690000000000000,02_11223833,"2",02_56,Wyoming,U30,,State,Paved,"2","104","4",0.000000000000000,"0",11643.140594355203575,"1",19884.9309679681,-846070.361980098,277630.685104551,-838580.60493784,259210.206852106
"502","502","75447",41.935,-106.882,"222423","637870","0",8.690000000000000,02_11223833,"2",02_56,Wyoming,U30,,State,Paved,"2","104","4",0.000000000000000,"0",11643.140594355203575,"1",19603.3953864392,-846602.72641186,277097.408246874,-838639.397280797,259184.326439786
"503","503","75298",41.954,-106.885,"222423","637870","0",8.690000000000000,02_11223833,"2",02_56,Wyoming,U30,,State,Paved,"2","104","4",0.000000000000000,"0",11643.140594355203575,"1",21673.4249842187,-846577.910945982,279354.199682692,-838580.60493784,259210.206852106
"504","504","75284",41.935,-106.89,"222423","637870","0",8.690000000000000,02_11223833,"2",02_56,Wyoming,U30,,State,Paved,"2","104","4",0.000000000000000,"0",11643.140594355203575,"1",19920.0590100812,-847222.374879497,277168.878619418,-839031.118722447,259010.903139351
"505","505","14542",41.935,-106.882,"222423","637870","0",8.690000000000000,02_11223833,"2",02_56,Wyoming,U30,,State,Paved,"2","104","4",0.000000000000000,"0",11643.140594355203575,"1",19603.3953864392,-846602.72641186,277097.408246874,-838639.397280797,259184.326439786
"506","506","70343",41.8,-107,"219106","635189","0",7.120000000000000,02_11043187,"2",02_56,Wyoming,I80,,State,Paved,"4","104","1",1.000000000000000,"0",9533.943490472609483,"1",4478.0247120213,-857588.431791743,262315.087187006,-859223.691588372,258146.318697512
"507","507","75431",41.94,-106.876,"222423","637870","0",8.690000000000000,02_11223833,"2",02_56,Wyoming,U30,,State,Paved,"2","104","4",0.000000000000000,"0",11643.140594355203575,"1",19884.9309679681,-846070.361980098,277630.685104551,-838580.60493784,259210.206852106
"508","508","14543",41.938,-106.853,"222423","637870","0",8.690000000000000,02_11223833,"2",02_56,Wyoming,U30,,State,Paved,"2","104","4",0.000000000000000,"0",11643.140594355203575,"1",18868.7632918067,-844315.961184418,277190.88334079,-838450.132161082,259257.052795387
"509","509","75280",41.94,-106.876,"222423","637870","0",8.690000000000000,02_11223833,"2",02_56,Wyoming,U30,,State,Paved,"2","104","4",0.000000000000000,"0",11643.140594355203575,"1",19884.9309679681,-846070.361980098,277630.685104551,-838580.60493784,259210.206852106
"510","510","165878",41.835,-106.623,"222425","637860","0",18.250000000000000,02_11225338,"2",02_56,Wyoming,U30,,State,Paved,"2","104","4",0.000000000000000,"0",24460.177858002291032,"1",685.353987733389,-827859.491087105,263071.671976711,-827692.623462093,262406.942494723
"511","511","75283",41.939,-106.891,"222423","637870","0",8.690000000000000,02_11223833,"2",02_56,Wyoming,U30,,State,Paved,"2","104","4",0.000000000000000,"0",11643.140594355203575,"1",20366.4753210253,-847245.65694448,277647.283657056,-839031.118722447,259010.903139351
"512","512","75443",41.935,-106.882,"222423","637870","0",8.690000000000000,02_11223833,"2",02_56,Wyoming,U30,,State,Paved,"2","104","4",0.000000000000000,"0",11643.140594355203575,"1",19603.3953864392,-846602.72641186,277097.408246874,-838639.397280797,259184.326439786
"513","513","75446",41.935,-106.882,"222423","637870","0",8.690000000000000,02_11223833,"2",02_56,Wyoming,U30,,State,Paved,"2","104","4",0.000000000000000,"0",11643.140594355203575,"1",19603.3953864392,-846602.72641186,277097.408246874,-838639.397280797,259184.326439786
"514","514","75290",41.935,-106.881,"222423","637870","0",8.690000000000000,02_11223833,"2",02_56,Wyoming,U30,,State,Paved,"2","104","4",0.000000000000000,"0",11643.140594355203575,"1",19563.8859910602,-846525.269929391,277088.478127072,-838639.397280797,259184.326439786
"515","515","75292",41.938,-106.853,"222423","637870","0",8.690000000000000,02_11223833,"2",02_56,Wyoming,U30,,State,Paved,"2","104","4",0.000000000000000,"0",11643.140594355203575,"1",18868.7632918067,-844315.961184418,277190.88334079,-838450.132161082,259257.052795387
"516","516","75432",41.94,-106.876,"222423","637870","0",8.690000000000000,02_11223833,"2",02_56,Wyoming,U30,,State,Paved,"2","104","4",0.000000000000000,"0",11643.140594355203575,"1",19884.9309679681,-846070.361980098,277630.685104551,-838580.60493784,259210.206852106
"517","517","75435",41.94,-106.892,"222423","637870","0",8.690000000000000,02_11223833,"2",02_56,Wyoming,U30,,State,Paved,"2","104","4",0.000000000000000,"0",11643.140594355203575,"1",20507.8275661688,-847309.562883672,277773.58828176,-839031.118722447,259010.903139351
"518","518","52088",42.156,-106.908,"147677","664635","0",16.789999999999999,02_12467074,"2",02_56,Wyoming,S77,,State,Paved,"2","88","6",0.000000000000000,"0",22655.783372023710399,"1",38922.9252658819,-845618.65278917,303268.877617301,-807403.503441963,310657.820141375
"519","519","75299",41.956,-106.886,"222423","637870","0",8.690000000000000,02_11223833,"2",02_56,Wyoming,U30,,State,Paved,"2","104","4",0.000000000000000,"0",11643.140594355203575,"1",21918.5221840254,-846628.268863459,279597.867828096,-838580.60493784,259210.206852106
"520","520","75296",41.939,-106.881,"222423","637870","0",8.690000000000000,02_11223833,"2",02_56,Wyoming,U30,,State,Paved,"2","104","4",0.000000000000000,"0",11643.140594355203575,"1",19972.4902434385,-846471.145882924,277557.951403364,-838580.60493784,259210.206852106
"521","521","14541",41.941,-106.892,"222423","637870","0",8.690000000000000,02_11223833,"2",02_56,Wyoming,U30,,State,Paved,"2","104","4",0.000000000000000,"0",11643.140594355203575,"1",20609.8258291236,-847296.01822782,277890.955250552,-839028.101630223,259012.224471128
"522","522","75429",41.94,-106.876,"222423","637870","0",8.690000000000000,02_11223833,"2",02_56,Wyoming,U30,,State,Paved,"2","104","4",0.000000000000000,"0",11643.140594355203575,"1",19884.9309679681,-846070.361980098,277630.685104551,-838580.60493784,259210.206852106
"523","523","75281",41.94,-106.876,"222423","637870","0",8.690000000000000,02_11223833,"2",02_56,Wyoming,U30,,State,Paved,"2","104","4",0.000000000000000,"0",11643.140594355203575,"1",19884.9309679681,-846070.361980098,277630.685104551,-838580.60493784,259210.206852106
"524","524","75441",41.94,-106.892,"222423","637870","0",8.690000000000000,02_11223833,"2",02_56,Wyoming,U30,,State,Paved,"2","104","4",0.000000000000000,"0",11643.140594355203575,"1",20507.8275661688,-847309.562883672,277773.58828176,-839031.118722447,259010.903139351
"525","525","75286",41.8,-107,"219106","635189","0",7.120000000000000,02_11043187,"2",02_56,Wyoming,I80,,State,Paved,"4","104","1",1.000000000000000,"0",9533.943490472609483,"1",4478.0247120213,-857588.431791743,262315.087187006,-859223.691588372,258146.318697512
"526","526","75295",41.939,-106.881,"222423","637870","0",8.690000000000000,02_11223833,"2",02_56,Wyoming,U30,,State,Paved,"2","104","4",0.000000000000000,"0",11643.140594355203575,"1",19972.4902434385,-846471.145882924,277557.951403364,-838580.60493784,259210.206852106
"527","527","75285",41.939,-106.881,"222423","637870","0",8.690000000000000,02_11223833,"2",02_56,Wyoming,U30,,State,Paved,"2","104","4",0.000000000000000,"0",11643.140594355203575,"1",19972.4902434385,-846471.145882924,277557.951403364,-838580.60493784,259210.206852106
"528","528","75445",41.935,-106.882,"222423","637870","0",8.690000000000000,02_11223833,"2",02_56,Wyoming,U30,,State,Paved,"2","104","4",0.000000000000000,"0",11643.140594355203575,"1",19603.3953864392,-846602.72641186,277097.408246874,-838639.397280797,259184.326439786
"529","529","14545",41.957,-106.888,"222423","637870","0",8.690000000000000,02_11223833,"2",02_56,Wyoming,U30,,State,Paved,"2","104","4",0.000000000000000,"0",11643.140594355203575,"1",22096.3478044718,-846769.588973451,279733.099600466,-838580.60493784,259210.206852106
"530","530","75294",41.938,-106.853,"222423","637870","0",8.690000000000000,02_11223833,"2",02_56,Wyoming,U30,,State,Paved,"2","104","4",0.000000000000000,"0",11643.140594355203575,"1",18868.7632918067,-844315.961184418,277190.88334079,-838450.132161082,259257.052795387
"531","531","75289",41.935,-106.881,"222423","637870","0",8.690000000000000,02_11223833,"2",02_56,Wyoming,U30,,State,Paved,"2","104","4",0.000000000000000,"0",11643.140594355203575,"1",19563.8859910602,-846525.269929391,277088.478127072,-838639.397280797,259184.326439786
"532","532","75297",41.956,-106.891,"222423","637870","0",8.690000000000000,02_11223833,"2",02_56,Wyoming,U30,,State,Paved,"2","104","4",0.000000000000000,"0",11643.140594355203575,"1",22104.8859553002,-847015.417979966,279642.532026721,-838580.60493784,259210.206852106
"533","533","75439",41.94,-106.892,"222423","637870","0",8.690000000000000,02_11223833,"2",02_56,Wyoming,U30,,State,Paved,"2","104","4",0.000000000000000,"0",11643.140594355203575,"1",20507.8275661688,-847309.562883672,277773.58828176,-839031.118722447,259010.903139351
"534","534","75433",41.94,-106.892,"222423","637870","0",8.690000000000000,02_11223833,"2",02_56,Wyoming,U30,,State,Paved,"2","104","4",0.000000000000000,"0",11643.140594355203575,"1",20507.8275661688,-847309.562883672,277773.58828176,-839031.118722447,259010.903139351
"535","535","75434",41.94,-106.892,"222423","637870","0",8.690000000000000,02_11223833,"2",02_56,Wyoming,U30,,State,Paved,"2","104","4",0.000000000000000,"0",11643.140594355203575,"1",20507.8275661688,-847309.562883672,277773.58828176,-839031.118722447,259010.903139351
"536","536","75430",41.94,-106.876,"222423","637870","0",8.690000000000000,02_11223833,"2",02_56,Wyoming,U30,,State,Paved,"2","104","4",0.000000000000000,"0",11643.140594355203575,"1",19884.9309679681,-846070.361980098,277630.685104551,-838580.60493784,259210.206852106
"537","537","75442",41.94,-106.892,"222423","637870","0",8.690000000000000,02_11223833,"2",02_56,Wyoming,U30,,State,Paved,"2","104","4",0.000000000000000,"0",11643.140594355203575,"1",20507.8275661688,-847309.562883672,277773.58828176,-839031.118722447,259010.903139351
"538","538","14539",41.94,-106.876,"222423","637870","0",8.690000000000000,02_11223833,"2",02_56,Wyoming,U30,,State,Paved,"2","104","4",0.000000000000000,"0",11643.140594355203575,"1",19884.9309679681,-846070.361980098,277630.685104551,-838580.60493784,259210.206852106
"539","539","75293",41.938,-106.853,"222423","637870","0",8.690000000000000,02_11223833,"2",02_56,Wyoming,U30,,State,Paved,"2","104","4",0.000000000000000,"0",11643.140594355203575,"1",18868.7632918067,-844315.961184418,277190.88334079,-838450.132161082,259257.052795387
"540","540","45560",50.069,-111.139,"62887","29489","0",25.829999999999998,01_29489,"1",01_48,Alberta,"1",Highway 1,Provincial,Paved,"4","100","1",1.000000000000000,"0",40277.040032761644397,"1",14776.8793523064,-1022755.08253526,1270026.97081759,-1014580.44370215,1282336.78167483
"541","541","229973",49.903,-111.639,"62868","29466","0",18.329999999999998,01_29466,"1",01_48,Alberta,"3",Highway 3,Provincial,Paved,"2","80","2",1.000000000000000,"0",28359.938220752243069,"1",8824.66176870769,-1059432.24726315,1256286.29274671,-1061095.57906715,1247619.80657053
"542","542","181024",49.6,-111,"176673","29285","0",21.609999999999999,01_29285,"1",01_48,Alberta,"61",Highway 61,Provincial,Paved,"2","80","2",0.000000000000000,"0",33192.507252177798364,"1",14150.540760252,-1022122.1410719,1214144.0173747,-1024349.13053831,1200169.815368
"543","543","52646",50.05,-110.767,"62889","29498","0",4.630000000000000,01_29498,"1",01_48,Alberta,"1",Highway 1,Provincial,Paved,"4","100","1",1.000000000000000,"0",7213.843046040157788,"1",1863.84372137364,-998175.829704836,1263859.31680973,-996406.722606497,1264445.979824
"544","544","212647",49.943,-111.691,"62868","29466","0",18.329999999999998,01_29466,"1",01_48,Alberta,"3",Highway 3,Provincial,Paved,"2","80","2",1.000000000000000,"0",28359.938220752243069,"1",13527.3265708256,-1062148.87997402,1261500.7628242,-1063237.80801333,1248017.33596457
"545","545","64654",49.951,-111.423,"62869","29467","0",25.329999999999998,01_29467,"1",01_48,Alberta,"3",Highway 3,Provincial,Paved,"2","80","2",1.000000000000000,"0",39223.897914245040738,"1",10209.761228027,-1044017.14735104,1259450.2945347,-1042887.53158845,1249303.21650394
"546","546","59378",49.483,-111.374,"62867","29287","0",25.629999999999999,01_29287,"1",01_48,Alberta,"61",Highway 61,Provincial,Paved,"2","80","2",0.000000000000000,"0",39363.960755770407559,"1",2121.61680127263,-1049605.99356913,1204657.63830403,-1049951.20601468,1202564.29499276
"547","547","229970",50.864,-111.138,"63258","29525","0",12.859999999999999,01_29525,"1",01_48,Alberta,"36",Highway 36,Provincial,Paved,"2","80","2",0.000000000000000,"0",20426.334411487259786,"1",51106.0217588856,-1007865.36540747,1362050.28669229,-1055808.69972755,1379749.5000729
"548","548","52647",49.75,-111.667,"62868","29466","0",18.329999999999998,01_29466,"1",01_48,Alberta,"3",Highway 3,Provincial,Paved,"2","80","2",1.000000000000000,"0",28359.938220752243069,"1",9129.9840052562,-1064267.81921186,1238875.97970917,-1064433.78678658,1248004.45508573
"549","549","212648",50.114,-111.772,"62862","29484","0",6.480000000000000,01_29484,"1",01_48,Alberta,"36",Highway 36,Provincial,Paved,"2","80","2",0.000000000000000,"0",10111.196865629250169,"1",22063.3968705904,-1064257.13440739,1282206.35230664,-1086001.2199009,1285946.43619879
"550","550","59379",49.826,-111.699,"62858","29465","0",31.489999999999998,01_29465,"1",01_48,Alberta,"3",Highway 3,Provincial,Paved,"2","80","2",1.000000000000000,"0",48711.551411390988505,"1",44.8712657820297,-1064950.24267886,1248039.6987927,-1064949.56610279,1247994.83262797
"551","551","229967",49.494,-111.398,"62867","29287","0",25.629999999999999,01_29287,"1",01_48,Alberta,"61",Highway 61,Provincial,Paved,"2","80","2",0.000000000000000,"0",39363.960755770407559,"1",3412.25676097407,-1051021.02109578,1206199.35105002,-1051582.39878959,1202833.58942927
"552","552","135811",49.507,-111.357,"62867","29287","0",25.629999999999999,01_29287,"1",01_48,Alberta,"61",Highway 61,Provincial,Paved,"2","80","2",0.000000000000000,"0",39363.960755770407559,"1",4944.22017826077,-1048000.62307355,1207253.1983907,-1048806.9296263,1202375.1677518
"553","553","229968",49.569,-111.972,"173603","29312","0",28.809999999999999,01_29312,"1",01_48,Alberta,"61",Highway 61,Provincial,Paved,"2","80","2",0.000000000000000,"0",44294.246230015109177,"1",5334.18800431697,-1088357.91208358,1221369.66328464,-1089247.7903069,1216110.22620326
"554","554","229971",50.13,-111.705,"62864","29519","0",14.170000000000000,01_29519,"1",01_48,Alberta,"36",Highway 36,Provincial,Paved,"2","80","2",0.000000000000000,"0",22194.985179657538538,"1",26517.3689136622,-1059467.99939113,1283307.80109412,-1078099.32156558,1302176.94755429
"555","555","229969",49.688,-112.351,"63327","29431","0",23.410000000000000,01_29431,"1",01_48,Alberta,"3",Highway 3,Provincial,Paved,"4","80","1",1.000000000000000,"0",36175.828239126269182,"1",8003.00720577468,-1111530.37872071,1239546.03443862,-1109708.50788466,1247338.91009479
"556","556","176843",39.5,-104.7,"177469","660066","0",3.570000000000000,02_11851629,"2",02_08,Colorado,S83,,State,Paved,"6","88","3",10.000000000000000,"0",4631.995993349292803,"1",4949.13713240852,-703723.706860026,-26650.126561542,-708668.116871555,-26866.3856498336
"557","557","54105",49.517,-108.817,"63947","25246","0",9.600000000000000,01_25246,"1",01_47,Saskatchewan,"13",Highway 13,Provincial,Paved,"2","80","2",0.000000000000000,"0",14780.302046003676878,"1",364.921721169743,-875669.500813463,1182642.98882905,-875758.196657072,1182289.01014338
"558","558","14558",49.3,-108.4,"63952","25232","0",49.649999999999999,01_25232,"1",01_47,Saskatchewan,"37",Highway 37,Provincial,Paved,"2","60","2",0.000000000000000,"0",76379.888078688964015,"1",340.588333569616,-850672.072249473,1153563.67585457,-851009.820971723,1153607.56450438
"559","559","45675",49.036,-106.597,"250040","667422","0",3.270000000000000,02_12639338,"2",02_30,Montana,S24,,State,Paved,"2","112","4",0.000000000000000,"1",4992.096296533110944,"1",15351.0136250084,-731004.793876539,1107701.36046966,-717154.370825041,1101081.73807788
"560","560","14655",49.3,-108.4,"63952","25232","0",49.649999999999999,01_25232,"1",01_47,Saskatchewan,"37",Highway 37,Provincial,Paved,"2","60","2",0.000000000000000,"0",76379.888078688964015,"1",340.588333569616,-850672.072249473,1153563.67585457,-851009.820971723,1153607.56450438
"561","561","35251",49.5,-109.1,"10664","25244","0",23.160000000000000,01_25244,"1",01_47,Saskatchewan,"13",Highway 13,Provincial,Paved,"2","80","2",0.000000000000000,"0",35533.042676063567342,"1",8170.87950244716,-895157.645042332,1183306.95125444,-892779.434301901,1175489.82994812
"562","562","14584",49.5,-109.2,"10663","33320","0",60.969999999999999,01_33320,"1",01_47,Saskatchewan,"21",Highway 21,Provincial,Paved,"2","80","2",0.000000000000000,"0",94208.164557365991641,"1",11607.5675933029,-901946.859214011,1184254.80398845,-913554.316457947,1184305.41785311
"563","563","206819",49.9,-107.9,"63924","25281","0",23.039999999999999,01_25281,"1",01_47,Saskatchewan,"4",Highway 4,Provincial,Paved,"2","60","2",0.000000000000000,"0",35741.292778900315170,"1",9751.40643616277,-807728.509532233,1219111.12920631,-798051.567504349,1217908.33226908
"564","564","58157",49,-110.55,"176669","29258","0",7.940000000000000,01_29258,"1",01_48,Alberta,"41",Highway 41,Provincial,Paved,"2","80","2",0.000000000000000,"1",12114.935843517059766,"1",20768.2086241279,-1002488.15381685,1139650.25140292,-981743.12182986,1138669.36541874
"565","565","225845",50.211,-107.374,"64267","25562","0",18.739999999999998,01_25562,"1",01_47,Saskatchewan,"1",Highway 1,Provincial,Paved,"4","100","1",1.000000000000000,"0",29345.521823975890584,"1",20982.6970487324,-767831.703452833,1250969.9619843,-765338.73292427,1271804.03679896
"566","566","14555",49.4,-107.4,"63936","25222","0",14.630000000000001,01_25222,"1",01_47,Saskatchewan,"18",Highway 18,Provincial,Paved,"2","60","2",0.000000000000000,"0",22455.271406529096566,"1",4307.42332857015,-781004.801046887,1156621.34030581,-780490.876067896,1160897.99517234
"567","567","48628",49.36,-108.46,"63952","25232","0",49.649999999999999,01_25232,"1",01_47,Saskatchewan,"37",Highway 37,Provincial,Paved,"2","60","2",0.000000000000000,"0",76379.888078688964015,"1",1738.73538735397,-853840.07721134,1161096.47973246,-852212.006032578,1161706.87713098
"568","568","228827",49.496,-109.05,"10664","25244","0",23.160000000000000,01_25244,"1",01_47,Saskatchewan,"13",Highway 13,Provincial,Paved,"2","80","2",0.000000000000000,"0",35533.042676063567342,"1",6898.95532686911,-891827.173558897,1182370.05933136,-892602.760252194,1175514.83870155
"569","569","14551",49.5,-109.1,"10664","25244","0",23.160000000000000,01_25244,"1",01_47,Saskatchewan,"13",Highway 13,Provincial,Paved,"2","80","2",0.000000000000000,"0",35533.042676063567342,"1",8170.87950244716,-895157.645042332,1183306.95125444,-892779.434301901,1175489.82994812
"570","570","14602",49.2,-109.2,"63944","25237","0",71.450000000000003,01_25237,"1",01_47,Saskatchewan,"18",Highway 18,Provincial,Paved,"2","60","2",0.000000000000000,"0",109280.744669834151864,"1",5460.18199190204,-906841.836485454,1149327.92920211,-912248.418668251,1150091.11757031
"571","571","52837",49,-107.3,"63922","25223","0",35.640000000000001,01_25223,"1",01_47,Saskatchewan,"18",Highway 18,Provincial,Paved,"2","60","2",0.000000000000000,"0",54647.241400302933471,"1",35519.3651970463,-779780.220957498,1109096.3624606,-793578.187014071,1141826.18734102
"572","572","170675",49.341,-108.332,"63952","25232","0",49.649999999999999,01_25232,"1",01_47,Saskatchewan,"37",Highway 37,Provincial,Paved,"2","60","2",0.000000000000000,"0",76379.888078688964015,"1",5608.0147665912,-845408.227817239,1157734.70546224,-850957.576219659,1158543.75547977
"573","573","229474",49.517,-108.817,"63947","25246","0",9.600000000000000,01_25246,"1",01_47,Saskatchewan,"13",Highway 13,Provincial,Paved,"2","80","2",0.000000000000000,"0",14780.302046003676878,"1",364.921721169743,-875669.500813463,1182642.98882905,-875758.196657072,1182289.01014338
"574","574","128461",49.051,-106.574,"250049","25204","0",32.020000000000003,01_25204,"1",01_47,Saskatchewan,"18",Highway 18,Provincial,Paved,"2","60","2",0.000000000000000,"0",49064.107306690828409,"1",14469.9838544527,-729228.388891857,1109277.71997361,-715539.230826876,1113966.79069392
"575","575","223799",49.075,-106.576,"250049","25204","0",32.020000000000003,01_25204,"1",01_47,Saskatchewan,"18",Highway 18,Provincial,Paved,"2","60","2",0.000000000000000,"0",49064.107306690828409,"1",13631.775205991,-729051.447820928,1112098.63202894,-715558.263207869,1114037.51424934
"576","576","232130",50.211,-107.374,"64267","25562","0",18.739999999999998,01_25562,"1",01_47,Saskatchewan,"1",Highway 1,Provincial,Paved,"4","100","1",1.000000000000000,"0",29345.521823975890584,"1",20982.6970487324,-767831.703452833,1250969.9619843,-765338.73292427,1271804.03679896
"577","577","52836",49.117,-106.35,"248560","25200","0",37.229999999999997,01_25200,"1",01_47,Saskatchewan,"2",Highway 2,Provincial,Paved,"2","60","2",0.000000000000000,"0",56874.955119824291614,"1",401.162427684797,-712996.59869834,1115289.72287258,-712681.814604918,1115041.04181597
"578","578","232129",49.517,-108.817,"63947","25246","0",9.600000000000000,01_25246,"1",01_47,Saskatchewan,"13",Highway 13,Provincial,Paved,"2","80","2",0.000000000000000,"0",14780.302046003676878,"1",364.921721169743,-875669.500813463,1182642.98882905,-875758.196657072,1182289.01014338
"579","579","180638",49.517,-108.817,"63947","25246","0",9.600000000000000,01_25246,"1",01_47,Saskatchewan,"13",Highway 13,Provincial,Paved,"2","80","2",0.000000000000000,"0",14780.302046003676878,"1",364.921721169743,-875669.500813463,1182642.98882905,-875758.196657072,1182289.01014338
"580","580","152402",49.331,-108.489,"63952","25232","0",49.649999999999999,01_25232,"1",01_47,Saskatchewan,"37",Highway 37,Provincial,Paved,"2","60","2",0.000000000000000,"0",76379.888078688964015,"1",4922.57219830355,-856263.699156595,1157978.22619821,-851389.872551644,1157287.18982263
"581","581","162946",49.052,-106.577,"250049","25204","0",32.020000000000003,01_25204,"1",01_47,Saskatchewan,"18",Highway 18,Provincial,Paved,"2","60","2",0.000000000000000,"0",49064.107306690828409,"1",14608.4488859029,-729421.325427455,1109417.69975697,-715539.230826876,1113966.79069392
"582","582","152401",49.341,-108.332,"63952","25232","0",49.649999999999999,01_25232,"1",01_47,Saskatchewan,"37",Highway 37,Provincial,Paved,"2","60","2",0.000000000000000,"0",76379.888078688964015,"1",5608.0147665912,-845408.227817239,1157734.70546224,-850957.576219659,1158543.75547977
"583","583","152400",49.341,-108.332,"63952","25232","0",49.649999999999999,01_25232,"1",01_47,Saskatchewan,"37",Highway 37,Provincial,Paved,"2","60","2",0.000000000000000,"0",76379.888078688964015,"1",5608.0147665912,-845408.227817239,1157734.70546224,-850957.576219659,1158543.75547977
"584","584","152399",49.505,-108.767,"63947","25246","0",9.600000000000000,01_25246,"1",01_47,Saskatchewan,"13",Highway 13,Provincial,Paved,"2","80","2",0.000000000000000,"0",14780.302046003676878,"1",1431.0586074302,-872463.524689864,1180784.54005139,-873117.94156708,1182057.20154948
"585","585","55882",36.271,-108.209,"189497","603589","0",0.160000000000000,02_10221258,"2",02_35,New Mexico,S371,,State,Paved,"2","104","4",0.000000000000000,"0",199.519500002265005,"1",5323.51930673534,-1034991.82817581,-372009.247159889,-1040270.80634002,-371322.044605332
"586","586","56622",36.271,-108.245,"189497","603589","0",0.160000000000000,02_10221258,"2",02_35,New Mexico,S371,,State,Paved,"2","104","4",0.000000000000000,"0",199.519500002265005,"1",2263.24388967033,-1038026.68465285,-371615.630763818,-1040270.99229699,-371323.473096502
"587","587","154383",36.121,-107.781,"188024","605792","0",0.150000000000000,02_10274674,"2",02_35,New Mexico,U550,,State,Paved,"4","112","3",7.000000000000000,"0",180.342391717512044,"1",15006.027603703,-1001079.91429438,-394055.875082589,-993922.60990507,-380866.718236079
"588","588","154422",36.121,-107.781,"188024","605792","0",0.150000000000000,02_10274674,"2",02_35,New Mexico,U550,,State,Paved,"4","112","3",7.000000000000000,"0",180.342391717512044,"1",15006.027603703,-1001079.91429438,-394055.875082589,-993922.60990507,-380866.718236079
"589","589","222644",36.22,-108.075,"189529","603685","0",0.160000000000000,02_10223286,"2",02_35,New Mexico,S371,,State,Paved,"2","104","4",0.000000000000000,"0",199.241558110907789,"1",8335.10066847184,-1024453.94674171,-379397.297783324,-1032244.97036152,-382359.367010945
"590","590","36449",36.486,-108.486,"189724","603813","0",0.160000000000000,02_10225566,"2",02_35,New Mexico,S371,,State,Paved,"2","104","4",0.000000000000000,"0",199.323922539351486,"1",19429.3400058427,-1055026.97984575,-343946.63098801,-1035803.39211276,-346766.724556391
"591","591","53896",36.278,-108.256,"189501","603595","0",0.160000000000000,02_10221294,"2",02_35,New Mexico,S371,,State,Paved,"2","104","4",0.000000000000000,"0",199.673075774523710,"1",1328.2084514587,-1038848.12001428,-370680.942683378,-1040165.64103384,-370512.787833488
"592","592","154593",36.121,-107.781,"188024","605792","0",0.150000000000000,02_10274674,"2",02_35,New Mexico,U550,,State,Paved,"4","112","3",7.000000000000000,"0",180.342391717512044,"1",15006.027603703,-1001079.91429438,-394055.875082589,-993922.60990507,-380866.718236079
"593","593","36543",36.271,-108.209,"189497","603589","0",0.160000000000000,02_10221258,"2",02_35,New Mexico,S371,,State,Paved,"2","104","4",0.000000000000000,"0",199.519500002265005,"1",5323.51930673534,-1034991.82817581,-372009.247159889,-1040270.80634002,-371322.044605332
"594","594","209046",36.17,-107.92,"188035","605804","0",0.170000000000000,02_10274881,"2",02_35,New Mexico,U550,,State,Paved,"4","112","3",7.000000000000000,"0",207.217316847288600,"1",18158.0711003835,-1012108.79171799,-386878.976709693,-995506.596488919,-379524.88535438
"595","595","55883",36.257,-108.191,"189558","603647","0",0.160000000000000,02_10222217,"2",02_35,New Mexico,S371,,State,Paved,"2","104","4",0.000000000000000,"0",198.441240316284677,"1",5160.85813706449,-1033684.92712867,-373834.107291654,-1036071.83428337,-378409.818268729
"596","596","154419",36.121,-107.781,"188024","605792","0",0.150000000000000,02_10274674,"2",02_35,New Mexico,U550,,State,Paved,"4","112","3",7.000000000000000,"0",180.342391717512044,"1",15006.027603703,-1001079.91429438,-394055.875082589,-993922.60990507,-380866.718236079
"597","597","62536",36.268,-108.25,"189494","603587","0",0.160000000000000,02_10220959,"2",02_35,New Mexico,S371,,State,Paved,"2","104","4",0.000000000000000,"0",199.509576598046010,"1",1838.26319099929,-1038493.52330315,-371909.807187801,-1040317.14845994,-371678.284301461
"598","598","51534",35.953,-108,"189057","603434","0",0.160000000000000,02_10218141,"2",02_35,New Mexico,S371,,State,Paved,"2","88","4",0.000000000000000,"0",195.877871986384434,"1",16852.9553906686,-1022077.14748429,-411259.832770376,-1038906.89638357,-410375.718870931
"599","599","154423",36.121,-107.781,"188024","605792","0",0.150000000000000,02_10274674,"2",02_35,New Mexico,U550,,State,Paved,"4","112","3",7.000000000000000,"0",180.342391717512044,"1",15006.027603703,-1001079.91429438,-394055.875082589,-993922.60990507,-380866.718236079
"600","600","195187",36.12,-107.84,"188033","605802","0",0.150000000000000,02_10274839,"2",02_35,New Mexico,U550,,State,Paved,"4","112","3",7.000000000000000,"0",185.926237181255146,"1",17456.321346946,-1006081.96296452,-393547.621698893,-995256.856056228,-379853.089381511
"601","601","154586",36.121,-107.781,"188024","605792","0",0.150000000000000,02_10274674,"2",02_35,New Mexico,U550,,State,Paved,"4","112","3",7.000000000000000,"0",180.342391717512044,"1",15006.027603703,-1001079.91429438,-394055.875082589,-993922.60990507,-380866.718236079
"602","602","154644",36.121,-107.781,"188024","605792","0",0.150000000000000,02_10274674,"2",02_35,New Mexico,U550,,State,Paved,"4","112","3",7.000000000000000,"0",180.342391717512044,"1",15006.027603703,-1001079.91429438,-394055.875082589,-993922.60990507,-380866.718236079
"603","603","150884",36.157,-108.061,"188265","603538","0",0.160000000000000,02_10220192,"2",02_35,New Mexico,S371,,State,Paved,"2","104","4",0.000000000000000,"0",198.953463311368694,"1",7766.34190389503,-1024210.0273725,-386876.87798405,-1031696.23834539,-384809.824081154
"604","604","47012",36.271,-108.245,"189497","603589","0",0.160000000000000,02_10221258,"2",02_35,New Mexico,S371,,State,Paved,"2","104","4",0.000000000000000,"0",199.519500002265005,"1",2263.24388967033,-1038026.68465285,-371615.630763818,-1040270.99229699,-371323.473096502
"605","605","96814",36.292,-108.55,"188830","602855","0",0.160000000000000,02_10207575,"2",02_35,New Mexico,U666,,State,Paved,"2","104","3",3.000000000000000,"0",201.022215863906212,"1",13222.3143317346,-1063407.47857539,-365792.991173433,-1076586.12387526,-364719.257338886
"606","606","190354",36.486,-108.486,"189724","603813","0",0.160000000000000,02_10225566,"2",02_35,New Mexico,S371,,State,Paved,"2","104","4",0.000000000000000,"0",199.323922539351486,"1",19429.3400058427,-1055026.97984575,-343946.63098801,-1035803.39211276,-346766.724556391
"607","607","154395",36.121,-107.781,"188024","605792","0",0.150000000000000,02_10274674,"2",02_35,New Mexico,U550,,State,Paved,"4","112","3",7.000000000000000,"0",180.342391717512044,"1",15006.027603703,-1001079.91429438,-394055.875082589,-993922.60990507,-380866.718236079
"608","608","144519",36.121,-107.781,"188024","605792","0",0.150000000000000,02_10274674,"2",02_35,New Mexico,U550,,State,Paved,"4","112","3",7.000000000000000,"0",180.342391717512044,"1",15006.027603703,-1001079.91429438,-394055.875082589,-993922.60990507,-380866.718236079
"609","609","56648",36.988,-108.175,"188194","605449","0",0.160000000000000,02_10261267,"2",02_35,New Mexico,S170,,State,Paved,"2","88","3",0.000000000000000,"0",202.404398136811892,"1",926.729049124374,-1021347.09353406,-288917.979762357,-1022259.11749027,-288753.544261939
"610","610","34826",36.286,-108.227,"189507","603597","0",0.160000000000000,02_10221339,"2",02_35,New Mexico,S371,,State,Paved,"2","104","4",0.000000000000000,"0",199.832699999213219,"1",3793.40337864871,-1036282.98120856,-370067.814549186,-1040044.6456593,-369578.131229844
"611","611","154386",36.121,-107.781,"188024","605792","0",0.150000000000000,02_10274674,"2",02_35,New Mexico,U550,,State,Paved,"4","112","3",7.000000000000000,"0",180.342391717512044,"1",15006.027603703,-1001079.91429438,-394055.875082589,-993922.60990507,-380866.718236079
"612","612","47011",36.271,-108.227,"189497","603589","0",0.160000000000000,02_10221258,"2",02_35,New Mexico,S371,,State,Paved,"2","104","4",0.000000000000000,"0",199.519500002265005,"1",3793.38166658428,-1036509.2750989,-371812.58302343,-1040270.91807089,-371322.902903667
"613","613","52035",36.212,-105.635,"215767","631829","0",0.160000000000000,02_10847721,"2",02_35,New Mexico,S518,,State,Paved,"2","88","5",0.000000000000000,"0",197.287751819972300,"1",2670.16285659123,-818341.4995518,-404046.379829931,-816247.850965136,-405703.608020699
"614","614","64096",36.315,-108.084,"189619","603710","0",0.160000000000000,02_10223540,"2",02_35,New Mexico,S371,,State,Paved,"2","104","4",0.000000000000000,"0",197.889369349506524,"1",14417.7882324907,-1023796.88290435,-368247.892927016,-1037670.72370743,-364324.991081751
"615","615","222640",36.508,-108.321,"189726","603817","0",0.160000000000000,02_10225600,"2",02_35,New Mexico,S371,,State,Paved,"2","104","4",0.000000000000000,"0",199.111723612994638,"1",6099.15921551434,-1040829.55425124,-343211.122105892,-1035701.97159482,-346513.793636289
"616","616","128456",36.27,-107.851,"191432","605589","0",0.160000000000000,02_10270456,"2",02_35,New Mexico,U550,,State,Paved,"4","112","3",7.000000000000000,"0",198.967209885064818,"1",8111.64371977968,-1004818.43978294,-375977.191272016,-997973.131205397,-371625.121153688
"617","617","154426",36.121,-107.781,"188024","605792","0",0.150000000000000,02_10274674,"2",02_35,New Mexico,U550,,State,Paved,"4","112","3",7.000000000000000,"0",180.342391717512044,"1",15006.027603703,-1001079.91429438,-394055.875082589,-993922.60990507,-380866.718236079
"618","618","156148",36.3,-108.2,"189613","603706","0",0.160000000000000,02_10223445,"2",02_35,New Mexico,S371,,State,Paved,"2","104","4",0.000000000000000,"0",199.479307235965422,"1",5615.44726450486,-1033796.54394134,-368734.081195956,-1038161.16531755,-365200.905822044
"619","619","62484",36.705,-108.42,"190405","604683","0",0.160000000000000,02_10245111,"2",02_35,New Mexico,U64,,State,Paved,"4","88","3",7.000000000000000,"0",200.815911285618284,"1",5631.73480187359,-1046124.42037911,-319196.781127765,-1045358.06968966,-313617.431389721
"620","620","14436",36.3,-108.2,"189613","603706","0",0.160000000000000,02_10223445,"2",02_35,New Mexico,S371,,State,Paved,"2","104","4",0.000000000000000,"0",199.479307235965422,"1",5615.44726450486,-1033796.54394134,-368734.081195956,-1038161.16531755,-365200.905822044
"621","621","196511",36.1,-108.083,"189366","603487","0",0.160000000000000,02_10219004,"2",02_35,New Mexico,S371,,State,Paved,"2","104","4",0.000000000000000,"0",198.386507969754291,"1",8988.89885561752,-1026917.72169494,-393268.41652478,-1035653.45954486,-391150.118421589
"622","622","52058",36.213,-108.084,"189531","603679","0",0.160000000000000,02_10223302,"2",02_35,New Mexico,S371,,State,Paved,"2","104","4",0.000000000000000,"0",198.824270169455673,"1",7273.03289540297,-1025317.73900735,-380114.286025419,-1032117.20147178,-382695.820005888
"623","623","219012",36.276,-108.153,"189524","603656","0",0.160000000000000,02_10222910,"2",02_35,New Mexico,S371,,State,Paved,"2","104","4",0.000000000000000,"0",198.044048179824983,"1",8340.29626049301,-1030195.66726487,-372037.606029146,-1033968.35115272,-379475.844933291
"624","624","222641",36.22,-108.075,"189529","603685","0",0.160000000000000,02_10223286,"2",02_35,New Mexico,S371,,State,Paved,"2","104","4",0.000000000000000,"0",199.241558110907789,"1",8335.10066847184,-1024453.94674171,-379397.297783324,-1032244.97036152,-382359.367010945
"625","625","62477",36.633,-108.482,"189937","604538","0",0.160000000000000,02_10239784,"2",02_35,New Mexico,U64,,State,Paved,"4","88","3",7.000000000000000,"0",200.787209925263596,"1",14119.8582542396,-1052426.05005483,-326889.131727467,-1055230.16055234,-313050.513247373
"626","626","179271",36.257,-108.191,"189558","603647","0",0.160000000000000,02_10222217,"2",02_35,New Mexico,S371,,State,Paved,"2","104","4",0.000000000000000,"0",198.441240316284677,"1",5160.85813706449,-1033684.92712867,-373834.107291654,-1036071.83428337,-378409.818268729
"627","627","191368",36.103,-108.133,"189365","603486","0",0.160000000000000,02_10218985,"2",02_35,New Mexico,S371,,State,Paved,"2","104","4",0.000000000000000,"0",198.948955911477270,"1",4716.42512093111,-1031099.07671557,-392376.795897045,-1035664.82469739,-391194.166924031
"628","628","229119",36.508,-108.321,"189726","603817","0",0.160000000000000,02_10225600,"2",02_35,New Mexico,S371,,State,Paved,"2","104","4",0.000000000000000,"0",199.111723612994638,"1",6099.15921551434,-1040829.55425124,-343211.122105892,-1035701.97159482,-346513.793636289
"629","629","39229",36.155,-107.977,"188265","603538","0",0.160000000000000,02_10220192,"2",02_35,New Mexico,S371,,State,Paved,"2","104","4",0.000000000000000,"0",198.953463311368694,"1",14897.9701282797,-1017144.49784547,-388013.932691804,-1031675.5151138,-384727.741721937
"630","630","36542",36.488,-108.535,"188724","602978","0",0.160000000000000,02_10209564,"2",02_35,New Mexico,U666,,State,Paved,"4","104","3",3.000000000000000,"0",200.293581691327773,"1",16124.6059294077,-1059112.27140383,-343167.609105052,-1075170.48773637,-341705.896207057
"631","631","154615",36.121,-107.781,"188024","605792","0",0.150000000000000,02_10274674,"2",02_35,New Mexico,U550,,State,Paved,"4","112","3",7.000000000000000,"0",180.342391717512044,"1",15006.027603703,-1001079.91429438,-394055.875082589,-993922.60990507,-380866.718236079
"632","632","76714",36.294,-108.227,"189448","603605","0",0.160000000000000,02_10221378,"2",02_35,New Mexico,S371,,State,Paved,"2","104","4",0.000000000000000,"0",199.851428984298707,"1",3793.81136802491,-1036162.28840207,-369137.250301443,-1039924.35737692,-368647.513918654
"633","633","154664",36.121,-107.781,"188024","605792","0",0.150000000000000,02_10274674,"2",02_35,New Mexico,U550,,State,Paved,"4","112","3",7.000000000000000,"0",180.342391717512044,"1",15006.027603703,-1001079.91429438,-394055.875082589,-993922.60990507,-380866.718236079
"634","634","56118",36.22,-108.075,"189529","603685","0",0.160000000000000,02_10223286,"2",02_35,New Mexico,S371,,State,Paved,"2","104","4",0.000000000000000,"0",199.241558110907789,"1",8335.10066847184,-1024453.94674171,-379397.297783324,-1032244.97036152,-382359.367010945
"635","635","100678",36.1,-108.083,"189366","603487","0",0.160000000000000,02_10219004,"2",02_35,New Mexico,S371,,State,Paved,"2","104","4",0.000000000000000,"0",198.386507969754291,"1",8988.89885561752,-1026917.72169494,-393268.41652478,-1035653.45954486,-391150.118421589
"636","636","154628",36.121,-107.781,"188024","605792","0",0.150000000000000,02_10274674,"2",02_35,New Mexico,U550,,State,Paved,"4","112","3",7.000000000000000,"0",180.342391717512044,"1",15006.027603703,-1001079.91429438,-394055.875082589,-993922.60990507,-380866.718236079
"637","637","46984",36.257,-108.173,"189522","603677","0",0.160000000000000,02_10222870,"2",02_35,New Mexico,S371,,State,Paved,"2","104","4",0.000000000000000,"0",198.438015169307363,"1",5722.92453457297,-1032167.09641762,-374030.235115878,-1034135.04382688,-379404.158098468
"637","637","46984",36.257,-108.173,"189523","603675","0",0.160000000000000,02_10222888,"2",02_35,New Mexico,S371,,State,Paved,"2","104","4",0.000000000000000,"0",198.941816996100101,"2",5722.92453457297,-1032167.09641762,-374030.235115878,-1034135.04382688,-379404.158098468
"638","638","61858",36.267,-108.2,"189557","603648","0",0.160000000000000,02_10222198,"2",02_35,New Mexico,S371,,State,Paved,"2","104","4",0.000000000000000,"0",198.391098687559690,"1",6079.99915491932,-1034293.30211012,-372572.751232634,-1036303.33741574,-378310.882269303
"639","639","62528",36.624,-108.464,"190466","604684","0",0.160000000000000,02_10245079,"2",02_35,New Mexico,U64,,State,Paved,"4","88","3",7.000000000000000,"0",201.844264999643627,"1",15531.2929612338,-1051055.61932111,-328136.044277208,-1045936.83030728,-313472.516049678
"640","640","154568",36.121,-107.781,"188024","605792","0",0.150000000000000,02_10274674,"2",02_35,New Mexico,U550,,State,Paved,"4","112","3",7.000000000000000,"0",180.342391717512044,"1",15006.027603703,-1001079.91429438,-394055.875082589,-993922.60990507,-380866.718236079
"641","641","144518",36.281,-108.464,"189503","603596","0",0.160000000000000,02_10221306,"2",02_35,New Mexico,S371,,State,Paved,"2","104","4",0.000000000000000,"0",199.680328702370446,"1",16350.1074407156,-1056331.7176883,-368033.510641919,-1040118.71907454,-370146.491776023
"641","641","144518",36.281,-108.464,"189504","603592","0",0.160000000000000,02_10221317,"2",02_35,New Mexico,S371,,State,Paved,"2","104","4",0.000000000000000,"0",199.683624184054963,"2",16350.1074407156,-1056331.7176883,-368033.510641919,-1040118.71907454,-370146.491776023
"642","642","50304",36.254,-108.064,"189514","603668","0",0.160000000000000,02_10222754,"2",02_35,New Mexico,S371,,State,Paved,"2","104","4",0.000000000000000,"0",198.894983602267132,"1",11074.4996471578,-1023019.65191707,-375560.756184148,-1033033.80618222,-380289.525240543
"643","643","46990",36.184,-108.209,"189517","603673","0",0.160000000000000,02_10222798,"2",02_35,New Mexico,S371,,State,Paved,"2","104","4",0.000000000000000,"0",199.173021803465474,"1",3267.53355533823,-1036302.27914379,-382128.133363529,-1034915.51062563,-379169.476808216
"644","644","46986",36.271,-108.245,"189497","603589","0",0.160000000000000,02_10221258,"2",02_35,New Mexico,S371,,State,Paved,"2","104","4",0.000000000000000,"0",199.519500002265005,"1",2263.24388967033,-1038026.68465285,-371615.630763818,-1040270.99229699,-371323.473096502
"645","645","128563",36.111,-107.87,"188033","605802","0",0.150000000000000,02_10274839,"2",02_35,New Mexico,U550,,State,Paved,"4","112","3",7.000000000000000,"0",185.926237181255146,"1",19747.5974051892,-1008749.62822238,-394275.861507368,-995298.717707595,-379817.624768375
"646","646","56613",36,-107,"191953","606284","0",0.170000000000000,02_10284725,"2",02_35,New Mexico,U550,,State,Paved,"4","112","3",7.000000000000000,"0",214.387868425490893,"1",1874.32857146597,-936666.317571653,-416122.008175141,-934943.356041533,-416859.918169341
"647","647","46985",36.257,-108.263,"189487","603569","0",0.160000000000000,02_10220899,"2",02_35,New Mexico,S371,,State,Paved,"2","104","4",0.000000000000000,"0",199.621524269942029,"1",732.053205878002,-1039755.87675245,-373046.714105283,-1040482.08389352,-372954.382721189
"648","648","46989",36.271,-108.227,"189497","603589","0",0.160000000000000,02_10221258,"2",02_35,New Mexico,S371,,State,Paved,"2","104","4",0.000000000000000,"0",199.519500002265005,"1",3793.38166658428,-1036509.2750989,-371812.58302343,-1040270.91807089,-371322.902903667
"649","649","34827",36.271,-108.209,"189497","603589","0",0.160000000000000,02_10221258,"2",02_35,New Mexico,S371,,State,Paved,"2","104","4",0.000000000000000,"0",199.519500002265005,"1",5323.51930673534,-1034991.82817581,-372009.247159889,-1040270.80634002,-371322.044605332
"650","650","12584",36.06,-107.966,"189349","603466","0",0.160000000000000,02_10218793,"2",02_35,New Mexico,S371,,State,Paved,"2","104","4",0.000000000000000,"0",198.946985984000889,"1",19705.9518428074,-1017617.58259773,-399182.248696225,-1036535.26999837,-393664.491774912
"651","651","52036",37.864,-110.097,"149063","563416","0",58.130000000000003,02_8754704,"2",02_49,Utah,S95,,State,Paved,"2","104","4",0.000000000000000,"0",73562.832714214615407,"1",18864.2855179837,-1166218.30775593,-164758.876855367,-1183944.27619375,-171212.659548135
"652","652","154424",36.121,-107.781,"188024","605792","0",0.150000000000000,02_10274674,"2",02_35,New Mexico,U550,,State,Paved,"4","112","3",7.000000000000000,"0",180.342391717512044,"1",15006.027603703,-1001079.91429438,-394055.875082589,-993922.60990507,-380866.718236079
"653","653","154608",36.121,-107.781,"188024","605792","0",0.150000000000000,02_10274674,"2",02_35,New Mexico,U550,,State,Paved,"4","112","3",7.000000000000000,"0",180.342391717512044,"1",15006.027603703,-1001079.91429438,-394055.875082589,-993922.60990507,-380866.718236079
"654","654","154647",36.121,-107.781,"188024","605792","0",0.150000000000000,02_10274674,"2",02_35,New Mexico,U550,,State,Paved,"4","112","3",7.000000000000000,"0",180.342391717512044,"1",15006.027603703,-1001079.91429438,-394055.875082589,-993922.60990507,-380866.718236079
"655","655","100675",36.6,-108.567,"188923","603075","0",0.160000000000000,02_10211615,"2",02_35,New Mexico,U666,,State,Paved,"4","104","3",3.000000000000000,"0",200.463600594732810,"1",11580.5895161531,-1060062.92370168,-329781.479103189,-1071576.57648966,-328538.155726282
"656","656","56650",36.988,-108.175,"188194","605449","0",0.160000000000000,02_10261267,"2",02_35,New Mexico,S170,,State,Paved,"2","88","3",0.000000000000000,"0",202.404398136811892,"1",926.729049124374,-1021347.09353406,-288917.979762357,-1022259.11749027,-288753.544261939
"657","657","56261",36.061,-107.962,"189349","603466","0",0.160000000000000,02_10218793,"2",02_35,New Mexico,S371,,State,Paved,"2","104","4",0.000000000000000,"0",198.946985984000889,"1",20025.1129718772,-1017264.46592925,-399108.870533434,-1036535.26999837,-393664.491774912
"658","658","56442",36.097,-107.852,"191241","605811","0",0.150000000000000,02_10274947,"2",02_35,New Mexico,U550,,State,Paved,"4","112","3",7.000000000000000,"0",185.086404227595750,"1",20298.1784368824,-1007432.60976133,-396095.962295785,-995094.492976914,-379978.055419595
"659","659","56432",36.315,-108.173,"189617","603708","0",0.160000000000000,02_10223506,"2",02_35,New Mexico,S371,,State,Paved,"2","104","4",0.000000000000000,"0",200.288273275489274,"1",7005.48518625946,-1031295.92364011,-367283.200272289,-1037759.34621588,-364581.165612657
"660","660","56575",35.992,-107.582,"191145","606511","0",0.150000000000000,02_10289388,"2",02_35,New Mexico,U550,,State,Paved,"4","112","3",7.000000000000000,"0",184.151940935943315,"1",27455.7900164515,-986098.19022789,-411150.920873348,-971720.652331712,-387760.606436141
"660","660","56575",35.992,-107.582,"191146","606504","0",0.150000000000000,02_10289409,"2",02_35,New Mexico,U550,,State,Paved,"4","112","3",7.000000000000000,"0",181.478376451156606,"2",27455.7900164515,-986098.19022789,-411150.920873348,-971720.652331712,-387760.606436141
"661","661","64009",36.344,-108.263,"189627","603716","0",0.160000000000000,02_10223904,"2",02_35,New Mexico,S371,,State,Paved,"2","104","4",0.000000000000000,"0",199.429897144965707,"1",960.548278870384,-1038439.47245437,-362927.118937516,-1037487.18522961,-363052.825093333
"662","662","56444",36.286,-108.12,"189567","603661","0",0.160000000000000,02_10222624,"2",02_35,New Mexico,S371,,State,Paved,"2","104","4",0.000000000000000,"0",199.442982814592142,"1",10594.2791168607,-1027264.02443782,-371232.384779361,-1033727.375868,-379626.658916884
"663","663","56577",35.992,-107.582,"191145","606511","0",0.150000000000000,02_10289388,"2",02_35,New Mexico,U550,,State,Paved,"4","112","3",7.000000000000000,"0",184.151940935943315,"1",27455.7900164515,-986098.19022789,-411150.920873348,-971720.652331712,-387760.606436141
"663","663","56577",35.992,-107.582,"191146","606504","0",0.150000000000000,02_10289409,"2",02_35,New Mexico,U550,,State,Paved,"4","112","3",7.000000000000000,"0",181.478376451156606,"2",27455.7900164515,-986098.19022789,-411150.920873348,-971720.652331712,-387760.606436141
"664","664","56268",36.344,-108.066,"189627","603716","0",0.160000000000000,02_10223904,"2",02_35,New Mexico,S371,,State,Paved,"2","104","4",0.000000000000000,"0",199.429897144965707,"1",15768.0919055757,-1021848.29778516,-365067.848276575,-1037480.77853677,-363004.291179423
"665","665","56263",36.061,-107.962,"189349","603466","0",0.160000000000000,02_10218793,"2",02_35,New Mexico,S371,,State,Paved,"2","104","4",0.000000000000000,"0",198.946985984000889,"1",20025.1129718772,-1017264.46592925,-399108.870533434,-1036535.26999837,-393664.491774912
"666","666","56443",36.286,-108.12,"189567","603661","0",0.160000000000000,02_10222624,"2",02_35,New Mexico,S371,,State,Paved,"2","104","4",0.000000000000000,"0",199.442982814592142,"1",10594.2791168607,-1027264.02443782,-371232.384779361,-1033727.375868,-379626.658916884
"667","667","56638",36.271,-108.227,"189497","603589","0",0.160000000000000,02_10221258,"2",02_35,New Mexico,S371,,State,Paved,"2","104","4",0.000000000000000,"0",199.519500002265005,"1",3793.38166658428,-1036509.2750989,-371812.58302343,-1040270.91807089,-371322.902903667
"668","668","56436",36.278,-108.256,"189501","603595","0",0.160000000000000,02_10221294,"2",02_35,New Mexico,S371,,State,Paved,"2","104","4",0.000000000000000,"0",199.673075774523710,"1",1328.2084514587,-1038848.12001428,-370680.942683378,-1040165.64103384,-370512.787833488
"669","669","56445",36.184,-108.12,"188270","603544","0",0.020000000000000,02_10220263,"2",02_35,New Mexico,S371,,State,Paved,"2","104","4",0.000000000000000,"0",21.735428759726279,"1",2978.41332046067,-1028789.29931798,-383097.519597929,-1031639.06272955,-383963.426293572
"670","670","56627",36.271,-108.209,"189497","603589","0",0.160000000000000,02_10221258,"2",02_35,New Mexico,S371,,State,Paved,"2","104","4",0.000000000000000,"0",199.519500002265005,"1",5323.51930673534,-1034991.82817581,-372009.247159889,-1040270.80634002,-371322.044605332
"671","671","56390",36.143,-108.109,"188262","603536","0",0.160000000000000,02_10220141,"2",02_35,New Mexico,S371,,State,Paved,"2","104","4",0.000000000000000,"0",198.808942012543866,"1",4425.79449083978,-1028473.12597869,-387985.554410501,-1031875.1967104,-385154.729157754
"671","671","56390",36.143,-108.109,"188263","603533","0",0.160000000000000,02_10220158,"2",02_35,New Mexico,S371,,State,Paved,"2","104","4",0.000000000000000,"0",200.302993314665571,"2",4425.79449083978,-1028473.12597869,-387985.554410501,-1031875.1967104,-385154.729157754
"672","672","56637",36.257,-108.209,"189556","603636","0",0.160000000000000,02_10222183,"2",02_35,New Mexico,S371,,State,Paved,"2","104","4",0.000000000000000,"0",198.200095403035135,"1",4796.91329303057,-1035202.72057239,-373637.691271397,-1036409.44409427,-378280.340890162
"673","673","56430",36.329,-108.138,"189620","603711","0",0.160000000000000,02_10223555,"2",02_35,New Mexico,S371,,State,Paved,"2","104","4",0.000000000000000,"0",200.408567258464558,"1",9679.15623313507,-1028137.27413969,-366034.626397359,-1037641.95485072,-364205.115542867
"674","674","56111",36.3,-108.191,"189614","603707","0",0.160000000000000,02_10223454,"2",02_35,New Mexico,S371,,State,Paved,"2","104","4",0.000000000000000,"0",199.176886014699278,"1",6270.0512388638,-1033038.1174265,-368832.191752673,-1038004.16280257,-365004.407032917
"674","674","56111",36.3,-108.191,"189615","603704","0",0.160000000000000,02_10223470,"2",02_35,New Mexico,S371,,State,Paved,"2","104","4",0.000000000000000,"0",199.041679284118857,"2",6270.0512388638,-1033038.1174265,-368832.191752673,-1038004.16280257,-365004.407032917
"675","675","56262",36.061,-107.962,"189349","603466","0",0.160000000000000,02_10218793,"2",02_35,New Mexico,S371,,State,Paved,"2","104","4",0.000000000000000,"0",198.946985984000889,"1",20025.1129718772,-1017264.46592925,-399108.870533434,-1036535.26999837,-393664.491774912
"676","676","56578",35.992,-107.582,"191145","606511","0",0.150000000000000,02_10289388,"2",02_35,New Mexico,U550,,State,Paved,"4","112","3",7.000000000000000,"0",184.151940935943315,"1",27455.7900164515,-986098.19022789,-411150.920873348,-971720.652331712,-387760.606436141
"676","676","56578",35.992,-107.582,"191146","606504","0",0.150000000000000,02_10289409,"2",02_35,New Mexico,U550,,State,Paved,"4","112","3",7.000000000000000,"0",181.478376451156606,"2",27455.7900164515,-986098.19022789,-411150.920873348,-971720.652331712,-387760.606436141
"677","677","56438",36.242,-107.834,"191238","605808","0",0.170000000000000,02_10274914,"2",02_35,New Mexico,U550,,State,Paved,"4","112","3",7.000000000000000,"0",217.650985828057628,"1",8199.46912049601,-1003793.44176353,-379415.733833164,-995621.102370434,-378749.278506813
"678","678","56440",36.061,-107.962,"189349","603466","0",0.160000000000000,02_10218793,"2",02_35,New Mexico,S371,,State,Paved,"2","104","4",0.000000000000000,"0",198.946985984000889,"1",20025.1129718772,-1017264.46592925,-399108.870533434,-1036535.26999837,-393664.491774912
"679","679","56441",36.024,-107.798,"188024","605792","0",0.150000000000000,02_10274674,"2",02_35,New Mexico,U550,,State,Paved,"4","112","3",7.000000000000000,"0",180.342391717512044,"1",26268.8493343888,-1003928.72728283,-405160.934441839,-993850.580640688,-380902.257527953
"680","680","56291",36.257,-108.173,"189522","603677","0",0.160000000000000,02_10222870,"2",02_35,New Mexico,S371,,State,Paved,"2","104","4",0.000000000000000,"0",198.438015169307363,"1",5722.92453457297,-1032167.09641762,-374030.235115878,-1034135.04382688,-379404.158098468
"680","680","56291",36.257,-108.173,"189523","603675","0",0.160000000000000,02_10222888,"2",02_35,New Mexico,S371,,State,Paved,"2","104","4",0.000000000000000,"0",198.941816996100101,"2",5722.92453457297,-1032167.09641762,-374030.235115878,-1034135.04382688,-379404.158098468
"681","681","56579",35.992,-107.582,"191145","606511","0",0.150000000000000,02_10289388,"2",02_35,New Mexico,U550,,State,Paved,"4","112","3",7.000000000000000,"0",184.151940935943315,"1",27455.7900164515,-986098.19022789,-411150.920873348,-971720.652331712,-387760.606436141
"681","681","56579",35.992,-107.582,"191146","606504","0",0.150000000000000,02_10289409,"2",02_35,New Mexico,U550,,State,Paved,"4","112","3",7.000000000000000,"0",181.478376451156606,"2",27455.7900164515,-986098.19022789,-411150.920873348,-971720.652331712,-387760.606436141
"682","682","56269",36.344,-108.066,"189627","603716","0",0.160000000000000,02_10223904,"2",02_35,New Mexico,S371,,State,Paved,"2","104","4",0.000000000000000,"0",199.429897144965707,"1",15768.0919055757,-1021848.29778516,-365067.848276575,-1037480.77853677,-363004.291179423
"683","683","56272",36.294,-108.103,"189570","603663","0",0.160000000000000,02_10222657,"2",02_35,New Mexico,S371,,State,Paved,"2","104","4",0.000000000000000,"0",198.480881164276610,"1",12142.6994425092,-1025711.50980153,-370485.751450892,-1033287.65097449,-379975.073590986
"684","684","64013",36.155,-107.977,"188265","603538","0",0.160000000000000,02_10220192,"2",02_35,New Mexico,S371,,State,Paved,"2","104","4",0.000000000000000,"0",198.953463311368694,"1",14897.9701282797,-1017144.49784547,-388013.932691804,-1031675.5151138,-384727.741721937
"685","685","56388",36.242,-108.191,"189559","603649","0",0.160000000000000,02_10222530,"2",02_35,New Mexico,S371,,State,Paved,"2","104","4",0.000000000000000,"0",199.114145234060317,"1",3546.92584184279,-1033910.54551687,-375578.861765896,-1035909.64360898,-378508.757625082
"686","686","56386",36.242,-108.191,"189559","603649","0",0.160000000000000,02_10222530,"2",02_35,New Mexico,S371,,State,Paved,"2","104","4",0.000000000000000,"0",199.114145234060317,"1",3546.92584184279,-1033910.54551687,-375578.861765896,-1035909.64360898,-378508.757625082
"687","687","56387",36.242,-108.191,"189559","603649","0",0.160000000000000,02_10222530,"2",02_35,New Mexico,S371,,State,Paved,"2","104","4",0.000000000000000,"0",199.114145234060317,"1",3546.92584184279,-1033910.54551687,-375578.861765896,-1035909.64360898,-378508.757625082
"688","688","56616",36.286,-108.245,"189507","603597","0",0.160000000000000,02_10221339,"2",02_35,New Mexico,S371,,State,Paved,"2","104","4",0.000000000000000,"0",199.832699999213219,"1",2263.59966617742,-1037800.05947699,-369870.905288797,-1040044.71989009,-369578.701458212
"689","689","56434",36.315,-108.173,"189617","603708","0",0.160000000000000,02_10223506,"2",02_35,New Mexico,S371,,State,Paved,"2","104","4",0.000000000000000,"0",200.288273275489274,"1",7005.48518625946,-1031295.92364011,-367283.200272289,-1037759.34621588,-364581.165612657
"690","690","56585",35.992,-107.582,"191145","606511","0",0.150000000000000,02_10289388,"2",02_35,New Mexico,U550,,State,Paved,"4","112","3",7.000000000000000,"0",184.151940935943315,"1",27455.7900164515,-986098.19022789,-411150.920873348,-971720.652331712,-387760.606436141
"690","690","56585",35.992,-107.582,"191146","606504","0",0.150000000000000,02_10289409,"2",02_35,New Mexico,U550,,State,Paved,"4","112","3",7.000000000000000,"0",181.478376451156606,"2",27455.7900164515,-986098.19022789,-411150.920873348,-971720.652331712,-387760.606436141
"691","691","56391",36.061,-107.962,"189349","603466","0",0.160000000000000,02_10218793,"2",02_35,New Mexico,S371,,State,Paved,"2","104","4",0.000000000000000,"0",198.946985984000889,"1",20025.1129718772,-1017264.46592925,-399108.870533434,-1036535.26999837,-393664.491774912
"692","692","56090",36.27,-108.144,"189566","603657","0",0.160000000000000,02_10222605,"2",02_35,New Mexico,S371,,State,Paved,"2","104","4",0.000000000000000,"0",198.948125041011821,"1",7981.10452937735,-1029526.8326386,-372833.353523823,-1033817.31235111,-379563.124199366
"693","693","56270",36.344,-108.066,"189627","603716","0",0.160000000000000,02_10223904,"2",02_35,New Mexico,S371,,State,Paved,"2","104","4",0.000000000000000,"0",199.429897144965707,"1",15768.0919055757,-1021848.29778516,-365067.848276575,-1037480.77853677,-363004.291179423
"694","694","56093",36.271,-108.209,"189497","603589","0",0.160000000000000,02_10221258,"2",02_35,New Mexico,S371,,State,Paved,"2","104","4",0.000000000000000,"0",199.519500002265005,"1",5323.51930673534,-1034991.82817581,-372009.247159889,-1040270.80634002,-371322.044605332
"695","695","56446",36.329,-108.048,"189620","603711","0",0.160000000000000,02_10223555,"2",02_35,New Mexico,S371,,State,Paved,"2","104","4",0.000000000000000,"0",200.408567258464558,"1",17313.6541947718,-1020555.15617453,-367007.12010275,-1037630.3444437,-364143.456863385
"696","696","56576",35.992,-107.582,"191145","606511","0",0.150000000000000,02_10289388,"2",02_35,New Mexico,U550,,State,Paved,"4","112","3",7.000000000000000,"0",184.151940935943315,"1",27455.7900164515,-986098.19022789,-411150.920873348,-971720.652331712,-387760.606436141
"696","696","56576",35.992,-107.582,"191146","606504","0",0.150000000000000,02_10289409,"2",02_35,New Mexico,U550,,State,Paved,"4","112","3",7.000000000000000,"0",181.478376451156606,"2",27455.7900164515,-986098.19022789,-411150.920873348,-971720.652331712,-387760.606436141
"697","697","56437",36.184,-107.841,"188031","605801","0",0.160000000000000,02_10274800,"2",02_35,New Mexico,U550,,State,Paved,"4","112","3",7.000000000000000,"0",198.914628075291176,"1",11720.0575582627,-1005231.52750767,-386090.662185892,-995440.177669835,-379649.449759487
"698","698","56309",36.27,-108.144,"189566","603657","0",0.160000000000000,02_10222605,"2",02_35,New Mexico,S371,,State,Paved,"2","104","4",0.000000000000000,"0",198.948125041011821,"1",7981.10452937735,-1029526.8326386,-372833.353523823,-1033817.31235111,-379563.124199366
"699","699","56431",36.344,-108.138,"189627","603716","0",0.160000000000000,02_10223904,"2",02_35,New Mexico,S371,,State,Paved,"2","104","4",0.000000000000000,"0",199.429897144965707,"1",9654.08329925655,-1027912.59281597,-364289.447583422,-1037483.64759252,-363026.025716783
"700","700","56303",36.27,-108.144,"189566","603657","0",0.160000000000000,02_10222605,"2",02_35,New Mexico,S371,,State,Paved,"2","104","4",0.000000000000000,"0",198.948125041011821,"1",7981.10452937735,-1029526.8326386,-372833.353523823,-1033817.31235111,-379563.124199366
"701","701","56304",36.27,-108.144,"189566","603657","0",0.160000000000000,02_10222605,"2",02_35,New Mexico,S371,,State,Paved,"2","104","4",0.000000000000000,"0",198.948125041011821,"1",7981.10452937735,-1029526.8326386,-372833.353523823,-1033817.31235111,-379563.124199366
"702","702","56385",36.242,-108.191,"189559","603649","0",0.160000000000000,02_10222530,"2",02_35,New Mexico,S371,,State,Paved,"2","104","4",0.000000000000000,"0",199.114145234060317,"1",3546.92584184279,-1033910.54551687,-375578.861765896,-1035909.64360898,-378508.757625082
"703","703","56110",36.3,-108.191,"189614","603707","0",0.160000000000000,02_10223454,"2",02_35,New Mexico,S371,,State,Paved,"2","104","4",0.000000000000000,"0",199.176886014699278,"1",6270.0512388638,-1033038.1174265,-368832.191752673,-1038004.16280257,-365004.407032917
"703","703","56110",36.3,-108.191,"189615","603704","0",0.160000000000000,02_10223470,"2",02_35,New Mexico,S371,,State,Paved,"2","104","4",0.000000000000000,"0",199.041679284118857,"2",6270.0512388638,-1033038.1174265,-368832.191752673,-1038004.16280257,-365004.407032917
"704","704","56587",35.992,-107.582,"191145","606511","0",0.150000000000000,02_10289388,"2",02_35,New Mexico,U550,,State,Paved,"4","112","3",7.000000000000000,"0",184.151940935943315,"1",27455.7900164515,-986098.19022789,-411150.920873348,-971720.652331712,-387760.606436141
"704","704","56587",35.992,-107.582,"191146","606504","0",0.150000000000000,02_10289409,"2",02_35,New Mexico,U550,,State,Paved,"4","112","3",7.000000000000000,"0",181.478376451156606,"2",27455.7900164515,-986098.19022789,-411150.920873348,-971720.652331712,-387760.606436141
"705","705","56373",36.024,-107.798,"188024","605792","0",0.150000000000000,02_10274674,"2",02_35,New Mexico,U550,,State,Paved,"4","112","3",7.000000000000000,"0",180.342391717512044,"1",26268.8493343888,-1003928.72728283,-405160.934441839,-993850.580640688,-380902.257527953
"706","706","56374",36.024,-107.798,"188024","605792","0",0.150000000000000,02_10274674,"2",02_35,New Mexico,U550,,State,Paved,"4","112","3",7.000000000000000,"0",180.342391717512044,"1",26268.8493343888,-1003928.72728283,-405160.934441839,-993850.580640688,-380902.257527953
"707","707","56375",36.024,-107.798,"188024","605792","0",0.150000000000000,02_10274674,"2",02_35,New Mexico,U550,,State,Paved,"4","112","3",7.000000000000000,"0",180.342391717512044,"1",26268.8493343888,-1003928.72728283,-405160.934441839,-993850.580640688,-380902.257527953
"708","708","56106",36.3,-108.191,"189614","603707","0",0.160000000000000,02_10223454,"2",02_35,New Mexico,S371,,State,Paved,"2","104","4",0.000000000000000,"0",199.176886014699278,"1",6270.0512388638,-1033038.1174265,-368832.191752673,-1038004.16280257,-365004.407032917
"708","708","56106",36.3,-108.191,"189615","603704","0",0.160000000000000,02_10223470,"2",02_35,New Mexico,S371,,State,Paved,"2","104","4",0.000000000000000,"0",199.041679284118857,"2",6270.0512388638,-1033038.1174265,-368832.191752673,-1038004.16280257,-365004.407032917
"709","709","56378",36.024,-107.798,"188024","605792","0",0.150000000000000,02_10274674,"2",02_35,New Mexico,U550,,State,Paved,"4","112","3",7.000000000000000,"0",180.342391717512044,"1",26268.8493343888,-1003928.72728283,-405160.934441839,-993850.580640688,-380902.257527953
"710","710","56028",36.286,-108.102,"189571","603658","0",0.160000000000000,02_10222672,"2",02_35,New Mexico,S371,,State,Paved,"2","104","4",0.000000000000000,"0",199.626680940534726,"1",11396.9280655186,-1025746.68784709,-371427.293475394,-1033239.75058984,-380014.724992668
"711","711","56368",36.228,-107.941,"191432","605589","0",0.160000000000000,02_10270456,"2",02_35,New Mexico,U550,,State,Paved,"4","112","3",7.000000000000000,"0",198.967209885064818,"1",17181.0531163829,-1013027.92614736,-379906.590264614,-998001.801137491,-371575.674746144
"712","712","56369",36.228,-107.941,"191432","605589","0",0.160000000000000,02_10270456,"2",02_35,New Mexico,U550,,State,Paved,"4","112","3",7.000000000000000,"0",198.967209885064818,"1",17181.0531163829,-1013027.92614736,-379906.590264614,-998001.801137491,-371575.674746144
"713","713","56370",36.228,-107.941,"191432","605589","0",0.160000000000000,02_10270456,"2",02_35,New Mexico,U550,,State,Paved,"4","112","3",7.000000000000000,"0",198.967209885064818,"1",17181.0531163829,-1013027.92614736,-379906.590264614,-998001.801137491,-371575.674746144
"714","714","56371",36.024,-107.798,"188024","605792","0",0.150000000000000,02_10274674,"2",02_35,New Mexico,U550,,State,Paved,"4","112","3",7.000000000000000,"0",180.342391717512044,"1",26268.8493343888,-1003928.72728283,-405160.934441839,-993850.580640688,-380902.257527953
"715","715","56646",36.836,-107.768,"192333","607189","0",0.160000000000000,02_10304113,"2",02_35,New Mexico,S575,,State,Paved,"2","88","5",0.000000000000000,"0",202.763052986381098,"1",4525.43161909821,-989593.072047263,-310942.521456823,-991622.877068813,-314987.199801713
"716","716","56112",36.192,-108.091,"188272","603543","0",0.070000000000000,02_10220291,"2",02_35,New Mexico,S371,,State,Paved,"2","104","4",0.000000000000000,"0",85.551928498410973,"1",5616.2297258111,-1026221.71992159,-382481.314718285,-1031627.68479471,-384003.674768882
"717","717","56091",36.27,-108.144,"189566","603657","0",0.160000000000000,02_10222605,"2",02_35,New Mexico,S371,,State,Paved,"2","104","4",0.000000000000000,"0",198.948125041011821,"1",7981.10452937735,-1029526.8326386,-372833.353523823,-1033817.31235111,-379563.124199366
"718","718","56392",36.27,-108.144,"189566","603657","0",0.160000000000000,02_10222605,"2",02_35,New Mexico,S371,,State,Paved,"2","104","4",0.000000000000000,"0",198.948125041011821,"1",7981.10452937735,-1029526.8326386,-372833.353523823,-1033817.31235111,-379563.124199366
"719","719","56322",36.155,-107.834,"188032","605803","0",0.150000000000000,02_10274818,"2",02_35,New Mexico,U550,,State,Paved,"4","112","3",7.000000000000000,"0",191.437400687737068,"1",13778.1881522209,-1005063.78171225,-389539.142179414,-995318.674120774,-379798.949841036
"720","720","56367",36.228,-107.941,"191432","605589","0",0.160000000000000,02_10270456,"2",02_35,New Mexico,U550,,State,Paved,"4","112","3",7.000000000000000,"0",198.967209885064818,"1",17181.0531163829,-1013027.92614736,-379906.590264614,-998001.801137491,-371575.674746144
"721","721","56383",36.242,-108.191,"189559","603649","0",0.160000000000000,02_10222530,"2",02_35,New Mexico,S371,,State,Paved,"2","104","4",0.000000000000000,"0",199.114145234060317,"1",3546.92584184279,-1033910.54551687,-375578.861765896,-1035909.64360898,-378508.757625082
"722","722","56384",36.242,-108.191,"189559","603649","0",0.160000000000000,02_10222530,"2",02_35,New Mexico,S371,,State,Paved,"2","104","4",0.000000000000000,"0",199.114145234060317,"1",3546.92584184279,-1033910.54551687,-375578.861765896,-1035909.64360898,-378508.757625082
"723","723","56450",36.3,-108.066,"189571","603658","0",0.160000000000000,02_10222672,"2",02_35,New Mexico,S371,,State,Paved,"2","104","4",0.000000000000000,"0",199.626680940534726,"1",14550.7871177891,-1022503.45615674,-370187.393131766,-1033183.91758658,-380069.353938864
"724","724","56429",36.27,-108.144,"189566","603657","0",0.160000000000000,02_10222605,"2",02_35,New Mexico,S371,,State,Paved,"2","104","4",0.000000000000000,"0",198.948125041011821,"1",7981.10452937735,-1029526.8326386,-372833.353523823,-1033817.31235111,-379563.124199366
"725","725","56097",36.27,-108.144,"189566","603657","0",0.160000000000000,02_10222605,"2",02_35,New Mexico,S371,,State,Paved,"2","104","4",0.000000000000000,"0",198.948125041011821,"1",7981.10452937735,-1029526.8326386,-372833.353523823,-1033817.31235111,-379563.124199366
"726","726","64004",36.315,-108.102,"189619","603710","0",0.160000000000000,02_10223540,"2",02_35,New Mexico,S371,,State,Paved,"2","104","4",0.000000000000000,"0",197.889369349506524,"1",12907.2436128279,-1025313.61583848,-368053.35450939,-1037683.07954042,-364366.444501355
"727","727","64006",36.257,-108.138,"189568","603662","0",0.160000000000000,02_10222638,"2",02_35,New Mexico,S371,,State,Paved,"2","104","4",0.000000000000000,"0",198.620736562234526,"1",6889.83089864068,-1029215.65244643,-374410.769741862,-1033504.36808399,-379803.050149263
"728","728","56325",36.169,-107.959,"188267","603540","0",0.160000000000000,02_10220220,"2",02_35,New Mexico,S371,,State,Paved,"2","104","4",0.000000000000000,"0",198.996998952532550,"1",16336.390522393,-1015417.4196394,-386578.254653849,-1031606.34715344,-384388.213274086
"729","729","56428",36.27,-108.144,"189566","603657","0",0.160000000000000,02_10222605,"2",02_35,New Mexico,S371,,State,Paved,"2","104","4",0.000000000000000,"0",198.948125041011821,"1",7981.10452937735,-1029526.8326386,-372833.353523823,-1033817.31235111,-379563.124199366
"730","730","56267",36.344,-108.066,"189627","603716","0",0.160000000000000,02_10223904,"2",02_35,New Mexico,S371,,State,Paved,"2","104","4",0.000000000000000,"0",199.429897144965707,"1",15768.0919055757,-1021848.29778516,-365067.848276575,-1037480.77853677,-363004.291179423
"731","731","56043",36.344,-108.084,"189627","603716","0",0.160000000000000,02_10223904,"2",02_35,New Mexico,S371,,State,Paved,"2","104","4",0.000000000000000,"0",199.429897144965707,"1",14239.5913425487,-1023364.42694038,-364873.67990575,-1037481.55277312,-363010.156408333
"732","732","56044",36.344,-108.084,"189627","603716","0",0.160000000000000,02_10223904,"2",02_35,New Mexico,S371,,State,Paved,"2","104","4",0.000000000000000,"0",199.429897144965707,"1",14239.5913425487,-1023364.42694038,-364873.67990575,-1037481.55277312,-363010.156408333
"733","733","56271",36.294,-108.103,"189570","603663","0",0.160000000000000,02_10222657,"2",02_35,New Mexico,S371,,State,Paved,"2","104","4",0.000000000000000,"0",198.480881164276610,"1",12142.6994425092,-1025711.50980153,-370485.751450892,-1033287.65097449,-379975.073590986
"734","734","56381",35.897,-107.455,"191746","606012","0",0.150000000000000,02_10279357,"2",02_35,New Mexico,U550,,State,Paved,"4","112","3",7.000000000000000,"0",184.128300940059148,"1",33450.300456202,-976680.568388282,-423518.862535516,-957252.529447303,-396288.844108824
"735","735","56435",36.315,-108.173,"189617","603708","0",0.160000000000000,02_10223506,"2",02_35,New Mexico,S371,,State,Paved,"2","104","4",0.000000000000000,"0",200.288273275489274,"1",7005.48518625946,-1031295.92364011,-367283.200272289,-1037759.34621588,-364581.165612657
"736","736","56447",36.3,-108.048,"189571","603658","0",0.160000000000000,02_10222672,"2",02_35,New Mexico,S371,,State,Paved,"2","104","4",0.000000000000000,"0",199.626680940534726,"1",15574.4561241317,-1020986.31807062,-370381.397929143,-1033146.57491801,-380112.371003209
"737","737","56449",36.286,-108.102,"189571","603658","0",0.160000000000000,02_10222672,"2",02_35,New Mexico,S371,,State,Paved,"2","104","4",0.000000000000000,"0",199.626680940534726,"1",11396.9280655186,-1025746.68784709,-371427.293475394,-1033239.75058984,-380014.724992668
"738","738","56644",36.213,-108.084,"189531","603679","0",0.160000000000000,02_10223302,"2",02_35,New Mexico,S371,,State,Paved,"2","104","4",0.000000000000000,"0",198.824270169455673,"1",7273.03289540297,-1025317.73900735,-380114.286025419,-1032117.20147178,-382695.820005888
"739","739","56584",35.992,-107.582,"191145","606511","0",0.150000000000000,02_10289388,"2",02_35,New Mexico,U550,,State,Paved,"4","112","3",7.000000000000000,"0",184.151940935943315,"1",27455.7900164515,-986098.19022789,-411150.920873348,-971720.652331712,-387760.606436141
"739","739","56584",35.992,-107.582,"191146","606504","0",0.150000000000000,02_10289409,"2",02_35,New Mexico,U550,,State,Paved,"4","112","3",7.000000000000000,"0",181.478376451156606,"2",27455.7900164515,-986098.19022789,-411150.920873348,-971720.652331712,-387760.606436141
"740","740","56113",36.192,-108.091,"188272","603543","0",0.070000000000000,02_10220291,"2",02_35,New Mexico,S371,,State,Paved,"2","104","4",0.000000000000000,"0",85.551928498410973,"1",5616.2297258111,-1026221.71992159,-382481.314718285,-1031627.68479471,-384003.674768882
"741","741","56114",36.192,-108.091,"188272","603543","0",0.070000000000000,02_10220291,"2",02_35,New Mexico,S371,,State,Paved,"2","104","4",0.000000000000000,"0",85.551928498410973,"1",5616.2297258111,-1026221.71992159,-382481.314718285,-1031627.68479471,-384003.674768882
"742","742","56116",36.228,-108.066,"189527","603683","0",0.160000000000000,02_10223270,"2",02_35,New Mexico,S371,,State,Paved,"2","104","4",0.000000000000000,"0",198.954409668769529,"1",9451.69821706816,-1023575.41121978,-378563.874706372,-1032413.10769016,-381914.952187413
"743","743","56457",35.922,-107.37,"191913","606153","0",0.160000000000000,02_10281955,"2",02_35,New Mexico,U550,,State,Paved,"4","112","3",7.000000000000000,"0",194.114429831004543,"1",26703.5071636529,-969117.58885795,-421482.277680552,-948435.786245983,-404590.257802547
"744","744","56448",36.3,-108.066,"189571","603658","0",0.160000000000000,02_10222672,"2",02_35,New Mexico,S371,,State,Paved,"2","104","4",0.000000000000000,"0",199.626680940534726,"1",14550.7871177891,-1022503.45615674,-370187.393131766,-1033183.91758658,-380069.353938864
"745","745","56120",36.22,-108.075,"189529","603685","0",0.160000000000000,02_10223286,"2",02_35,New Mexico,S371,,State,Paved,"2","104","4",0.000000000000000,"0",199.241558110907789,"1",8335.10066847184,-1024453.94674171,-379397.297783324,-1032244.97036152,-382359.367010945
"746","746","56121",36.213,-108.084,"189531","603679","0",0.160000000000000,02_10223302,"2",02_35,New Mexico,S371,,State,Paved,"2","104","4",0.000000000000000,"0",198.824270169455673,"1",7273.03289540297,-1025317.73900735,-380114.286025419,-1032117.20147178,-382695.820005888
"747","747","56594",35.992,-107.582,"191145","606511","0",0.150000000000000,02_10289388,"2",02_35,New Mexico,U550,,State,Paved,"4","112","3",7.000000000000000,"0",184.151940935943315,"1",27455.7900164515,-986098.19022789,-411150.920873348,-971720.652331712,-387760.606436141
"747","747","56594",35.992,-107.582,"191146","606504","0",0.150000000000000,02_10289409,"2",02_35,New Mexico,U550,,State,Paved,"4","112","3",7.000000000000000,"0",181.478376451156606,"2",27455.7900164515,-986098.19022789,-411150.920873348,-971720.652331712,-387760.606436141
"748","748","56624",36.271,-108.209,"189497","603589","0",0.160000000000000,02_10221258,"2",02_35,New Mexico,S371,,State,Paved,"2","104","4",0.000000000000000,"0",199.519500002265005,"1",5323.51930673534,-1034991.82817581,-372009.247159889,-1040270.80634002,-371322.044605332
"749","749","56302",36.27,-108.144,"189566","603657","0",0.160000000000000,02_10222605,"2",02_35,New Mexico,S371,,State,Paved,"2","104","4",0.000000000000000,"0",198.948125041011821,"1",7981.10452937735,-1029526.8326386,-372833.353523823,-1033817.31235111,-379563.124199366
"750","750","62533",36.325,-108.017,"191393","605582","0",0.170000000000000,02_10270358,"2",02_35,New Mexico,U550,BLOOMFIELD BLVD,State,Paved,"4","112","3",7.000000000000000,"0",211.086497046033173,"1",16475.5222801718,-1018002.64429495,-367805.871839105,-1002122.80890019,-363415.693911078
"751","751","56021",36.286,-108.102,"189571","603658","0",0.160000000000000,02_10222672,"2",02_35,New Mexico,S371,,State,Paved,"2","104","4",0.000000000000000,"0",199.626680940534726,"1",11396.9280655186,-1025746.68784709,-371427.293475394,-1033239.75058984,-380014.724992668
"752","752","56022",36.286,-108.102,"189571","603658","0",0.160000000000000,02_10222672,"2",02_35,New Mexico,S371,,State,Paved,"2","104","4",0.000000000000000,"0",199.626680940534726,"1",11396.9280655186,-1025746.68784709,-371427.293475394,-1033239.75058984,-380014.724992668
"753","753","56023",36.286,-108.102,"189571","603658","0",0.160000000000000,02_10222672,"2",02_35,New Mexico,S371,,State,Paved,"2","104","4",0.000000000000000,"0",199.626680940534726,"1",11396.9280655186,-1025746.68784709,-371427.293475394,-1033239.75058984,-380014.724992668
"754","754","56024",36.286,-108.102,"189571","603658","0",0.160000000000000,02_10222672,"2",02_35,New Mexico,S371,,State,Paved,"2","104","4",0.000000000000000,"0",199.626680940534726,"1",11396.9280655186,-1025746.68784709,-371427.293475394,-1033239.75058984,-380014.724992668
"755","755","56025",36.286,-108.102,"189571","603658","0",0.160000000000000,02_10222672,"2",02_35,New Mexico,S371,,State,Paved,"2","104","4",0.000000000000000,"0",199.626680940534726,"1",11396.9280655186,-1025746.68784709,-371427.293475394,-1033239.75058984,-380014.724992668
"756","756","56027",36.286,-108.102,"189571","603658","0",0.160000000000000,02_10222672,"2",02_35,New Mexico,S371,,State,Paved,"2","104","4",0.000000000000000,"0",199.626680940534726,"1",11396.9280655186,-1025746.68784709,-371427.293475394,-1033239.75058984,-380014.724992668
"757","757","56306",36.315,-108.173,"189617","603708","0",0.160000000000000,02_10223506,"2",02_35,New Mexico,S371,,State,Paved,"2","104","4",0.000000000000000,"0",200.288273275489274,"1",7005.48518625946,-1031295.92364011,-367283.200272289,-1037759.34621588,-364581.165612657
"758","758","56040",36.344,-108.084,"189627","603716","0",0.160000000000000,02_10223904,"2",02_35,New Mexico,S371,,State,Paved,"2","104","4",0.000000000000000,"0",199.429897144965707,"1",14239.5913425487,-1023364.42694038,-364873.67990575,-1037481.55277312,-363010.156408333
"759","759","56041",36.344,-108.084,"189627","603716","0",0.160000000000000,02_10223904,"2",02_35,New Mexico,S371,,State,Paved,"2","104","4",0.000000000000000,"0",199.429897144965707,"1",14239.5913425487,-1023364.42694038,-364873.67990575,-1037481.55277312,-363010.156408333
"760","760","56042",36.344,-108.084,"189627","603716","0",0.160000000000000,02_10223904,"2",02_35,New Mexico,S371,,State,Paved,"2","104","4",0.000000000000000,"0",199.429897144965707,"1",14239.5913425487,-1023364.42694038,-364873.67990575,-1037481.55277312,-363010.156408333
"761","761","56312",36.27,-108.144,"189566","603657","0",0.160000000000000,02_10222605,"2",02_35,New Mexico,S371,,State,Paved,"2","104","4",0.000000000000000,"0",198.948125041011821,"1",7981.10452937735,-1029526.8326386,-372833.353523823,-1033817.31235111,-379563.124199366
"762","762","56274",36.329,-108.048,"189620","603711","0",0.160000000000000,02_10223555,"2",02_35,New Mexico,S371,,State,Paved,"2","104","4",0.000000000000000,"0",200.408567258464558,"1",17313.6541947718,-1020555.15617453,-367007.12010275,-1037630.3444437,-364143.456863385
"763","763","56315",36.278,-108.256,"189501","603595","0",0.160000000000000,02_10221294,"2",02_35,New Mexico,S371,,State,Paved,"2","104","4",0.000000000000000,"0",199.673075774523710,"1",1328.2084514587,-1038848.12001428,-370680.942683378,-1040165.64103384,-370512.787833488
"764","764","56582",35.992,-107.582,"191145","606511","0",0.150000000000000,02_10289388,"2",02_35,New Mexico,U550,,State,Paved,"4","112","3",7.000000000000000,"0",184.151940935943315,"1",27455.7900164515,-986098.19022789,-411150.920873348,-971720.652331712,-387760.606436141
"764","764","56582",35.992,-107.582,"191146","606504","0",0.150000000000000,02_10289409,"2",02_35,New Mexico,U550,,State,Paved,"4","112","3",7.000000000000000,"0",181.478376451156606,"2",27455.7900164515,-986098.19022789,-411150.920873348,-971720.652331712,-387760.606436141
"765","765","56084",36.27,-108.144,"189566","603657","0",0.160000000000000,02_10222605,"2",02_35,New Mexico,S371,,State,Paved,"2","104","4",0.000000000000000,"0",198.948125041011821,"1",7981.10452937735,-1029526.8326386,-372833.353523823,-1033817.31235111,-379563.124199366
"766","766","56284",36.3,-108.084,"189571","603658","0",0.160000000000000,02_10222672,"2",02_35,New Mexico,S371,,State,Paved,"2","104","4",0.000000000000000,"0",199.626680940534726,"1",13617.1394040895,-1024020.55737866,-369993.100269827,-1033239.75058984,-380014.724992668
"767","767","56087",36.271,-108.227,"189497","603589","0",0.160000000000000,02_10221258,"2",02_35,New Mexico,S371,,State,Paved,"2","104","4",0.000000000000000,"0",199.519500002265005,"1",3793.38166658428,-1036509.2750989,-371812.58302343,-1040270.91807089,-371322.902903667
"768","768","56088",36.27,-108.144,"189566","603657","0",0.160000000000000,02_10222605,"2",02_35,New Mexico,S371,,State,Paved,"2","104","4",0.000000000000000,"0",198.948125041011821,"1",7981.10452937735,-1029526.8326386,-372833.353523823,-1033817.31235111,-379563.124199366
"769","769","56588",35.992,-107.582,"191145","606511","0",0.150000000000000,02_10289388,"2",02_35,New Mexico,U550,,State,Paved,"4","112","3",7.000000000000000,"0",184.151940935943315,"1",27455.7900164515,-986098.19022789,-411150.920873348,-971720.652331712,-387760.606436141
"769","769","56588",35.992,-107.582,"191146","606504","0",0.150000000000000,02_10289409,"2",02_35,New Mexico,U550,,State,Paved,"4","112","3",7.000000000000000,"0",181.478376451156606,"2",27455.7900164515,-986098.19022789,-411150.920873348,-971720.652331712,-387760.606436141
"770","770","56589",35.992,-107.582,"191145","606511","0",0.150000000000000,02_10289388,"2",02_35,New Mexico,U550,,State,Paved,"4","112","3",7.000000000000000,"0",184.151940935943315,"1",27455.7900164515,-986098.19022789,-411150.920873348,-971720.652331712,-387760.606436141
"770","770","56589",35.992,-107.582,"191146","606504","0",0.150000000000000,02_10289409,"2",02_35,New Mexico,U550,,State,Paved,"4","112","3",7.000000000000000,"0",181.478376451156606,"2",27455.7900164515,-986098.19022789,-411150.920873348,-971720.652331712,-387760.606436141
"771","771","56426",36.27,-108.144,"189566","603657","0",0.160000000000000,02_10222605,"2",02_35,New Mexico,S371,,State,Paved,"2","104","4",0.000000000000000,"0",198.948125041011821,"1",7981.10452937735,-1029526.8326386,-372833.353523823,-1033817.31235111,-379563.124199366
"772","772","56298",36.27,-108.144,"189566","603657","0",0.160000000000000,02_10222605,"2",02_35,New Mexico,S371,,State,Paved,"2","104","4",0.000000000000000,"0",198.948125041011821,"1",7981.10452937735,-1029526.8326386,-372833.353523823,-1033817.31235111,-379563.124199366
"773","773","56593",35.992,-107.582,"191145","606511","0",0.150000000000000,02_10289388,"2",02_35,New Mexico,U550,,State,Paved,"4","112","3",7.000000000000000,"0",184.151940935943315,"1",27455.7900164515,-986098.19022789,-411150.920873348,-971720.652331712,-387760.606436141
"773","773","56593",35.992,-107.582,"191146","606504","0",0.150000000000000,02_10289409,"2",02_35,New Mexico,U550,,State,Paved,"4","112","3",7.000000000000000,"0",181.478376451156606,"2",27455.7900164515,-986098.19022789,-411150.920873348,-971720.652331712,-387760.606436141
"774","774","56595",35.992,-107.582,"191145","606511","0",0.150000000000000,02_10289388,"2",02_35,New Mexico,U550,,State,Paved,"4","112","3",7.000000000000000,"0",184.151940935943315,"1",27455.7900164515,-986098.19022789,-411150.920873348,-971720.652331712,-387760.606436141
"774","774","56595",35.992,-107.582,"191146","606504","0",0.150000000000000,02_10289409,"2",02_35,New Mexico,U550,,State,Paved,"4","112","3",7.000000000000000,"0",181.478376451156606,"2",27455.7900164515,-986098.19022789,-411150.920873348,-971720.652331712,-387760.606436141
"775","775","56597",35.992,-107.582,"191145","606511","0",0.150000000000000,02_10289388,"2",02_35,New Mexico,U550,,State,Paved,"4","112","3",7.000000000000000,"0",184.151940935943315,"1",27455.7900164515,-986098.19022789,-411150.920873348,-971720.652331712,-387760.606436141
"775","775","56597",35.992,-107.582,"191146","606504","0",0.150000000000000,02_10289409,"2",02_35,New Mexico,U550,,State,Paved,"4","112","3",7.000000000000000,"0",181.478376451156606,"2",27455.7900164515,-986098.19022789,-411150.920873348,-971720.652331712,-387760.606436141
"776","776","56598",35.992,-107.582,"191145","606511","0",0.150000000000000,02_10289388,"2",02_35,New Mexico,U550,,State,Paved,"4","112","3",7.000000000000000,"0",184.151940935943315,"1",27455.7900164515,-986098.19022789,-411150.920873348,-971720.652331712,-387760.606436141
"776","776","56598",35.992,-107.582,"191146","606504","0",0.150000000000000,02_10289409,"2",02_35,New Mexico,U550,,State,Paved,"4","112","3",7.000000000000000,"0",181.478376451156606,"2",27455.7900164515,-986098.19022789,-411150.920873348,-971720.652331712,-387760.606436141
"777","777","56601",35.992,-107.582,"191145","606511","0",0.150000000000000,02_10289388,"2",02_35,New Mexico,U550,,State,Paved,"4","112","3",7.000000000000000,"0",184.151940935943315,"1",27455.7900164515,-986098.19022789,-411150.920873348,-971720.652331712,-387760.606436141
"777","777","56601",35.992,-107.582,"191146","606504","0",0.150000000000000,02_10289409,"2",02_35,New Mexico,U550,,State,Paved,"4","112","3",7.000000000000000,"0",181.478376451156606,"2",27455.7900164515,-986098.19022789,-411150.920873348,-971720.652331712,-387760.606436141
"778","778","56602",35.992,-107.582,"191145","606511","0",0.150000000000000,02_10289388,"2",02_35,New Mexico,U550,,State,Paved,"4","112","3",7.000000000000000,"0",184.151940935943315,"1",27455.7900164515,-986098.19022789,-411150.920873348,-971720.652331712,-387760.606436141
"778","778","56602",35.992,-107.582,"191146","606504","0",0.150000000000000,02_10289409,"2",02_35,New Mexico,U550,,State,Paved,"4","112","3",7.000000000000000,"0",181.478376451156606,"2",27455.7900164515,-986098.19022789,-411150.920873348,-971720.652331712,-387760.606436141
"779","779","56603",35.992,-107.582,"191145","606511","0",0.150000000000000,02_10289388,"2",02_35,New Mexico,U550,,State,Paved,"4","112","3",7.000000000000000,"0",184.151940935943315,"1",27455.7900164515,-986098.19022789,-411150.920873348,-971720.652331712,-387760.606436141
"779","779","56603",35.992,-107.582,"191146","606504","0",0.150000000000000,02_10289409,"2",02_35,New Mexico,U550,,State,Paved,"4","112","3",7.000000000000000,"0",181.478376451156606,"2",27455.7900164515,-986098.19022789,-411150.920873348,-971720.652331712,-387760.606436141
"780","780","56604",35.992,-107.582,"191145","606511","0",0.150000000000000,02_10289388,"2",02_35,New Mexico,U550,,State,Paved,"4","112","3",7.000000000000000,"0",184.151940935943315,"1",27455.7900164515,-986098.19022789,-411150.920873348,-971720.652331712,-387760.606436141
"780","780","56604",35.992,-107.582,"191146","606504","0",0.150000000000000,02_10289409,"2",02_35,New Mexico,U550,,State,Paved,"4","112","3",7.000000000000000,"0",181.478376451156606,"2",27455.7900164515,-986098.19022789,-411150.920873348,-971720.652331712,-387760.606436141
"781","781","56605",35.992,-107.582,"191145","606511","0",0.150000000000000,02_10289388,"2",02_35,New Mexico,U550,,State,Paved,"4","112","3",7.000000000000000,"0",184.151940935943315,"1",27455.7900164515,-986098.19022789,-411150.920873348,-971720.652331712,-387760.606436141
"781","781","56605",35.992,-107.582,"191146","606504","0",0.150000000000000,02_10289409,"2",02_35,New Mexico,U550,,State,Paved,"4","112","3",7.000000000000000,"0",181.478376451156606,"2",27455.7900164515,-986098.19022789,-411150.920873348,-971720.652331712,-387760.606436141
"782","782","56606",35.992,-107.582,"191145","606511","0",0.150000000000000,02_10289388,"2",02_35,New Mexico,U550,,State,Paved,"4","112","3",7.000000000000000,"0",184.151940935943315,"1",27455.7900164515,-986098.19022789,-411150.920873348,-971720.652331712,-387760.606436141
"782","782","56606",35.992,-107.582,"191146","606504","0",0.150000000000000,02_10289409,"2",02_35,New Mexico,U550,,State,Paved,"4","112","3",7.000000000000000,"0",181.478376451156606,"2",27455.7900164515,-986098.19022789,-411150.920873348,-971720.652331712,-387760.606436141
"783","783","56607",35.992,-107.582,"191145","606511","0",0.150000000000000,02_10289388,"2",02_35,New Mexico,U550,,State,Paved,"4","112","3",7.000000000000000,"0",184.151940935943315,"1",27455.7900164515,-986098.19022789,-411150.920873348,-971720.652331712,-387760.606436141
"783","783","56607",35.992,-107.582,"191146","606504","0",0.150000000000000,02_10289409,"2",02_35,New Mexico,U550,,State,Paved,"4","112","3",7.000000000000000,"0",181.478376451156606,"2",27455.7900164515,-986098.19022789,-411150.920873348,-971720.652331712,-387760.606436141
"784","784","56372",36.024,-107.798,"188024","605792","0",0.150000000000000,02_10274674,"2",02_35,New Mexico,U550,,State,Paved,"4","112","3",7.000000000000000,"0",180.342391717512044,"1",26268.8493343888,-1003928.72728283,-405160.934441839,-993850.580640688,-380902.257527953
"785","785","56452",36.3,-108.102,"189568","603662","0",0.160000000000000,02_10222638,"2",02_35,New Mexico,S371,,State,Paved,"2","104","4",0.000000000000000,"0",198.620736562234526,"1",12789.0454978149,-1025537.62168169,-369798.519350334,-1033504.36808399,-379803.050149263
"786","786","56107",36.3,-108.191,"189614","603707","0",0.160000000000000,02_10223454,"2",02_35,New Mexico,S371,,State,Paved,"2","104","4",0.000000000000000,"0",199.176886014699278,"1",6270.0512388638,-1033038.1174265,-368832.191752673,-1038004.16280257,-365004.407032917
"786","786","56107",36.3,-108.191,"189615","603704","0",0.160000000000000,02_10223470,"2",02_35,New Mexico,S371,,State,Paved,"2","104","4",0.000000000000000,"0",199.041679284118857,"2",6270.0512388638,-1033038.1174265,-368832.191752673,-1038004.16280257,-365004.407032917
"787","787","56108",36.3,-108.191,"189614","603707","0",0.160000000000000,02_10223454,"2",02_35,New Mexico,S371,,State,Paved,"2","104","4",0.000000000000000,"0",199.176886014699278,"1",6270.0512388638,-1033038.1174265,-368832.191752673,-1038004.16280257,-365004.407032917
"787","787","56108",36.3,-108.191,"189615","603704","0",0.160000000000000,02_10223470,"2",02_35,New Mexico,S371,,State,Paved,"2","104","4",0.000000000000000,"0",199.041679284118857,"2",6270.0512388638,-1033038.1174265,-368832.191752673,-1038004.16280257,-365004.407032917
"788","788","56379",36.024,-107.798,"188024","605792","0",0.150000000000000,02_10274674,"2",02_35,New Mexico,U550,,State,Paved,"4","112","3",7.000000000000000,"0",180.342391717512044,"1",26268.8493343888,-1003928.72728283,-405160.934441839,-993850.580640688,-380902.257527953
"789","789","56109",36.3,-108.191,"189614","603707","0",0.160000000000000,02_10223454,"2",02_35,New Mexico,S371,,State,Paved,"2","104","4",0.000000000000000,"0",199.176886014699278,"1",6270.0512388638,-1033038.1174265,-368832.191752673,-1038004.16280257,-365004.407032917
"789","789","56109",36.3,-108.191,"189615","603704","0",0.160000000000000,02_10223470,"2",02_35,New Mexico,S371,,State,Paved,"2","104","4",0.000000000000000,"0",199.041679284118857,"2",6270.0512388638,-1033038.1174265,-368832.191752673,-1038004.16280257,-365004.407032917
"790","790","56277",36.284,-108.103,"189571","603658","0",0.160000000000000,02_10222672,"2",02_35,New Mexico,S371,,State,Paved,"2","104","4",0.000000000000000,"0",199.626680940534726,"1",11154.8620815783,-1025860.85387464,-371649.150814795,-1033239.75058984,-380014.724992668
"791","791","56278",36.269,-108.167,"189523","603675","0",0.160000000000000,02_10222888,"2",02_35,New Mexico,S371,,State,Paved,"2","104","4",0.000000000000000,"0",198.941816996100101,"1",7210.22897688185,-1031480.99844154,-372699.66057721,-1034100.3636483,-379417.273829899
"792","792","56085",36.27,-108.144,"189566","603657","0",0.160000000000000,02_10222605,"2",02_35,New Mexico,S371,,State,Paved,"2","104","4",0.000000000000000,"0",198.948125041011821,"1",7981.10452937735,-1029526.8326386,-372833.353523823,-1033817.31235111,-379563.124199366
"793","793","56286",36.3,-108.084,"189571","603658","0",0.160000000000000,02_10222672,"2",02_35,New Mexico,S371,,State,Paved,"2","104","4",0.000000000000000,"0",199.626680940534726,"1",13617.1394040895,-1024020.55737866,-369993.100269827,-1033239.75058984,-380014.724992668
"794","794","56451",36.3,-108.102,"189568","603662","0",0.160000000000000,02_10222638,"2",02_35,New Mexico,S371,,State,Paved,"2","104","4",0.000000000000000,"0",198.620736562234526,"1",12789.0454978149,-1025537.62168169,-369798.519350334,-1033504.36808399,-379803.050149263
"795","795","64003",36.344,-108.12,"189627","603716","0",0.160000000000000,02_10223904,"2",02_35,New Mexico,S371,,State,Paved,"2","104","4",0.000000000000000,"0",199.429897144965707,"1",11182.5869842833,-1026396.57451044,-364484.479552159,-1037482.98730102,-363021.023677211
"796","796","56453",36.294,-108.103,"189570","603663","0",0.160000000000000,02_10222657,"2",02_35,New Mexico,S371,,State,Paved,"2","104","4",0.000000000000000,"0",198.480881164276610,"1",12142.6994425092,-1025711.50980153,-370485.751450892,-1033287.65097449,-379975.073590986
"797","797","56454",36.294,-108.103,"189570","603663","0",0.160000000000000,02_10222657,"2",02_35,New Mexico,S371,,State,Paved,"2","104","4",0.000000000000000,"0",198.480881164276610,"1",12142.6994425092,-1025711.50980153,-370485.751450892,-1033287.65097449,-379975.073590986
"798","798","56115",36.228,-108.084,"189509","603665","0",0.160000000000000,02_10222700,"2",02_35,New Mexico,S371,,State,Paved,"2","104","4",0.000000000000000,"0",199.719025999183259,"1",8101.20579934379,-1025094.1029149,-378369.378154934,-1032658.26339226,-381269.89736293
"799","799","56456",35.922,-107.388,"191913","606153","0",0.160000000000000,02_10281955,"2",02_35,New Mexico,U550,,State,Paved,"4","112","3",7.000000000000000,"0",194.114429831004543,"1",27790.6706983676,-970644.430707892,-421298.120586979,-948454.427452058,-404567.15727427
"800","800","56393",36.024,-107.798,"188024","605792","0",0.150000000000000,02_10274674,"2",02_35,New Mexico,U550,,State,Paved,"4","112","3",7.000000000000000,"0",180.342391717512044,"1",26268.8493343888,-1003928.72728283,-405160.934441839,-993850.580640688,-380902.257527953
"801","801","56591",35.992,-107.582,"191145","606511","0",0.150000000000000,02_10289388,"2",02_35,New Mexico,U550,,State,Paved,"4","112","3",7.000000000000000,"0",184.151940935943315,"1",27455.7900164515,-986098.19022789,-411150.920873348,-971720.652331712,-387760.606436141
"801","801","56591",35.992,-107.582,"191146","606504","0",0.150000000000000,02_10289409,"2",02_35,New Mexico,U550,,State,Paved,"4","112","3",7.000000000000000,"0",181.478376451156606,"2",27455.7900164515,-986098.19022789,-411150.920873348,-971720.652331712,-387760.606436141
"802","802","56122",36.22,-108.075,"189529","603685","0",0.160000000000000,02_10223286,"2",02_35,New Mexico,S371,,State,Paved,"2","104","4",0.000000000000000,"0",199.241558110907789,"1",8335.10066847184,-1024453.94674171,-379397.297783324,-1032244.97036152,-382359.367010945
"803","803","56105",36.269,-108.168,"189523","603675","0",0.160000000000000,02_10222888,"2",02_35,New Mexico,S371,,State,Paved,"2","104","4",0.000000000000000,"0",198.941816996100101,"1",7190.20756259181,-1031565.30931095,-372688.779385286,-1034107.185944,-379414.69552924
"804","804","56098",36.27,-108.144,"189566","603657","0",0.160000000000000,02_10222605,"2",02_35,New Mexico,S371,,State,Paved,"2","104","4",0.000000000000000,"0",198.948125041011821,"1",7981.10452937735,-1029526.8326386,-372833.353523823,-1033817.31235111,-379563.124199366
"805","805","64012",35.908,-107.246,"191892","606202","0",0.150000000000000,02_10282754,"2",02_35,New Mexico,U550,,State,Paved,"4","112","3",7.000000000000000,"0",182.876046583567785,"1",21766.6314771416,-958792.601607694,-424372.395299155,-946625.304258323,-406324.040219711
"806","806","56265",36.061,-107.962,"189349","603466","0",0.160000000000000,02_10218793,"2",02_35,New Mexico,S371,,State,Paved,"2","104","4",0.000000000000000,"0",198.946985984000889,"1",20025.1129718772,-1017264.46592925,-399108.870533434,-1036535.26999837,-393664.491774912
"807","807","56266",36.344,-108.066,"189627","603716","0",0.160000000000000,02_10223904,"2",02_35,New Mexico,S371,,State,Paved,"2","104","4",0.000000000000000,"0",199.429897144965707,"1",15768.0919055757,-1021848.29778516,-365067.848276575,-1037480.77853677,-363004.291179423
"808","808","56104",36.269,-108.168,"189523","603675","0",0.160000000000000,02_10222888,"2",02_35,New Mexico,S371,,State,Paved,"2","104","4",0.000000000000000,"0",198.941816996100101,"1",7190.20756259181,-1031565.30931095,-372688.779385286,-1034107.185944,-379414.69552924
"809","809","56317",36.278,-108.256,"189501","603595","0",0.160000000000000,02_10221294,"2",02_35,New Mexico,S371,,State,Paved,"2","104","4",0.000000000000000,"0",199.673075774523710,"1",1328.2084514587,-1038848.12001428,-370680.942683378,-1040165.64103384,-370512.787833488
"810","810","56310",36.27,-108.144,"189566","603657","0",0.160000000000000,02_10222605,"2",02_35,New Mexico,S371,,State,Paved,"2","104","4",0.000000000000000,"0",198.948125041011821,"1",7981.10452937735,-1029526.8326386,-372833.353523823,-1033817.31235111,-379563.124199366
"811","811","56580",35.992,-107.582,"191145","606511","0",0.150000000000000,02_10289388,"2",02_35,New Mexico,U550,,State,Paved,"4","112","3",7.000000000000000,"0",184.151940935943315,"1",27455.7900164515,-986098.19022789,-411150.920873348,-971720.652331712,-387760.606436141
"811","811","56580",35.992,-107.582,"191146","606504","0",0.150000000000000,02_10289409,"2",02_35,New Mexico,U550,,State,Paved,"4","112","3",7.000000000000000,"0",181.478376451156606,"2",27455.7900164515,-986098.19022789,-411150.920873348,-971720.652331712,-387760.606436141
"812","812","56581",35.992,-107.582,"191145","606511","0",0.150000000000000,02_10289388,"2",02_35,New Mexico,U550,,State,Paved,"4","112","3",7.000000000000000,"0",184.151940935943315,"1",27455.7900164515,-986098.19022789,-411150.920873348,-971720.652331712,-387760.606436141
"812","812","56581",35.992,-107.582,"191146","606504","0",0.150000000000000,02_10289409,"2",02_35,New Mexico,U550,,State,Paved,"4","112","3",7.000000000000000,"0",181.478376451156606,"2",27455.7900164515,-986098.19022789,-411150.920873348,-971720.652331712,-387760.606436141
"813","813","56275",36.329,-108.048,"189620","603711","0",0.160000000000000,02_10223555,"2",02_35,New Mexico,S371,,State,Paved,"2","104","4",0.000000000000000,"0",200.408567258464558,"1",17313.6541947718,-1020555.15617453,-367007.12010275,-1037630.3444437,-364143.456863385
"814","814","56316",36.278,-108.256,"189501","603595","0",0.160000000000000,02_10221294,"2",02_35,New Mexico,S371,,State,Paved,"2","104","4",0.000000000000000,"0",199.673075774523710,"1",1328.2084514587,-1038848.12001428,-370680.942683378,-1040165.64103384,-370512.787833488
"815","815","56096",36.27,-108.144,"189566","603657","0",0.160000000000000,02_10222605,"2",02_35,New Mexico,S371,,State,Paved,"2","104","4",0.000000000000000,"0",198.948125041011821,"1",7981.10452937735,-1029526.8326386,-372833.353523823,-1033817.31235111,-379563.124199366
"816","816","56086",36.27,-108.144,"189566","603657","0",0.160000000000000,02_10222605,"2",02_35,New Mexico,S371,,State,Paved,"2","104","4",0.000000000000000,"0",198.948125041011821,"1",7981.10452937735,-1029526.8326386,-372833.353523823,-1033817.31235111,-379563.124199366
"817","817","56019",36.286,-108.102,"189571","603658","0",0.160000000000000,02_10222672,"2",02_35,New Mexico,S371,,State,Paved,"2","104","4",0.000000000000000,"0",199.626680940534726,"1",11396.9280655186,-1025746.68784709,-371427.293475394,-1033239.75058984,-380014.724992668
"818","818","56089",36.27,-108.144,"189566","603657","0",0.160000000000000,02_10222605,"2",02_35,New Mexico,S371,,State,Paved,"2","104","4",0.000000000000000,"0",198.948125041011821,"1",7981.10452937735,-1029526.8326386,-372833.353523823,-1033817.31235111,-379563.124199366
"819","819","56319",36.021,-107.636,"191555","605901","0",0.140000000000000,02_10276880,"2",02_35,New Mexico,U550,,State,Paved,"4","112","3",7.000000000000000,"0",178.382877581451623,"1",25248.6596259203,-990256.485810151,-407213.863834425,-982192.030198928,-383287.74069255
"820","820","56455",35.458,-108.662,"183277","597221","0",0.160000000000000,02_10091123,"2",02_35,New Mexico,S602,,State,Paved,"2","88","4",0.000000000000000,"0",198.461234131593528,"1",7028.51814999448,-1085857.67972327,-461402.036158648,-1092598.20418787,-459410.705616788
"821","821","56092",36.27,-108.144,"189566","603657","0",0.160000000000000,02_10222605,"2",02_35,New Mexico,S371,,State,Paved,"2","104","4",0.000000000000000,"0",198.948125041011821,"1",7981.10452937735,-1029526.8326386,-372833.353523823,-1033817.31235111,-379563.124199366
"822","822","56295",36.27,-108.144,"189566","603657","0",0.160000000000000,02_10222605,"2",02_35,New Mexico,S371,,State,Paved,"2","104","4",0.000000000000000,"0",198.948125041011821,"1",7981.10452937735,-1029526.8326386,-372833.353523823,-1033817.31235111,-379563.124199366
"823","823","56458",35.966,-107.478,"192152","606587","0",0.150000000000000,02_10291033,"2",02_35,New Mexico,U550,,State,Paved,"4","112","3",7.000000000000000,"0",181.713738376889751,"1",27133.899253135,-977655.194104489,-415253.352350531,-964549.882964653,-391494.158159495
"824","824","56427",36.27,-108.144,"189566","603657","0",0.160000000000000,02_10222605,"2",02_35,New Mexico,S371,,State,Paved,"2","104","4",0.000000000000000,"0",198.948125041011821,"1",7981.10452937735,-1029526.8326386,-372833.353523823,-1033817.31235111,-379563.124199366
"825","825","56119",36.213,-108.066,"189533","603687","0",0.160000000000000,02_10223315,"2",02_35,New Mexico,S371,,State,Paved,"2","104","4",0.000000000000000,"0",198.992862777171979,"1",8623.96156095273,-1023798.71599214,-380308.825008521,-1031864.30622732,-383361.52334981
"826","826","56095",36.27,-108.144,"189566","603657","0",0.160000000000000,02_10222605,"2",02_35,New Mexico,S371,,State,Paved,"2","104","4",0.000000000000000,"0",198.948125041011821,"1",7981.10452937735,-1029526.8326386,-372833.353523823,-1033817.31235111,-379563.124199366
"827","827","56308",36.27,-108.144,"189566","603657","0",0.160000000000000,02_10222605,"2",02_35,New Mexico,S371,,State,Paved,"2","104","4",0.000000000000000,"0",198.948125041011821,"1",7981.10452937735,-1029526.8326386,-372833.353523823,-1033817.31235111,-379563.124199366
"828","828","56360",36.169,-107.941,"188267","603540","0",0.160000000000000,02_10220220,"2",02_35,New Mexico,S371,,State,Paved,"2","104","4",0.000000000000000,"0",198.996998952532550,"1",17868.7502691142,-1013897.16945038,-386770.913687744,-1031606.34715344,-384388.213274086
"829","829","56099",36.27,-108.144,"189566","603657","0",0.160000000000000,02_10222605,"2",02_35,New Mexico,S371,,State,Paved,"2","104","4",0.000000000000000,"0",198.948125041011821,"1",7981.10452937735,-1029526.8326386,-372833.353523823,-1033817.31235111,-379563.124199366
"830","830","56100",36.27,-108.144,"189566","603657","0",0.160000000000000,02_10222605,"2",02_35,New Mexico,S371,,State,Paved,"2","104","4",0.000000000000000,"0",198.948125041011821,"1",7981.10452937735,-1029526.8326386,-372833.353523823,-1033817.31235111,-379563.124199366
"831","831","56101",36.27,-108.144,"189566","603657","0",0.160000000000000,02_10222605,"2",02_35,New Mexico,S371,,State,Paved,"2","104","4",0.000000000000000,"0",198.948125041011821,"1",7981.10452937735,-1029526.8326386,-372833.353523823,-1033817.31235111,-379563.124199366
"832","832","56103",36.269,-108.168,"189523","603675","0",0.160000000000000,02_10222888,"2",02_35,New Mexico,S371,,State,Paved,"2","104","4",0.000000000000000,"0",198.941816996100101,"1",7190.20756259181,-1031565.30931095,-372688.779385286,-1034107.185944,-379414.69552924
"833","833","56307",36.27,-108.144,"189566","603657","0",0.160000000000000,02_10222605,"2",02_35,New Mexico,S371,,State,Paved,"2","104","4",0.000000000000000,"0",198.948125041011821,"1",7981.10452937735,-1029526.8326386,-372833.353523823,-1033817.31235111,-379563.124199366
"834","834","56326",36.169,-107.959,"188267","603540","0",0.160000000000000,02_10220220,"2",02_35,New Mexico,S371,,State,Paved,"2","104","4",0.000000000000000,"0",198.996998952532550,"1",16336.390522393,-1015417.4196394,-386578.254653849,-1031606.34715344,-384388.213274086
"835","835","56287",36.3,-108.084,"189571","603658","0",0.160000000000000,02_10222672,"2",02_35,New Mexico,S371,,State,Paved,"2","104","4",0.000000000000000,"0",199.626680940534726,"1",13617.1394040895,-1024020.55737866,-369993.100269827,-1033239.75058984,-380014.724992668
"836","836","56299",36.27,-108.144,"189566","603657","0",0.160000000000000,02_10222605,"2",02_35,New Mexico,S371,,State,Paved,"2","104","4",0.000000000000000,"0",198.948125041011821,"1",7981.10452937735,-1029526.8326386,-372833.353523823,-1033817.31235111,-379563.124199366
"837","837","56318",36.021,-107.636,"191555","605901","0",0.140000000000000,02_10276880,"2",02_35,New Mexico,U550,,State,Paved,"4","112","3",7.000000000000000,"0",178.382877581451623,"1",25248.6596259203,-990256.485810151,-407213.863834425,-982192.030198928,-383287.74069255
"838","838","56311",36.27,-108.144,"189566","603657","0",0.160000000000000,02_10222605,"2",02_35,New Mexico,S371,,State,Paved,"2","104","4",0.000000000000000,"0",198.948125041011821,"1",7981.10452937735,-1029526.8326386,-372833.353523823,-1033817.31235111,-379563.124199366
"839","839","56361",36.061,-107.962,"189349","603466","0",0.160000000000000,02_10218793,"2",02_35,New Mexico,S371,,State,Paved,"2","104","4",0.000000000000000,"0",198.946985984000889,"1",20025.1129718772,-1017264.46592925,-399108.870533434,-1036535.26999837,-393664.491774912
"840","840","56323",35.906,-106.539,"210772","625056","0",0.170000000000000,02_10678899,"2",02_35,New Mexico,S4,,State,Paved,"2","80","4",0.000000000000000,"0",208.651874105511155,"1",8411.59616290076,-898799.304203755,-431532.165351017,-906788.3168624,-434164.773705432
"841","841","56320",36.021,-107.636,"191555","605901","0",0.140000000000000,02_10276880,"2",02_35,New Mexico,U550,,State,Paved,"4","112","3",7.000000000000000,"0",178.382877581451623,"1",25248.6596259203,-990256.485810151,-407213.863834425,-982192.030198928,-383287.74069255
"842","842","56294",36.27,-108.144,"189566","603657","0",0.160000000000000,02_10222605,"2",02_35,New Mexico,S371,,State,Paved,"2","104","4",0.000000000000000,"0",198.948125041011821,"1",7981.10452937735,-1029526.8326386,-372833.353523823,-1033817.31235111,-379563.124199366
"843","843","56425",36.27,-108.144,"189566","603657","0",0.160000000000000,02_10222605,"2",02_35,New Mexico,S371,,State,Paved,"2","104","4",0.000000000000000,"0",198.948125041011821,"1",7981.10452937735,-1029526.8326386,-372833.353523823,-1033817.31235111,-379563.124199366
"844","844","56094",36.27,-108.144,"189566","603657","0",0.160000000000000,02_10222605,"2",02_35,New Mexico,S371,,State,Paved,"2","104","4",0.000000000000000,"0",198.948125041011821,"1",7981.10452937735,-1029526.8326386,-372833.353523823,-1033817.31235111,-379563.124199366
"845","845","56102",36.269,-108.168,"189523","603675","0",0.160000000000000,02_10222888,"2",02_35,New Mexico,S371,,State,Paved,"2","104","4",0.000000000000000,"0",198.941816996100101,"1",7190.20756259181,-1031565.30931095,-372688.779385286,-1034107.185944,-379414.69552924
"846","846","56363",36.061,-107.962,"189349","603466","0",0.160000000000000,02_10218793,"2",02_35,New Mexico,S371,,State,Paved,"2","104","4",0.000000000000000,"0",198.946985984000889,"1",20025.1129718772,-1017264.46592925,-399108.870533434,-1036535.26999837,-393664.491774912
"847","847","56366",36.228,-107.941,"191432","605589","0",0.160000000000000,02_10270456,"2",02_35,New Mexico,U550,,State,Paved,"4","112","3",7.000000000000000,"0",198.967209885064818,"1",17181.0531163829,-1013027.92614736,-379906.590264614,-998001.801137491,-371575.674746144
"848","848","56424",36.27,-108.144,"189566","603657","0",0.160000000000000,02_10222605,"2",02_35,New Mexico,S371,,State,Paved,"2","104","4",0.000000000000000,"0",198.948125041011821,"1",7981.10452937735,-1029526.8326386,-372833.353523823,-1033817.31235111,-379563.124199366
"849","849","56117",36.22,-108.075,"189529","603685","0",0.160000000000000,02_10223286,"2",02_35,New Mexico,S371,,State,Paved,"2","104","4",0.000000000000000,"0",199.241558110907789,"1",8335.10066847184,-1024453.94674171,-379397.297783324,-1032244.97036152,-382359.367010945
"850","850","56293",36.27,-108.144,"189566","603657","0",0.160000000000000,02_10222605,"2",02_35,New Mexico,S371,,State,Paved,"2","104","4",0.000000000000000,"0",198.948125041011821,"1",7981.10452937735,-1029526.8326386,-372833.353523823,-1033817.31235111,-379563.124199366
"851","851","56297",36.27,-108.144,"189566","603657","0",0.160000000000000,02_10222605,"2",02_35,New Mexico,S371,,State,Paved,"2","104","4",0.000000000000000,"0",198.948125041011821,"1",7981.10452937735,-1029526.8326386,-372833.353523823,-1033817.31235111,-379563.124199366
"852","852","56324",35.966,-107.495,"192152","606587","0",0.150000000000000,02_10291033,"2",02_35,New Mexico,U550,,State,Paved,"4","112","3",7.000000000000000,"0",181.713738376889751,"1",27708.3909586708,-979096.095171135,-415077.902886714,-964573.579925823,-391480.20214134
"853","853","64011",35.908,-107.21,"191982","606259","0",0.180000000000000,02_10283993,"2",02_35,New Mexico,U550,,State,Paved,"4","112","3",7.000000000000000,"0",218.771412894878239,"1",19211.8146665547,-955737.716361184,-424735.918595866,-936550.962366517,-425716.884410863
"854","854","56364",36.061,-107.962,"189349","603466","0",0.160000000000000,02_10218793,"2",02_35,New Mexico,S371,,State,Paved,"2","104","4",0.000000000000000,"0",198.946985984000889,"1",20025.1129718772,-1017264.46592925,-399108.870533434,-1036535.26999837,-393664.491774912
"855","855","165881",43.814,-110.226,"147896","588732","0",18.440000000000001,02_9803520,"2",02_56,Wyoming,U26,,State,Paved,"2","104","3",7.000000000000000,"0",25535.842154041700269,"1",13.948724241386,-1071836.6606017,531096.627012915,-1071840.18625488,531083.131210695
"856","856","165887",44.128,-110.398,"147889","585855","0",36.909999999999997,02_9798939,"2",02_56,Wyoming,U89,,State,Paved,"2","72","3",10.000000000000000,"0",51352.765703634097008,"1",19710.658932214,-1079081.08685694,569741.361711723,-1098569.46382212,572693.181287069
"857","857","165886",44.021,-110.517,"147889","585855","0",36.909999999999997,02_9798939,"2",02_56,Wyoming,U89,,State,Paved,"2","72","3",10.000000000000000,"0",51352.765703634097008,"1",11143.1868483534,-1089859.42211494,558601.905988927,-1099849.46135415,553665.335404358
"858","858","45109",46.026,-103.767,"251539","669598","0",3.950000000000000,02_13023036,"2",02_38,North Dakota,U12,,State,Paved,"2","104","4",0.000000000000000,"0",5704.716192578649498,"1",25247.7381618544,-565346.005929701,735086.285425885,-554321.345459823,757799.830807738
"859","859","137601",46.421,-103.961,"251409","669120","0",5.930000000000000,02_13001960,"2",02_30,Montana,U12,,State,Paved,"2","112","4",0.000000000000000,"0",8579.324194107704898,"1",14055.4647764958,-575521.701352011,782736.659822204,-586462.06037721,773912.565847009
"860","860","14536",47.567,-107.1,"248650","666616","0",0.180000000000000,02_12615279,"2",02_30,Montana,S200,,State,Paved,"2","112","3",7.000000000000000,"0",264.580258721237556,"1",31586.8536591645,-785760.792737341,939833.453293293,-775467.219134298,909970.907076263
"861","861","14616",47.676,-106.427,"249314","666766","0",8.119999999999999,02_12619684,"2",02_30,Montana,S24,,State,Paved,"2","112","4",0.000000000000000,"0",12070.254934576911182,"1",19291.652997074,-736907.413731827,947197.589971509,-717657.533069466,945928.744100494
"862","862","45136",46.382,-103.964,"251428","669137","0",8.600000000000000,02_13002666,"2",02_38,North Dakota,U12,,State,Paved,"2","104","4",0.000000000000000,"0",12424.915116537984431,"1",9634.10991491897,-576124.44462349,778166.513970106,-577431.658655381,768621.501380928
"863","863","45102",45.978,-103.754,"245580","668461","0",8.600000000000000,02_12849611,"2",02_38,North Dakota,U85,,State,Paved,"2","104","3",7.000000000000000,"0",12390.997299697899507,"1",25022.3509984207,-564865.052470586,729358.714817126,-539919.122582814,727404.582906912
"864","864","14553",47.533,-107.083,"248650","666616","0",0.180000000000000,02_12615279,"2",02_30,Montana,S200,,State,Paved,"2","112","3",7.000000000000000,"0",264.580258721237556,"1",27458.7369594107,-785030.517003004,935710.840175203,-775481.864031706,909965.83169123
"865","865","14525",47.517,-106.983,"248650","666616","0",0.180000000000000,02_12615279,"2",02_30,Montana,S200,,State,Paved,"2","112","3",7.000000000000000,"0",264.580258721237556,"1",23198.5480408313,-778197.288100825,933012.370091985,-775429.645151723,909979.506967548
"866","866","14523",47.6,-107,"248651","666615","0",0.980000000000000,02_12615299,"2",02_30,Montana,S200,,State,Paved,"2","112","3",7.000000000000000,"0",1444.841808279525367,"1",33014.713271912,-778263.320037546,942873.221449459,-775341.945910774,909988.014051025
"867","867","137704",46.413,-103.502,"251555","669594","0",11.359999999999999,02_13024979,"2",02_38,North Dakota,U85,,State,Paved,"2","104","3",7.000000000000000,"0",16503.866467620755429,"1",10047.9200556254,-542485.47134833,779088.666448702,-532465.609168127,778338.293652034
"868","868","45388",45.939,-103.946,"251429","668888","0",8.250000000000000,02_13002928,"2",02_38,North Dakota,U12,,State,Paved,"2","104","4",0.000000000000000,"0",11921.847298339846020,"1",38022.3865928963,-579205.178860927,725926.802931761,-566094.667213056,761617.367042611
"869","869","14517",47.8,-106.1,"249255","666833","0",7.010000000000000,02_12621864,"2",02_30,Montana,S24,,State,Paved,"2","112","4",0.000000000000000,"0",10451.872442288407910,"1",3653.86943307663,-712331.796300007,959230.48946971,-715788.954623232,960413.205903236
"870","870","14608",45.4,-105.6,"245144","665635","0",8.480000000000000,02_12580761,"2",02_30,Montana,U212,,State,Paved,"2","112","3",7.000000000000000,"0",12073.976696508218083,"1",9336.37848795846,-705829.908812331,673734.236261626,-703384.889309439,682744.776916931
"871","871","13142",47.8,-106.1,"249255","666833","0",7.010000000000000,02_12621864,"2",02_30,Montana,S24,,State,Paved,"2","112","4",0.000000000000000,"0",10451.872442288407910,"1",3653.86943307663,-712331.796300007,959230.48946971,-715788.954623232,960413.205903236
"872","872","14568",47.517,-107.183,"248826","666146","0",1.940000000000000,02_12599536,"2",02_30,Montana,S200,,State,Paved,"2","112","3",7.000000000000000,"0",2857.893597581345603,"1",29521.4541138746,-792303.027435554,934669.038837112,-783765.562565221,906409.032705028
"873","873","45118",46.026,-103.767,"251539","669598","0",3.950000000000000,02_13023036,"2",02_38,North Dakota,U12,,State,Paved,"2","104","4",0.000000000000000,"0",5704.716192578649498,"1",25247.7381618544,-565346.005929701,735086.285425885,-554321.345459823,757799.830807738
"874","874","14535",47.55,-107.1,"248650","666616","0",0.180000000000000,02_12615279,"2",02_30,Montana,S200,,State,Paved,"2","112","3",7.000000000000000,"0",264.580258721237556,"1",29793.2927298488,-785994.971942998,937842.611521978,-775481.864031706,909965.83169123
"875","875","45145",46.334,-103.898,"251592","669143","0",0.720000000000000,02_13003354,"2",02_38,North Dakota,U12,,State,Paved,"2","104","4",0.000000000000000,"0",1043.821246589269549,"1",4294.92645067487,-571832.656617928,772119.305369062,-573131.465557454,768025.469935716
"876","876","73947",45.46,-104.157,"245393","668123","0",3.180000000000000,02_12819120,"2",02_30,Montana,S323,,State,Paved,"2","88","5",0.000000000000000,"0",4544.209595950575022,"1",19862.4006061717,-599410.861702683,670858.138458842,-617291.56848498,679506.565067512
"877","877","14534",47.567,-107.1,"248650","666616","0",0.180000000000000,02_12615279,"2",02_30,Montana,S200,,State,Paved,"2","112","3",7.000000000000000,"0",264.580258721237556,"1",31586.8536591645,-785760.792737341,939833.453293293,-775467.219134298,909970.907076263
"878","878","14582",47.067,-106.917,"249340","666432","0",9.640000000000001,02_12612056,"2",02_30,Montana,S22,,State,Paved,"2","112","4",7.000000000000000,"0",14165.873551259996020,"1",16193.2392301638,-779640.799915077,879743.864673105,-767703.743488024,890685.879141323
"879","879","14654",47.6,-106.267,"249312","666768","0",2.970000000000000,02_12619672,"2",02_30,Montana,S24,,State,Paved,"2","112","4",0.000000000000000,"0",4415.279942319112706,"1",8089.36468783773,-726612.895263895,937055.212154873,-718570.328515779,936186.338657213
"880","880","14604",45.5,-103.1,"245586","668468","0",9.750000000000000,02_12851003,"2",02_46,South Dakota,S79,,State,Paved,"2","104","5",0.000000000000000,"0",13929.588685348719082,"1",384.435558306742,-521540.549854869,669319.428165489,-521156.973284683,669293.74328093
"881","881","14647",47.617,-106.183,"249313","666767","0",1.590000000000000,02_12619678,"2",02_30,Montana,S24,,State,Paved,"2","112","4",0.000000000000000,"0",2366.298842544863419,"1",2133.33192898102,-720476.15424312,938406.873853341,-718355.170340104,938177.67437176
"882","882","14550",47.6,-106.383,"249312","666768","0",2.970000000000000,02_12619672,"2",02_30,Montana,S24,,State,Paved,"2","112","4",0.000000000000000,"0",4415.279942319112706,"1",16314.9437705302,-734789.741604822,937949.331361697,-718569.181730259,936196.953665171
"883","883","14548",47.517,-106.417,"249309","666749","0",11.289999999999999,02_12619555,"2",02_30,Montana,S24,,State,Paved,"2","112","4",0.000000000000000,"0",16734.577999075740081,"1",18379.3898025829,-738259.481868295,928485.320524087,-720705.574632574,923039.008902909
"884","884","14533",47.567,-107.1,"248650","666616","0",0.180000000000000,02_12615279,"2",02_30,Montana,S200,,State,Paved,"2","112","3",7.000000000000000,"0",264.580258721237556,"1",31586.8536591645,-785760.792737341,939833.453293293,-775467.219134298,909970.907076263
"885","885","14559",47.583,-106.3,"249312","666768","0",2.970000000000000,02_12619672,"2",02_30,Montana,S24,,State,Paved,"2","112","4",0.000000000000000,"0",4415.279942319112706,"1",10431.4745475064,-729156.539276271,935315.895714433,-718785.412053422,934195.45769172
"886","886","14521",47.65,-106.65,"249314","666766","0",8.119999999999999,02_12619684,"2",02_30,Montana,S24,,State,Paved,"2","112","4",0.000000000000000,"0",12070.254934576911182,"1",35209.7207021112,-752945.484558542,945903.46123584,-717814.359528854,943552.187949062
"887","887","45381",46.363,-103.898,"251592","669143","0",0.720000000000000,02_13003354,"2",02_38,North Dakota,U12,,State,Paved,"2","104","4",0.000000000000000,"0",1043.821246589269549,"1",7668.47645790855,-571547.713709037,775531.523407034,-573185.208435666,768039.918625296
"888","888","14537",45.5,-103.1,"245586","668468","0",9.750000000000000,02_12851003,"2",02_46,South Dakota,S79,,State,Paved,"2","104","5",0.000000000000000,"0",13929.588685348719082,"1",384.435558306742,-521540.549854869,669319.428165489,-521156.973284683,669293.74328093
"889","889","45309",46.464,-104.002,"251409","669120","0",5.930000000000000,02_13001960,"2",02_30,Montana,U12,,State,Paved,"2","112","4",0.000000000000000,"0",8579.324194107704898,"1",15825.4723371415,-578050.658668347,788044.815280488,-587913.609352101,775668.718217865
"890","890","167426",46.242,-109.686,"176062","592787","0",3.260000000000000,02_9998404,"2",02_30,Montana,U191,,State,Paved,"2","112","4",0.000000000000000,"0",4718.324211351370650,"1",14960.1687076387,-990164.259712362,809020.583834888,-1004059.62685641,814563.63531337
"891","891","45128",46.406,-103.94,"251428","669137","0",8.600000000000000,02_13002666,"2",02_38,North Dakota,U12,,State,Paved,"2","104","4",0.000000000000000,"0",12424.915116537984431,"1",12637.0302409852,-574155.269968869,780844.56352967,-577100.655872223,768555.57515829
"892","892","137705",46.413,-103.502,"251555","669594","0",11.359999999999999,02_13024979,"2",02_38,North Dakota,U85,,State,Paved,"2","104","3",7.000000000000000,"0",16503.866467620755429,"1",10047.9200556254,-542485.47134833,779088.666448702,-532465.609168127,778338.293652034
"893","893","45147",46.334,-103.898,"251592","669143","0",0.720000000000000,02_13003354,"2",02_38,North Dakota,U12,,State,Paved,"2","104","4",0.000000000000000,"0",1043.821246589269549,"1",4294.92645067487,-571832.656617928,772119.305369062,-573131.465557454,768025.469935716
"894","894","45382",46.363,-103.898,"251592","669143","0",0.720000000000000,02_13003354,"2",02_38,North Dakota,U12,,State,Paved,"2","104","4",0.000000000000000,"0",1043.821246589269549,"1",7668.47645790855,-571547.713709037,775531.523407034,-573185.208435666,768039.918625296
"895","895","45110",46.026,-103.767,"251539","669598","0",3.950000000000000,02_13023036,"2",02_38,North Dakota,U12,,State,Paved,"2","104","4",0.000000000000000,"0",5704.716192578649498,"1",25247.7381618544,-565346.005929701,735086.285425885,-554321.345459823,757799.830807738
"896","896","47034",45.531,-101.626,"9760","668825","0",15.140000000000001,02_12989169,"2",02_46,South Dakota,S65,,State,Paved,"2","104","4",0.000000000000000,"0",21644.626537210355309,"1",14440.1411179971,-413192.40304563,665706.643355036,-398776.649951652,664867.752276795
"897","897","45380",46.363,-103.898,"251592","669143","0",0.720000000000000,02_13003354,"2",02_38,North Dakota,U12,,State,Paved,"2","104","4",0.000000000000000,"0",1043.821246589269549,"1",7668.47645790855,-571547.713709037,775531.523407034,-573185.208435666,768039.918625296
"898","898","14549",47.517,-106.4,"249309","666749","0",11.289999999999999,02_12619555,"2",02_30,Montana,S24,,State,Paved,"2","112","4",0.000000000000000,"0",16734.577999075740081,"1",17194.1256613269,-737059.522238873,928353.038036453,-720637.644793527,923257.952322991
"899","899","14610",46.1,-103.3,"245581","668463","0",9.670000000000000,02_12849835,"2",02_38,North Dakota,U85,,State,Paved,"2","104","3",7.000000000000000,"0",13952.127159498644687,"1",8075.17314009002,-530750.970353812,741098.311014583,-538801.480589363,741728.95052311
"900","900","14515",47.6,-107,"248651","666615","0",0.980000000000000,02_12615299,"2",02_30,Montana,S200,,State,Paved,"2","112","3",7.000000000000000,"0",1444.841808279525367,"1",33014.713271912,-778263.320037546,942873.221449459,-775341.945910774,909988.014051025
"901","901","45146",46.334,-103.898,"251592","669143","0",0.720000000000000,02_13003354,"2",02_38,North Dakota,U12,,State,Paved,"2","104","4",0.000000000000000,"0",1043.821246589269549,"1",4294.92645067487,-571832.656617928,772119.305369062,-573131.465557454,768025.469935716
"902","902","45119",46.026,-103.767,"251539","669598","0",3.950000000000000,02_13023036,"2",02_38,North Dakota,U12,,State,Paved,"2","104","4",0.000000000000000,"0",5704.716192578649498,"1",25247.7381618544,-565346.005929701,735086.285425885,-554321.345459823,757799.830807738
"903","903","45111",46.026,-103.767,"251539","669598","0",3.950000000000000,02_13023036,"2",02_38,North Dakota,U12,,State,Paved,"2","104","4",0.000000000000000,"0",5704.716192578649498,"1",25247.7381618544,-565346.005929701,735086.285425885,-554321.345459823,757799.830807738
"904","904","45391",45.939,-103.946,"251429","668888","0",8.250000000000000,02_13002928,"2",02_38,North Dakota,U12,,State,Paved,"2","104","4",0.000000000000000,"0",11921.847298339846020,"1",38022.3865928963,-579205.178860927,725926.802931761,-566094.667213056,761617.367042611
"905","905","14563",47.6,-106.433,"249312","666768","0",2.970000000000000,02_12619672,"2",02_30,Montana,S24,,State,Paved,"2","112","4",0.000000000000000,"0",4415.279942319112706,"1",19860.4467877101,-738313.905736674,938337.813283369,-718568.354002838,936204.615370871
"906","906","45112",46.026,-103.767,"251539","669598","0",3.950000000000000,02_13023036,"2",02_38,North Dakota,U12,,State,Paved,"2","104","4",0.000000000000000,"0",5704.716192578649498,"1",25247.7381618544,-565346.005929701,735086.285425885,-554321.345459823,757799.830807738
"907","907","14547",47.517,-106.4,"249309","666749","0",11.289999999999999,02_12619555,"2",02_30,Montana,S24,,State,Paved,"2","112","4",0.000000000000000,"0",16734.577999075740081,"1",17194.1256613269,-737059.522238873,928353.038036453,-720637.644793527,923257.952322991
"908","908","14513",47.617,-107.317,"248826","666146","0",1.940000000000000,02_12599536,"2",02_30,Montana,S200,,State,Paved,"2","112","3",7.000000000000000,"0",2857.893597581345603,"1",44310.3069638541,-800347.59187221,947503.170445952,-783838.647937447,906383.125779271
"909","909","45133",46.209,-103.775,"251535","669597","0",8.010000000000000,02_13022734,"2",02_38,North Dakota,U12,,State,Paved,"2","104","4",0.000000000000000,"0",11562.371495815275921,"1",4735.79505015398,-564156.517835317,756672.73664931,-563732.687317152,761389.528191124
"910","910","14574",47.533,-106.917,"248652","666609","0",6.930000000000000,02_12615312,"2",02_30,Montana,S200,,State,Paved,"2","112","3",7.000000000000000,"0",10202.649353385324503,"1",24005.7448763249,-773324.834873869,934346.438669578,-771156.168129876,910438.852601121
"911","911","45137",46.45,-104.023,"251409","669120","0",5.930000000000000,02_13001960,"2",02_30,Montana,U12,,State,Paved,"2","112","4",0.000000000000000,"0",8579.324194107704898,"1",13611.9184587196,-579703.76060409,786526.098549309,-587913.609352101,775668.718217865
"912","912","202036",47.696,-106.228,"249314","666766","0",8.119999999999999,02_12619684,"2",02_30,Montana,S24,,State,Paved,"2","112","4",0.000000000000000,"0",12070.254934576911182,"1",5178.6409314001,-722644.727868588,948009.587227854,-717512.35937388,947318.851727899
"913","913","14556",47.8,-106.1,"249255","666833","0",7.010000000000000,02_12621864,"2",02_30,Montana,S24,,State,Paved,"2","112","4",0.000000000000000,"0",10451.872442288407910,"1",3653.86943307663,-712331.796300007,959230.48946971,-715788.954623232,960413.205903236
"914","914","141582",46.331,-104.01,"251428","669137","0",8.600000000000000,02_13002666,"2",02_38,North Dakota,U12,,State,Paved,"2","104","4",0.000000000000000,"0",12424.915116537984431,"1",3532.28657144815,-579952.426850843,772446.718369385,-581957.589214781,769538.734133341
"915","915","137712",46.413,-103.502,"251555","669594","0",11.359999999999999,02_13024979,"2",02_38,North Dakota,U85,,State,Paved,"2","104","3",7.000000000000000,"0",16503.866467620755429,"1",10047.9200556254,-542485.47134833,779088.666448702,-532465.609168127,778338.293652034
"916","916","45098",45.949,-103.962,"251429","668888","0",8.250000000000000,02_13002928,"2",02_38,North Dakota,U12,,State,Paved,"2","104","4",0.000000000000000,"0",11921.847298339846020,"1",37220.1828495825,-580269.638128941,727201.600408259,-566149.514099718,761639.43002564
"917","917","137711",46.413,-103.502,"251555","669594","0",11.359999999999999,02_13024979,"2",02_38,North Dakota,U85,,State,Paved,"2","104","3",7.000000000000000,"0",16503.866467620755429,"1",10047.9200556254,-542485.47134833,779088.666448702,-532465.609168127,778338.293652034
"918","918","45099",45.949,-103.962,"251429","668888","0",8.250000000000000,02_13002928,"2",02_38,North Dakota,U12,,State,Paved,"2","104","4",0.000000000000000,"0",11921.847298339846020,"1",37220.1828495825,-580269.638128941,727201.600408259,-566149.514099718,761639.43002564
"919","919","137565",47.266,-107.126,"248823","666140","0",3.340000000000000,02_12599146,"2",02_30,Montana,S200,,State,Paved,"2","112","3",7.000000000000000,"0",4920.285930022922912,"1",1266.39560797266,-791749.641374798,904794.299664084,-791510.420004725,903550.703679854
"920","920","45383",46.363,-103.898,"251592","669143","0",0.720000000000000,02_13003354,"2",02_38,North Dakota,U12,,State,Paved,"2","104","4",0.000000000000000,"0",1043.821246589269549,"1",7668.47645790855,-571547.713709037,775531.523407034,-573185.208435666,768039.918625296
"921","921","14516",47.8,-106.1,"249255","666833","0",7.010000000000000,02_12621864,"2",02_30,Montana,S24,,State,Paved,"2","112","4",0.000000000000000,"0",10451.872442288407910,"1",3653.86943307663,-712331.796300007,959230.48946971,-715788.954623232,960413.205903236
"922","922","14653",47.6,-106.283,"249312","666768","0",2.970000000000000,02_12619672,"2",02_30,Montana,S24,,State,Paved,"2","112","4",0.000000000000000,"0",4415.279942319112706,"1",9223.92800828868,-727740.801097303,937177.944071642,-718570.23461289,936187.207851927
"923","923","24851",46.466,-104.021,"251409","669120","0",5.930000000000000,02_13001960,"2",02_30,Montana,U12,,State,Paved,"2","112","4",0.000000000000000,"0",8579.324194107704898,"1",15308.8005269648,-579399.958405624,788396.083254739,-587966.963487753,775708.853553296
"924","924","14615",47.533,-106.883,"248652","666609","0",6.930000000000000,02_12615312,"2",02_30,Montana,S200,,State,Paved,"2","112","3",7.000000000000000,"0",10202.649353385324503,"1",23625.5350624242,-770926.991774121,934069.512155059,-770958.158564565,910443.997650248
"925","925","14508",47.55,-107.133,"248650","666616","0",0.180000000000000,02_12615279,"2",02_30,Montana,S200,,State,Paved,"2","112","3",7.000000000000000,"0",264.580258721237556,"1",30939.4775689413,-788320.977312815,938116.625888675,-775495.743861466,909960.549117267
"926","926","12977",47.696,-106.228,"249314","666766","0",8.119999999999999,02_12619684,"2",02_30,Montana,S24,,State,Paved,"2","112","4",0.000000000000000,"0",12070.254934576911182,"1",5178.6409314001,-722644.727868588,948009.587227854,-717512.35937388,947318.851727899
"927","927","14639",47.517,-107.05,"248650","666616","0",0.180000000000000,02_12615279,"2",02_30,Montana,S200,,State,Paved,"2","112","3",7.000000000000000,"0",264.580258721237556,"1",24743.2019194712,-782923.099706996,933564.039257332,-775467.219134298,909970.907076263
"928","928","45308",46.464,-104.002,"251409","669120","0",5.930000000000000,02_13001960,"2",02_30,Montana,U12,,State,Paved,"2","112","4",0.000000000000000,"0",8579.324194107704898,"1",15825.4723371415,-578050.658668347,788044.815280488,-587913.609352101,775668.718217865
"929","929","14651",47.617,-106.183,"249313","666767","0",1.590000000000000,02_12619678,"2",02_30,Montana,S24,,State,Paved,"2","112","4",0.000000000000000,"0",2366.298842544863419,"1",2133.33192898102,-720476.15424312,938406.873853341,-718355.170340104,938177.67437176
"930","930","224484",45,-103.189,"250309","667939","0",37.039999999999999,02_12847182,"2",02_46,South Dakota,S79,,State,Paved,"2","104","5",0.000000000000000,"0",52490.213659165223362,"1",10957.5608506934,-532541.715074476,610901.887666352,-539170.782696298,619626.771749361
"931","931","73948",45.591,-104.91,"245163","665685","0",5.870000000000000,02_12582985,"2",02_30,Montana,U212,,State,Paved,"2","112","3",7.000000000000000,"0",8347.177698326657264,"1",36773.7445311184,-653135.873938348,691246.932761291,-674181.028450467,661090.51124943
"932","932","14560",47.55,-107.25,"248826","666146","0",1.940000000000000,02_12599536,"2",02_30,Montana,S200,,State,Paved,"2","112","3",7.000000000000000,"0",2857.893597581345603,"1",35100.6252744773,-796566.951955028,939094.655420902,-783838.647937447,906383.125779271
"933","933","14674",47.8,-106.1,"249255","666833","0",7.010000000000000,02_12621864,"2",02_30,Montana,S24,,State,Paved,"2","112","4",0.000000000000000,"0",10451.872442288407910,"1",3653.86943307663,-712331.796300007,959230.48946971,-715788.954623232,960413.205903236
"934","934","14546",47.517,-106.4,"249309","666749","0",11.289999999999999,02_12619555,"2",02_30,Montana,S24,,State,Paved,"2","112","4",0.000000000000000,"0",16734.577999075740081,"1",17194.1256613269,-737059.522238873,928353.038036453,-720637.644793527,923257.952322991
"935","935","14613",47.6,-107.233,"248650","666616","0",0.180000000000000,02_12615279,"2",02_30,Montana,S200,,State,Paved,"2","112","3",7.000000000000000,"0",264.580258721237556,"1",39772.3380981594,-794671.932540412,944806.233136237,-775540.585953813,909937.472682534
"936","936","45385",46.363,-103.898,"251592","669143","0",0.720000000000000,02_13003354,"2",02_38,North Dakota,U12,,State,Paved,"2","104","4",0.000000000000000,"0",1043.821246589269549,"1",7668.47645790855,-571547.713709037,775531.523407034,-573185.208435666,768039.918625296
"937","937","72143",47.657,-107.337,"248826","666146","0",1.940000000000000,02_12599536,"2",02_30,Montana,S200,,State,Paved,"2","112","3",7.000000000000000,"0",2857.893597581345603,"1",49137.9497492631,-801192.605053251,952354.61996843,-783838.647937447,906383.125779271
"938","938","45120",46.026,-103.767,"251539","669598","0",3.950000000000000,02_13023036,"2",02_38,North Dakota,U12,,State,Paved,"2","104","4",0.000000000000000,"0",5704.716192578649498,"1",25247.7381618544,-565346.005929701,735086.285425885,-554321.345459823,757799.830807738
"939","939","74009",47.6,-107,"248651","666615","0",0.980000000000000,02_12615299,"2",02_30,Montana,S200,,State,Paved,"2","112","3",7.000000000000000,"0",1444.841808279525367,"1",33014.713271912,-778263.320037546,942873.221449459,-775341.945910774,909988.014051025
"940","940","14597",47.1,-104.8,"251688","668926","0",2.500000000000000,02_12997532,"2",02_30,Montana,S200S,,State,Paved,"2","112","3",7.000000000000000,"0",3665.197434341199369,"1",40.4064735791188,-628580.747675149,867892.051096954,-628590.765757327,867931.195970649
"941","941","157189",45.054,-101.968,"250492","668720","0",19.250000000000000,02_12972330,"2",02_46,South Dakota,U212,,State,Paved,"2","104","3",7.000000000000000,"0",27209.027272577339318,"1",1826.54263764226,-441823.640112627,610993.012129764,-441923.475200915,609169.199923896
"942","942","14575",47.65,-106.2,"249314","666766","0",8.119999999999999,02_12619684,"2",02_30,Montana,S24,,State,Paved,"2","112","4",0.000000000000000,"0",12070.254934576911182,"1",3339.0347395619,-721256.47943019,942404.510652506,-717936.817637701,942045.34693567
"943","943","45101",45.949,-103.962,"251429","668888","0",8.250000000000000,02_13002928,"2",02_38,North Dakota,U12,,State,Paved,"2","104","4",0.000000000000000,"0",11921.847298339846020,"1",37220.1828495825,-580269.638128941,727201.600408259,-566149.514099718,761639.43002564
"944","944","14532",46.3,-104.5,"245782","668907","0",1.910000000000000,02_12996817,"2",02_30,Montana,U12,,State,Paved,"2","112","4",0.000000000000000,"0",2768.336432211588999,"1",10923.8645293191,-615665.551361977,771890.220609634,-608530.734652175,780162.173630078
"945","945","11931",47.638,-106.57,"249314","666766","0",8.119999999999999,02_12619684,"2",02_30,Montana,S24,,State,Paved,"2","112","4",0.000000000000000,"0",12070.254934576911182,"1",29558.0234663405,-747470.528799396,943864.391071791,-718083.999812408,940684.978337711
"946","946","14623",47.633,-106.2,"249314","666766","0",8.119999999999999,02_12619684,"2",02_30,Montana,S24,,State,Paved,"2","112","4",0.000000000000000,"0",12070.254934576911182,"1",3338.67943649236,-721471.723776077,940411.757022796,-718152.415225204,940052.631524182
"947","947","45121",46.149,-103.81,"251429","668888","0",8.250000000000000,02_13002928,"2",02_38,North Dakota,U12,,State,Paved,"2","104","4",0.000000000000000,"0",11921.847298339846020,"1",11835.3396890292,-567273.46044318,749820.178243249,-565915.148442822,761577.314546976
"948","948","14611",47.1,-104.8,"251688","668926","0",2.500000000000000,02_12997532,"2",02_30,Montana,S200S,,State,Paved,"2","112","3",7.000000000000000,"0",3665.197434341199369,"1",40.4064735791188,-628580.747675149,867892.051096954,-628590.765757327,867931.195970649
"949","949","45390",45.939,-103.946,"251429","668888","0",8.250000000000000,02_13002928,"2",02_38,North Dakota,U12,,State,Paved,"2","104","4",0.000000000000000,"0",11921.847298339846020,"1",38022.3865928963,-579205.178860927,725926.802931761,-566094.667213056,761617.367042611
"950","950","14528",47.8,-106.1,"249255","666833","0",7.010000000000000,02_12621864,"2",02_30,Montana,S24,,State,Paved,"2","112","4",0.000000000000000,"0",10451.872442288407910,"1",3653.86943307663,-712331.796300007,959230.48946971,-715788.954623232,960413.205903236
"951","951","85498",47.614,-106.897,"248652","666609","0",6.930000000000000,02_12615312,"2",02_30,Montana,S200,,State,Paved,"2","112","3",7.000000000000000,"0",10202.649353385324503,"1",33227.684068458,-770818.89301653,943671.389869024,-770958.158564565,910443.997650248
"952","952","85499",47.614,-106.897,"248652","666609","0",6.930000000000000,02_12615312,"2",02_30,Montana,S200,,State,Paved,"2","112","3",7.000000000000000,"0",10202.649353385324503,"1",33227.684068458,-770818.89301653,943671.389869024,-770958.158564565,910443.997650248
"953","953","59374",47.1,-104.655,"251587","669046","0",0.430000000000000,02_13000158,"2",02_30,Montana,I94,,State,Paved,"4","120","1",1.000000000000000,"0",629.624387139361829,"1",1524.84410545755,-618252.486998,866938.500041834,-617735.639120895,868373.079359223
"954","954","14531",47.8,-106.1,"249255","666833","0",7.010000000000000,02_12621864,"2",02_30,Montana,S24,,State,Paved,"2","112","4",0.000000000000000,"0",10451.872442288407910,"1",3653.86943307663,-712331.796300007,959230.48946971,-715788.954623232,960413.205903236
"955","955","157187",47.733,-106.256,"249605","666835","0",4.550000000000000,02_12621783,"2",02_30,Montana,S24,,State,Paved,"2","112","4",0.000000000000000,"0",6780.624537809432695,"1",7367.76857262088,-724144.326272996,952559.778810226,-717003.574272976,950744.930438073
"956","956","45129",46.421,-103.94,"251428","669137","0",8.600000000000000,02_13002666,"2",02_38,North Dakota,U12,,State,Paved,"2","104","4",0.000000000000000,"0",12424.915116537984431,"1",14388.7377885281,-574007.112298548,782609.336883981,-577221.538481363,768584.24367708
"957","957","45130",46.382,-103.964,"251428","669137","0",8.600000000000000,02_13002666,"2",02_38,North Dakota,U12,,State,Paved,"2","104","4",0.000000000000000,"0",12424.915116537984431,"1",9634.10991491897,-576124.44462349,778166.513970106,-577431.658655381,768621.501380928
"958","958","24790",45.136,-102.497,"250474","668713","0",12.820000000000000,02_12968686,"2",02_46,South Dakota,U212,,State,Paved,"2","104","3",7.000000000000000,"0",18105.582834169676062,"1",13362.9745606411,-480264.22213136,623234.717821578,-481151.748234435,609901.249160922
"959","959","45879",45.55,-105.115,"245169","665674","0",8.779999999999999,02_12583367,"2",02_30,Montana,U212,,State,Paved,"2","112","3",7.000000000000000,"0",12481.751697543400951,"1",24739.4969550591,-668582.328794751,687854.161994948,-683008.573572735,667756.247396785
"960","960","14572",47.8,-106.1,"249255","666833","0",7.010000000000000,02_12621864,"2",02_30,Montana,S24,,State,Paved,"2","112","4",0.000000000000000,"0",10451.872442288407910,"1",3653.86943307663,-712331.796300007,959230.48946971,-715788.954623232,960413.205903236
"961","961","162855",47.6,-107,"248651","666615","0",0.980000000000000,02_12615299,"2",02_30,Montana,S200,,State,Paved,"2","112","3",7.000000000000000,"0",1444.841808279525367,"1",33014.713271912,-778263.320037546,942873.221449459,-775341.945910774,909988.014051025
"962","962","137710",46.413,-103.502,"251555","669594","0",11.359999999999999,02_13024979,"2",02_38,North Dakota,U85,,State,Paved,"2","104","3",7.000000000000000,"0",16503.866467620755429,"1",10047.9200556254,-542485.47134833,779088.666448702,-532465.609168127,778338.293652034
"963","963","14624",47.633,-106.2,"249314","666766","0",8.119999999999999,02_12619684,"2",02_30,Montana,S24,,State,Paved,"2","112","4",0.000000000000000,"0",12070.254934576911182,"1",3338.67943649236,-721471.723776077,940411.757022796,-718152.415225204,940052.631524182
"964","964","14520",47.6,-107,"248651","666615","0",0.980000000000000,02_12615299,"2",02_30,Montana,S200,,State,Paved,"2","112","3",7.000000000000000,"0",1444.841808279525367,"1",33014.713271912,-778263.320037546,942873.221449459,-775341.945910774,909988.014051025
"965","965","45143",46.464,-104.023,"251409","669120","0",5.930000000000000,02_13001960,"2",02_30,Montana,U12,,State,Paved,"2","112","4",0.000000000000000,"0",8579.324194107704898,"1",15032.1273704128,-579564.043544781,788173.033819656,-587966.963487753,775708.853553296
"966","966","137713",46.413,-103.502,"251555","669594","0",11.359999999999999,02_13024979,"2",02_38,North Dakota,U85,,State,Paved,"2","104","3",7.000000000000000,"0",16503.866467620755429,"1",10047.9200556254,-542485.47134833,779088.666448702,-532465.609168127,778338.293652034
"967","967","45144",46.334,-103.898,"251592","669143","0",0.720000000000000,02_13003354,"2",02_38,North Dakota,U12,,State,Paved,"2","104","4",0.000000000000000,"0",1043.821246589269549,"1",4294.92645067487,-571832.656617928,772119.305369062,-573131.465557454,768025.469935716
"968","968","14649",47.617,-106.183,"249313","666767","0",1.590000000000000,02_12619678,"2",02_30,Montana,S24,,State,Paved,"2","112","4",0.000000000000000,"0",2366.298842544863419,"1",2133.33192898102,-720476.15424312,938406.873853341,-718355.170340104,938177.67437176
"969","969","14650",47.617,-106.183,"249313","666767","0",1.590000000000000,02_12619678,"2",02_30,Montana,S24,,State,Paved,"2","112","4",0.000000000000000,"0",2366.298842544863419,"1",2133.33192898102,-720476.15424312,938406.873853341,-718355.170340104,938177.67437176
"970","970","45113",46.026,-103.767,"251539","669598","0",3.950000000000000,02_13023036,"2",02_38,North Dakota,U12,,State,Paved,"2","104","4",0.000000000000000,"0",5704.716192578649498,"1",25247.7381618544,-565346.005929701,735086.285425885,-554321.345459823,757799.830807738
"971","971","45134",46.209,-103.775,"251535","669597","0",8.010000000000000,02_13022734,"2",02_38,North Dakota,U12,,State,Paved,"2","104","4",0.000000000000000,"0",11562.371495815275921,"1",4735.79505015398,-564156.517835317,756672.73664931,-563732.687317152,761389.528191124
"972","972","45114",46.026,-103.767,"251539","669598","0",3.950000000000000,02_13023036,"2",02_38,North Dakota,U12,,State,Paved,"2","104","4",0.000000000000000,"0",5704.716192578649498,"1",25247.7381618544,-565346.005929701,735086.285425885,-554321.345459823,757799.830807738
"973","973","45138",46.45,-103.023,"245208","669664","0",11.289999999999999,02_13029630,"2",02_38,North Dakota,S67,,State,Paved,"2","88","5",0.000000000000000,"0",16415.502451916945574,"1",6630.80250107378,-507590.201744186,780791.295628552,-514205.962163827,781237.676495248
"974","974","81042",47.654,-106.277,"249314","666766","0",8.119999999999999,02_12619684,"2",02_30,Montana,S24,,State,Paved,"2","112","4",0.000000000000000,"0",12070.254934576911182,"1",8788.86755089977,-726628.966779659,943461.387078826,-717859.717872169,942874.474456931
"975","975","45117",46.026,-103.767,"251539","669598","0",3.950000000000000,02_13023036,"2",02_38,North Dakota,U12,,State,Paved,"2","104","4",0.000000000000000,"0",5704.716192578649498,"1",25247.7381618544,-565346.005929701,735086.285425885,-554321.345459823,757799.830807738
"976","976","14562",47.867,-106.183,"249447","666771","0",4.510000000000000,02_12619911,"2",02_30,Montana,S24,,State,Paved,"2","112","4",0.000000000000000,"0",6725.016322971107002,"1",1215.86000203792,-717316.491487629,967708.561046984,-716103.382100188,967790.299401856
"977","977","45100",45.949,-103.962,"251429","668888","0",8.250000000000000,02_13002928,"2",02_38,North Dakota,U12,,State,Paved,"2","104","4",0.000000000000000,"0",11921.847298339846020,"1",37220.1828495825,-580269.638128941,727201.600408259,-566149.514099718,761639.43002564
"978","978","14580",47.8,-106.1,"249255","666833","0",7.010000000000000,02_12621864,"2",02_30,Montana,S24,,State,Paved,"2","112","4",0.000000000000000,"0",10451.872442288407910,"1",3653.86943307663,-712331.796300007,959230.48946971,-715788.954623232,960413.205903236
"979","979","137707",46.413,-103.502,"251555","669594","0",11.359999999999999,02_13024979,"2",02_38,North Dakota,U85,,State,Paved,"2","104","3",7.000000000000000,"0",16503.866467620755429,"1",10047.9200556254,-542485.47134833,779088.666448702,-532465.609168127,778338.293652034
"980","980","14576",47.8,-106.1,"249255","666833","0",7.010000000000000,02_12621864,"2",02_30,Montana,S24,,State,Paved,"2","112","4",0.000000000000000,"0",10451.872442288407910,"1",3653.86943307663,-712331.796300007,959230.48946971,-715788.954623232,960413.205903236
"981","981","14583",47.633,-106.2,"249314","666766","0",8.119999999999999,02_12619684,"2",02_30,Montana,S24,,State,Paved,"2","112","4",0.000000000000000,"0",12070.254934576911182,"1",3338.67943649236,-721471.723776077,940411.757022796,-718152.415225204,940052.631524182
"982","982","14512",47.617,-107.317,"248826","666146","0",1.940000000000000,02_12599536,"2",02_30,Montana,S200,,State,Paved,"2","112","3",7.000000000000000,"0",2857.893597581345603,"1",44310.3069638541,-800347.59187221,947503.170445952,-783838.647937447,906383.125779271
"983","983","14529",47.8,-106.1,"249255","666833","0",7.010000000000000,02_12621864,"2",02_30,Montana,S24,,State,Paved,"2","112","4",0.000000000000000,"0",10451.872442288407910,"1",3653.86943307663,-712331.796300007,959230.48946971,-715788.954623232,960413.205903236
"984","984","81041",47.584,-106.925,"248652","666609","0",6.930000000000000,02_12615312,"2",02_30,Montana,S200,,State,Paved,"2","112","3",7.000000000000000,"0",10202.649353385324503,"1",30015.7783750019,-773197.507783746,940385.534642271,-771129.233559049,910441.099546769
"985","985","83299",46.376,-106.803,"63903","666444","0",11.310000000000000,02_12609152,"2",02_30,Montana,U12,,State,Paved,"2","112","4",0.000000000000000,"0",16365.700777926065712,"1",6720.92711720773,-780809.013879713,797781.497222417,-785906.23928415,793400.954505905
"986","986","14509",47.633,-106.2,"249314","666766","0",8.119999999999999,02_12619684,"2",02_30,Montana,S24,,State,Paved,"2","112","4",0.000000000000000,"0",12070.254934576911182,"1",3338.67943649236,-721471.723776077,940411.757022796,-718152.415225204,940052.631524182
"987","987","45299",46.464,-104.002,"251409","669120","0",5.930000000000000,02_13001960,"2",02_30,Montana,U12,,State,Paved,"2","112","4",0.000000000000000,"0",8579.324194107704898,"1",15825.4723371415,-578050.658668347,788044.815280488,-587913.609352101,775668.718217865
"988","988","14614",47.517,-107,"248650","666616","0",0.180000000000000,02_12615279,"2",02_30,Montana,S200,,State,Paved,"2","112","3",7.000000000000000,"0",264.580258721237556,"1",23509.594678565,-779396.411523351,933152.029629169,-775429.645151723,909979.506967548
"989","989","141583",46.331,-104.01,"251428","669137","0",8.600000000000000,02_13002666,"2",02_38,North Dakota,U12,,State,Paved,"2","104","4",0.000000000000000,"0",12424.915116537984431,"1",3532.28657144815,-579952.426850843,772446.718369385,-581957.589214781,769538.734133341
"990","990","45122",46.18,-103.837,"251429","668888","0",8.250000000000000,02_13002928,"2",02_38,North Dakota,U12,,State,Paved,"2","104","4",0.000000000000000,"0",11921.847298339846020,"1",8474.64529794453,-568927.829367909,753630.327219856,-566094.667213056,761617.367042611
"991","991","97798",45.713,-103.561,"245577","668460","0",28.680000000000000,02_12848724,"2",02_46,South Dakota,U85,,State,Paved,"2","104","3",7.000000000000000,"0",41105.928403779922519,"1",6045.87234781284,-553329.464160762,697021.04686351,-547780.094808169,694621.656892173
"992","992","137708",46.413,-103.502,"251555","669594","0",11.359999999999999,02_13024979,"2",02_38,North Dakota,U85,,State,Paved,"2","104","3",7.000000000000000,"0",16503.866467620755429,"1",10047.9200556254,-542485.47134833,779088.666448702,-532465.609168127,778338.293652034
"993","993","45108",46.026,-103.767,"251539","669598","0",3.950000000000000,02_13023036,"2",02_38,North Dakota,U12,,State,Paved,"2","104","4",0.000000000000000,"0",5704.716192578649498,"1",25247.7381618544,-565346.005929701,735086.285425885,-554321.345459823,757799.830807738
"994","994","45384",46.363,-103.898,"251592","669143","0",0.720000000000000,02_13003354,"2",02_38,North Dakota,U12,,State,Paved,"2","104","4",0.000000000000000,"0",1043.821246589269549,"1",7668.47645790855,-571547.713709037,775531.523407034,-573185.208435666,768039.918625296
"995","995","45386",46.363,-103.898,"251592","669143","0",0.720000000000000,02_13003354,"2",02_38,North Dakota,U12,,State,Paved,"2","104","4",0.000000000000000,"0",1043.821246589269549,"1",7668.47645790855,-571547.713709037,775531.523407034,-573185.208435666,768039.918625296
"996","996","14605",47.733,-106.5,"249605","666835","0",4.550000000000000,02_12621783,"2",02_30,Montana,S24,,State,Paved,"2","112","4",0.000000000000000,"0",6780.624537809432695,"1",24549.3335975137,-741302.723723324,954445.718026031,-717107.30414119,950292.231379065
"997","997","144502",47.6,-106.917,"248652","666609","0",6.930000000000000,02_12615312,"2",02_30,Montana,S200,,State,Paved,"2","112","3",7.000000000000000,"0",10202.649353385324503,"1",31779.3854284551,-772417.051158081,942194.380700721,-771129.233559049,910441.099546769
"998","998","14629",47.633,-106.2,"249314","666766","0",8.119999999999999,02_12619684,"2",02_30,Montana,S24,,State,Paved,"2","112","4",0.000000000000000,"0",12070.254934576911182,"1",3338.67943649236,-721471.723776077,940411.757022796,-718152.415225204,940052.631524182
"999","999","45132",46.209,-103.775,"251535","669597","0",8.010000000000000,02_13022734,"2",02_38,North Dakota,U12,,State,Paved,"2","104","4",0.000000000000000,"0",11562.371495815275921,"1",4735.79505015398,-564156.517835317,756672.73664931,-563732.687317152,761389.528191124
"1000","1000","14530",47.8,-106.1,"249255","666833","0",7.010000000000000,02_12621864,"2",02_30,Montana,S24,,State,Paved,"2","112","4",0.000000000000000,"0",10451.872442288407910,"1",3653.86943307663,-712331.796300007,959230.48946971,-715788.954623232,960413.205903236
"1001","1001","14507",47.55,-107.117,"248650","666616","0",0.180000000000000,02_12615279,"2",02_30,Montana,S200,,State,Paved,"2","112","3",7.000000000000000,"0",264.580258721237556,"1",30366.5346308672,-787193.229045993,937983.669319083,-775495.743861466,909960.549117267
"1002","1002","45115",46.026,-103.767,"251539","669598","0",3.950000000000000,02_13023036,"2",02_38,North Dakota,U12,,State,Paved,"2","104","4",0.000000000000000,"0",5704.716192578649498,"1",25247.7381618544,-565346.005929701,735086.285425885,-554321.345459823,757799.830807738
"1003","1003","45116",46.026,-103.767,"251539","669598","0",3.950000000000000,02_13023036,"2",02_38,North Dakota,U12,,State,Paved,"2","104","4",0.000000000000000,"0",5704.716192578649498,"1",25247.7381618544,-565346.005929701,735086.285425885,-554321.345459823,757799.830807738
"1004","1004","137716",46.413,-103.502,"251555","669594","0",11.359999999999999,02_13024979,"2",02_38,North Dakota,U85,,State,Paved,"2","104","3",7.000000000000000,"0",16503.866467620755429,"1",10047.9200556254,-542485.47134833,779088.666448702,-532465.609168127,778338.293652034
"1005","1005","174241",45.233,-103.208,"245583","668466","0",4.230000000000002,02_12850097,"2",02_46,South Dakota,S79,,State,Paved,"2","104","5",0.000000000000000,"0",6019.484619932223723,"1",1076.01283747639,-531855.017776972,638462.30928962,-532927.916761322,638544.110241906
"1006","1006","14617",47.633,-106.2,"249314","666766","0",8.119999999999999,02_12619684,"2",02_30,Montana,S24,,State,Paved,"2","112","4",0.000000000000000,"0",12070.254934576911182,"1",3338.67943649236,-721471.723776077,940411.757022796,-718152.415225204,940052.631524182
"1007","1007","14618",47.8,-106.1,"249255","666833","0",7.010000000000000,02_12621864,"2",02_30,Montana,S24,,State,Paved,"2","112","4",0.000000000000000,"0",10451.872442288407910,"1",3653.86943307663,-712331.796300007,959230.48946971,-715788.954623232,960413.205903236
"1008","1008","14621",46.9,-101.5,"245642","670405","0",6.340000000000000,02_13101275,"2",02_38,North Dakota,I94,,State,Paved,"4","120","1",1.000000000000000,"0",9255.707829484897957,"1",4565.7870593415,-394575.478960513,826546.268233386,-394864.770979285,821989.65528086
"1009","1009","35510",47.722,-106.231,"249605","666835","0",4.550000000000000,02_12621783,"2",02_30,Montana,S24,,State,Paved,"2","112","4",0.000000000000000,"0",6780.624537809432695,"1",5475.33691811709,-722525.701790523,951079.810759575,-717107.30414119,950292.231379065
"1010","1010","47626",47.877,-106.198,"249447","666771","0",4.510000000000000,02_12619911,"2",02_30,Montana,S24,,State,Paved,"2","112","4",0.000000000000000,"0",6725.016322971107002,"1",2053.36412989821,-718242.504929712,968993.977532851,-716193.786082443,969132.018594856
"1011","1011","144499",47.266,-107.126,"248823","666140","0",3.340000000000000,02_12599146,"2",02_30,Montana,S200,,State,Paved,"2","112","3",7.000000000000000,"0",4920.285930022922912,"1",1266.39560797266,-791749.641374798,904794.299664084,-791510.420004725,903550.703679854
"1012","1012","14600",47.7,-106.55,"249314","666766","0",8.119999999999999,02_12619684,"2",02_30,Montana,S24,,State,Paved,"2","112","4",0.000000000000000,"0",12070.254934576911182,"1",27977.2149109195,-745250.248005998,950971.312849727,-717523.016425247,947239.666692979
"1013","1013","144500",47.266,-107.126,"248823","666140","0",3.340000000000000,02_12599146,"2",02_30,Montana,S200,,State,Paved,"2","112","3",7.000000000000000,"0",4920.285930022922912,"1",1266.39560797266,-791749.641374798,904794.299664084,-791510.420004725,903550.703679854
"1014","1014","45140",46.45,-104.002,"251409","669120","0",5.930000000000000,02_13001960,"2",02_30,Montana,U12,,State,Paved,"2","112","4",0.000000000000000,"0",8579.324194107704898,"1",14478.013996942,-578190.010891903,786397.849100155,-587868.404267256,775630.231398565
"1015","1015","45141",46.464,-104.023,"251409","669120","0",5.930000000000000,02_13001960,"2",02_30,Montana,U12,,State,Paved,"2","112","4",0.000000000000000,"0",8579.324194107704898,"1",15032.1273704128,-579564.043544781,788173.033819656,-587966.963487753,775708.853553296
"1016","1016","45142",46.464,-104.023,"251409","669120","0",5.930000000000000,02_13001960,"2",02_30,Montana,U12,,State,Paved,"2","112","4",0.000000000000000,"0",8579.324194107704898,"1",15032.1273704128,-579564.043544781,788173.033819656,-587966.963487753,775708.853553296
"1017","1017","14552",47.6,-107,"248651","666615","0",0.980000000000000,02_12615299,"2",02_30,Montana,S200,,State,Paved,"2","112","3",7.000000000000000,"0",1444.841808279525367,"1",33014.713271912,-778263.320037546,942873.221449459,-775341.945910774,909988.014051025
"1018","1018","183109",45.66,-105.08,"245147","665639","0",5.710000000000000,02_12580908,"2",02_30,Montana,S59,,State,Paved,"2","112","3",7.000000000000000,"0",8167.625426380398494,"1",34388.7979732211,-664780.167139062,700543.336875629,-698365.633555895,693153.758294492
"1019","1019","45135",46.209,-103.775,"251535","669597","0",8.010000000000000,02_13022734,"2",02_38,North Dakota,U12,,State,Paved,"2","104","4",0.000000000000000,"0",11562.371495815275921,"1",4735.79505015398,-564156.517835317,756672.73664931,-563732.687317152,761389.528191124
"1020","1020","55354",47.6,-106.217,"249312","666768","0",2.970000000000000,02_12619672,"2",02_30,Montana,S24,,State,Paved,"2","112","4",0.000000000000000,"0",4415.279942319112706,"1",4543.85361209555,-723088.056273138,936672.901913146,-718570.489396237,936184.849497023
"1021","1021","55355",47.683,-106.217,"249314","666766","0",8.119999999999999,02_12619684,"2",02_30,Montana,S24,,State,Paved,"2","112","4",0.000000000000000,"0",12070.254934576911182,"1",4399.52970718366,-722035.412802593,946402.038815144,-717645.409424104,946112.674025915
"1022","1022","48622",47.565,-106.313,"249311","666764","0",3.150000000000000,02_12619666,"2",02_30,Montana,S24,,State,Paved,"2","112","4",0.000000000000000,"0",4667.207585453151296,"1",11356.2135935841,-730303.644428616,933306.057209783,-719013.042216555,932087.086795007
"1023","1023","55385",47.537,-107.168,"248650","666616","0",0.180000000000000,02_12615279,"2",02_30,Montana,S200,,State,Paved,"2","112","3",7.000000000000000,"0",264.580258721237556,"1",31051.8812437892,-790968.022090214,936885.822224493,-775540.585953813,909937.472682534
"1024","1024","122903",46.331,-104.01,"251428","669137","0",8.600000000000000,02_13002666,"2",02_38,North Dakota,U12,,State,Paved,"2","104","4",0.000000000000000,"0",12424.915116537984431,"1",3532.28657144815,-579952.426850843,772446.718369385,-581957.589214781,769538.734133341
"1025","1025","14648",47.8,-106.1,"249255","666833","0",7.010000000000000,02_12621864,"2",02_30,Montana,S24,,State,Paved,"2","112","4",0.000000000000000,"0",10451.872442288407910,"1",3653.86943307663,-712331.796300007,959230.48946971,-715788.954623232,960413.205903236
"1026","1026","137722",46.413,-103.502,"251555","669594","0",11.359999999999999,02_13024979,"2",02_38,North Dakota,U85,,State,Paved,"2","104","3",7.000000000000000,"0",16503.866467620755429,"1",10047.9200556254,-542485.47134833,779088.666448702,-532465.609168127,778338.293652034
"1027","1027","14652",47.1,-104.8,"251688","668926","0",2.500000000000000,02_12997532,"2",02_30,Montana,S200S,,State,Paved,"2","112","3",7.000000000000000,"0",3665.197434341199369,"1",40.4064735791188,-628580.747675149,867892.051096954,-628590.765757327,867931.195970649
"1028","1028","192251",45.644,-103.488,"245577","668460","0",28.680000000000000,02_12848724,"2",02_46,South Dakota,U85,,State,Paved,"2","104","3",7.000000000000000,"0",41105.928403779922519,"1",332.649542999797,-548641.517505526,688471.317294014,-548822.848086122,688750.198879994
"1029","1029","128458",47.877,-106.177,"249447","666771","0",4.510000000000000,02_12619911,"2",02_30,Montana,S24,,State,Paved,"2","112","4",0.000000000000000,"0",6725.016322971107002,"1",594.049996000861,-716769.172460124,968835.034232797,-716176.466370977,968874.970302166
"1030","1030","129262",46.23,-104.229,"251634","668890","0",4.650000000000000,02_13000578,"2",02_30,Montana,S7,,State,Paved,"2","112","4",0.000000000000000,"0",6734.831096333118694,"1",7848.54129883508,-596803.425298669,761923.681829277,-603815.298509316,765449.761039579
"1031","1031","137731",46.413,-103.502,"251555","669594","0",11.359999999999999,02_13024979,"2",02_38,North Dakota,U85,,State,Paved,"2","104","3",7.000000000000000,"0",16503.866467620755429,"1",10047.9200556254,-542485.47134833,779088.666448702,-532465.609168127,778338.293652034
"1032","1032","127733",46.696,-100.253,"4057","804478","0",3.360000000000000,02_23251570,"2",02_38,North Dakota,U83,,State,Paved,"2","104","3",7.000000000000000,"0",4901.921448981285721,"1",2714.69285097998,-306263.084043158,797891.667436912,-308974.218790114,798030.612242535
"1033","1033","48235",45.873,-103.787,"245580","668461","0",8.600000000000000,02_12849611,"2",02_38,North Dakota,U85,,State,Paved,"2","104","3",7.000000000000000,"0",12390.997299697899507,"1",29495.1176313932,-568281.212222974,717195.812342255,-539796.128150432,724848.390304609
"1034","1034","154928",46.328,-103.979,"251428","669137","0",8.600000000000000,02_13002666,"2",02_38,North Dakota,U12,,State,Paved,"2","104","4",0.000000000000000,"0",12424.915116537984431,"1",3243.14874573477,-577743.008816106,771904.466452814,-578001.055267075,768671.599951379
"1035","1035","45298",46.464,-104.002,"251409","669120","0",5.930000000000000,02_13001960,"2",02_30,Montana,U12,,State,Paved,"2","112","4",0.000000000000000,"0",8579.324194107704898,"1",15825.4723371415,-578050.658668347,788044.815280488,-587913.609352101,775668.718217865
"1036","1036","172644",45.762,-104.923,"245410","668144","0",0.630000000000000,02_12820209,"2",02_30,Montana,S323,,State,Paved,"2","88","5",0.000000000000000,"0",906.075714111197385,"1",31636.7290650652,-652187.419833389,711447.726452185,-623258.066194564,724253.00364466
"1036","1036","172644",45.762,-104.923,"245411","668146","0",0.020000000000000,02_12820244,"2",02_30,Montana,S7,,State,Paved,"2","88","4",0.000000000000000,"0",34.003910815381182,"2",31636.7290650652,-652187.419833389,711447.726452185,-623258.066194564,724253.00364466
"1037","1037","142488",46.504,-103.874,"251592","669143","0",0.720000000000000,02_13003354,"2",02_38,North Dakota,U12,,State,Paved,"2","104","4",0.000000000000000,"0",1043.821246589269549,"1",24403.6733519736,-568433.821395362,791976.576584649,-573185.208435666,768039.918625296
"1038","1038","14594",47.6,-107,"248651","666615","0",0.980000000000000,02_12615299,"2",02_30,Montana,S200,,State,Paved,"2","112","3",7.000000000000000,"0",1444.841808279525367,"1",33014.713271912,-778263.320037546,942873.221449459,-775341.945910774,909988.014051025
"1039","1039","131973",47.536,-106.933,"248652","666609","0",6.930000000000000,02_12615312,"2",02_30,Montana,S200,,State,Paved,"2","112","3",7.000000000000000,"0",10202.649353385324503,"1",24606.0302015602,-774412.489161201,934828.463004344,-771156.168129876,910438.852601121
"1040","1040","45313",46.464,-104.002,"251409","669120","0",5.930000000000000,02_13001960,"2",02_30,Montana,U12,,State,Paved,"2","112","4",0.000000000000000,"0",8579.324194107704898,"1",15825.4723371415,-578050.658668347,788044.815280488,-587913.609352101,775668.718217865
"1041","1041","45127",46.137,-103.795,"251429","668888","0",8.250000000000000,02_13002928,"2",02_38,North Dakota,U12,,State,Paved,"2","104","4",0.000000000000000,"0",11921.847298339846020,"1",13244.2053470914,-566302.798979107,748318.182147242,-565094.127176609,761507.12022996
"1042","1042","45318",46.363,-103.898,"251592","669143","0",0.720000000000000,02_13003354,"2",02_38,North Dakota,U12,,State,Paved,"2","104","4",0.000000000000000,"0",1043.821246589269549,"1",7668.47645790855,-571547.713709037,775531.523407034,-573185.208435666,768039.918625296
"1043","1043","45107",46.026,-103.767,"251539","669598","0",3.950000000000000,02_13023036,"2",02_38,North Dakota,U12,,State,Paved,"2","104","4",0.000000000000000,"0",5704.716192578649498,"1",25247.7381618544,-565346.005929701,735086.285425885,-554321.345459823,757799.830807738
"1044","1044","52903",47.667,-106.267,"249314","666766","0",8.119999999999999,02_12619684,"2",02_30,Montana,S24,,State,Paved,"2","112","4",0.000000000000000,"0",12070.254934576911182,"1",8016.84033706523,-725759.019578624,944908.488919804,-717759.538155176,944381.207262716
"1045","1045","14506",47.633,-106.2,"249314","666766","0",8.119999999999999,02_12619684,"2",02_30,Montana,S24,,State,Paved,"2","112","4",0.000000000000000,"0",12070.254934576911182,"1",3338.67943649236,-721471.723776077,940411.757022796,-718152.415225204,940052.631524182
"1046","1046","45387",46.363,-103.898,"251592","669143","0",0.720000000000000,02_13003354,"2",02_38,North Dakota,U12,,State,Paved,"2","104","4",0.000000000000000,"0",1043.821246589269549,"1",7668.47645790855,-571547.713709037,775531.523407034,-573185.208435666,768039.918625296
"1047","1047","99441",45.383,-105.3,"245169","665674","0",8.779999999999999,02_12583367,"2",02_30,Montana,U212,,State,Paved,"2","112","3",7.000000000000000,"0",12481.751697543400951,"1",1063.9884156212,-684041.408415995,669536.428269747,-684552.107846438,668603.016549057
"1048","1048","224483",45.053,-102.189,"250484","668724","0",7.820000000000000,02_12971141,"2",02_46,South Dakota,U212,,State,Paved,"2","104","3",7.000000000000000,"0",11039.999573622617390,"1",3532.22522490255,-458169.610567226,611924.141080066,-458398.868400649,608399.36365656
"1049","1049","53128",45.461,-103.842,"250308","668455","0",20.760000000000002,02_12846943,"2",02_46,South Dakota,U85,,State,Paved,"2","104","3",7.000000000000000,"0",29652.319543914421956,"1",21807.6540984182,-576307.455357509,669022.50813948,-554566.856870866,667313.662119852
"1050","1050","45392",45.939,-103.946,"251429","668888","0",8.250000000000000,02_13002928,"2",02_38,North Dakota,U12,,State,Paved,"2","104","4",0.000000000000000,"0",11921.847298339846020,"1",38022.3865928963,-579205.178860927,725926.802931761,-566094.667213056,761617.367042611
"1051","1051","84455",46.287,-103.946,"251590","669142","0",0.560000000000000,02_13003249,"2",02_38,North Dakota,U12,,State,Paved,"2","104","4",0.000000000000000,"0",808.108611567135540,"1",1048.3476210638,-575764.464074689,766879.628591749,-575105.348079076,767694.857908516
"1052","1052","14620",46.9,-101.5,"245642","670405","0",6.340000000000000,02_13101275,"2",02_38,North Dakota,I94,,State,Paved,"4","120","1",1.000000000000000,"0",9255.707829484897957,"1",4565.7870593415,-394575.478960513,826546.268233386,-394864.770979285,821989.65528086
"1053","1053","74175",45.063,-103.452,"250309","667939","0",37.039999999999999,02_12847182,"2",02_46,South Dakota,S79,,State,Paved,"2","104","5",0.000000000000000,"0",52490.213659165223362,"1",3420.60794659733,-551399.982808586,619828.147989443,-547991.504087649,619540.343310456
"1054","1054","137706",46.413,-103.502,"251555","669594","0",11.359999999999999,02_13024979,"2",02_38,North Dakota,U85,,State,Paved,"2","104","3",7.000000000000000,"0",16503.866467620755429,"1",10047.9200556254,-542485.47134833,779088.666448702,-532465.609168127,778338.293652034
"1055","1055","14628",47.8,-106.1,"249255","666833","0",7.010000000000000,02_12621864,"2",02_30,Montana,S24,,State,Paved,"2","112","4",0.000000000000000,"0",10451.872442288407910,"1",3653.86943307663,-712331.796300007,959230.48946971,-715788.954623232,960413.205903236
"1056","1056","45124",46.137,-103.795,"251429","668888","0",8.250000000000000,02_13002928,"2",02_38,North Dakota,U12,,State,Paved,"2","104","4",0.000000000000000,"0",11921.847298339846020,"1",13244.2053470914,-566302.798979107,748318.182147242,-565094.127176609,761507.12022996
"1057","1057","144503",47.266,-107.126,"248823","666140","0",3.340000000000000,02_12599146,"2",02_30,Montana,S200,,State,Paved,"2","112","3",7.000000000000000,"0",4920.285930022922912,"1",1266.39560797266,-791749.641374798,904794.299664084,-791510.420004725,903550.703679854
"1058","1058","45139",46.45,-103.023,"245208","669664","0",11.289999999999999,02_13029630,"2",02_38,North Dakota,S67,,State,Paved,"2","88","5",0.000000000000000,"0",16415.502451916945574,"1",6630.80250107378,-507590.201744186,780791.295628552,-514205.962163827,781237.676495248
"1059","1059","144501",47.266,-107.126,"248823","666140","0",3.340000000000000,02_12599146,"2",02_30,Montana,S200,,State,Paved,"2","112","3",7.000000000000000,"0",4920.285930022922912,"1",1266.39560797266,-791749.641374798,904794.299664084,-791510.420004725,903550.703679854
"1060","1060","50088",47.638,-106.698,"248658","666606","0",7.430000000000000,02_12615477,"2",02_30,Montana,S200,,State,Paved,"2","112","3",7.000000000000000,"0",10944.089661057550984,"1",35521.7351513537,-756483.980249335,944879.732787892,-758808.035912389,909434.106351927
"1061","1061","118381",46.287,-103.946,"251590","669142","0",0.560000000000000,02_13003249,"2",02_38,North Dakota,U12,,State,Paved,"2","104","4",0.000000000000000,"0",808.108611567135540,"1",1048.3476210638,-575764.464074689,766879.628591749,-575105.348079076,767694.857908516
"1062","1062","137715",46.413,-103.502,"251555","669594","0",11.359999999999999,02_13024979,"2",02_38,North Dakota,U85,,State,Paved,"2","104","3",7.000000000000000,"0",16503.866467620755429,"1",10047.9200556254,-542485.47134833,779088.666448702,-532465.609168127,778338.293652034
"1063","1063","55353",47.567,-107.083,"248650","666616","0",0.180000000000000,02_12615279,"2",02_30,Montana,S200,,State,Paved,"2","112","3",7.000000000000000,"0",264.580258721237556,"1",31082.3576729236,-784562.867374145,939692.652341381,-775467.219134298,909970.907076263
"1064","1064","183110",45.678,-105.079,"248536","665666","0",8.810000000000000,02_12582186,"2",02_30,Montana,S59,,State,Paved,"2","112","3",7.000000000000000,"0",12625.809528021807637,"1",34820.4011296079,-664503.841625549,702652.968397565,-699189.903639823,705708.69036933
"1065","1065","137718",46.466,-104.021,"251409","669120","0",5.930000000000000,02_13001960,"2",02_30,Montana,U12,,State,Paved,"2","112","4",0.000000000000000,"0",8579.324194107704898,"1",15308.8005269648,-579399.958405624,788396.083254739,-587966.963487753,775708.853553296
"1066","1066","14646",47.8,-106.1,"249255","666833","0",7.010000000000000,02_12621864,"2",02_30,Montana,S24,,State,Paved,"2","112","4",0.000000000000000,"0",10451.872442288407910,"1",3653.86943307663,-712331.796300007,959230.48946971,-715788.954623232,960413.205903236
"1067","1067","137720",46.466,-104.021,"251409","669120","0",5.930000000000000,02_13001960,"2",02_30,Montana,U12,,State,Paved,"2","112","4",0.000000000000000,"0",8579.324194107704898,"1",15308.8005269648,-579399.958405624,788396.083254739,-587966.963487753,775708.853553296
"1068","1068","124934",45.833,-103.9,"245577","668460","0",28.680000000000000,02_12848724,"2",02_46,South Dakota,U85,,State,Paved,"2","104","3",7.000000000000000,"0",41105.928403779922519,"1",34514.1277956339,-576902.063853466,713169.775459878,-547697.178494183,694776.85049824
"1069","1069","137724",46.413,-103.502,"251555","669594","0",11.359999999999999,02_13024979,"2",02_38,North Dakota,U85,,State,Paved,"2","104","3",7.000000000000000,"0",16503.866467620755429,"1",10047.9200556254,-542485.47134833,779088.666448702,-532465.609168127,778338.293652034
"1070","1070","45103",46.007,-103.754,"245580","668461","0",8.600000000000000,02_12849611,"2",02_38,North Dakota,U85,,State,Paved,"2","104","3",7.000000000000000,"0",12390.997299697899507,"1",25010.5920779055,-564585.212383116,732772.346056946,-539655.299460956,730765.069847521
"1071","1071","45104",46.026,-103.767,"251539","669598","0",3.950000000000000,02_13023036,"2",02_38,North Dakota,U12,,State,Paved,"2","104","4",0.000000000000000,"0",5704.716192578649498,"1",25247.7381618544,-565346.005929701,735086.285425885,-554321.345459823,757799.830807738
"1072","1072","45106",46.026,-103.767,"251539","669598","0",3.950000000000000,02_13023036,"2",02_38,North Dakota,U12,,State,Paved,"2","104","4",0.000000000000000,"0",5704.716192578649498,"1",25247.7381618544,-565346.005929701,735086.285425885,-554321.345459823,757799.830807738
"1073","1073","137728",46.413,-103.502,"251555","669594","0",11.359999999999999,02_13024979,"2",02_38,North Dakota,U85,,State,Paved,"2","104","3",7.000000000000000,"0",16503.866467620755429,"1",10047.9200556254,-542485.47134833,779088.666448702,-532465.609168127,778338.293652034
"1074","1074","45312",46.464,-104.002,"251409","669120","0",5.930000000000000,02_13001960,"2",02_30,Montana,U12,,State,Paved,"2","112","4",0.000000000000000,"0",8579.324194107704898,"1",15825.4723371415,-578050.658668347,788044.815280488,-587913.609352101,775668.718217865
"1075","1075","137729",46.413,-103.502,"251555","669594","0",11.359999999999999,02_13024979,"2",02_38,North Dakota,U85,,State,Paved,"2","104","3",7.000000000000000,"0",16503.866467620755429,"1",10047.9200556254,-542485.47134833,779088.666448702,-532465.609168127,778338.293652034
"1076","1076","137730",46.413,-103.502,"251555","669594","0",11.359999999999999,02_13024979,"2",02_38,North Dakota,U85,,State,Paved,"2","104","3",7.000000000000000,"0",16503.866467620755429,"1",10047.9200556254,-542485.47134833,779088.666448702,-532465.609168127,778338.293652034
"1077","1077","221007",47.544,-107.053,"248650","666616","0",0.180000000000000,02_12615279,"2",02_30,Montana,S200,,State,Paved,"2","112","3",7.000000000000000,"0",264.580258721237556,"1",27756.5021170229,-782764.316418915,936751.044883809,-775467.219134298,909970.907076263
"1078","1078","57919",46.087,-100.63,"245767","668854","0",3.810000000000000,02_12996031,"2",02_38,North Dakota,S24,,State,Paved,"2","104","4",0.000000000000000,"0",5497.112944742746549,"1",2883.24177356581,-336900.910754436,727346.447054071,-339784.021968546,727319.00890712
"1079","1079","131865",47.341,-108.224,"147615","665939","0",2.710000000000000,02_12592099,"2",02_30,Montana,U191,,State,Paved,"2","112","3",7.000000000000000,"0",4009.074391733643552,"1",38100.2117714144,-868334.126487268,923188.010331849,-904733.400890557,934444.961959207
"1080","1080","173841",47.609,-106.955,"248652","666609","0",6.930000000000000,02_12615312,"2",02_30,Montana,S200,,State,Paved,"2","112","3",7.000000000000000,"0",10202.649353385324503,"1",33338.8065574624,-774971.372478542,943558.638808972,-771156.168129876,910438.852601121
"1081","1081","142376",47.547,-107.116,"248650","666616","0",0.180000000000000,02_12615279,"2",02_30,Montana,S200,,State,Paved,"2","112","3",7.000000000000000,"0",264.580258721237556,"1",30023.6594927352,-787164.129619474,937624.043168779,-775495.743861466,909960.549117267
"1082","1082","45123",46.305,-103.981,"251428","669137","0",8.600000000000000,02_13002666,"2",02_38,North Dakota,U12,,State,Paved,"2","104","4",0.000000000000000,"0",12424.915116537984431,"1",528.096405277617,-578115.847331199,769210.538654346,-578157.86618813,768684.116552864
"1083","1083","45125",46.137,-103.795,"251429","668888","0",8.250000000000000,02_13002928,"2",02_38,North Dakota,U12,,State,Paved,"2","104","4",0.000000000000000,"0",11921.847298339846020,"1",13244.2053470914,-566302.798979107,748318.182147242,-565094.127176609,761507.12022996
"1084","1084","45126",46.137,-103.795,"251429","668888","0",8.250000000000000,02_13002928,"2",02_38,North Dakota,U12,,State,Paved,"2","104","4",0.000000000000000,"0",11921.847298339846020,"1",13244.2053470914,-566302.798979107,748318.182147242,-565094.127176609,761507.12022996
"1085","1085","45319",46.363,-103.898,"251592","669143","0",0.720000000000000,02_13003354,"2",02_38,North Dakota,U12,,State,Paved,"2","104","4",0.000000000000000,"0",1043.821246589269549,"1",7668.47645790855,-571547.713709037,775531.523407034,-573185.208435666,768039.918625296
"1086","1086","189572",47.767,-106.295,"249254","666834","0",2.750000000000000,02_12621845,"2",02_30,Montana,S24,,State,Paved,"2","112","4",0.000000000000000,"0",4096.693599666163209,"1",9971.64643763609,-726452.764551741,956842.732912716,-716507.433697156,956118.766843035
"1087","1087","223934",45.651,-103.624,"245577","668460","0",28.680000000000000,02_12848724,"2",02_46,South Dakota,U85,,State,Paved,"2","104","3",7.000000000000000,"0",41105.928403779922519,"1",6928.40740144697,-558518.426800945,690089.80815213,-552915.456044015,686014.326853265
"1088","1088","223935",47.886,-106.306,"249448","666772","0",6.650000000000000,02_12619917,"2",02_30,Montana,S24,,State,Paved,"2","112","4",0.000000000000000,"0",9916.764853019009024,"1",7625.52148260611,-725703.991324094,970871.059464886,-720130.993590446,976075.891272202
"1089","1089","60766",47.536,-107.083,"248650","666616","0",0.180000000000000,02_12615279,"2",02_30,Montana,S200,,State,Paved,"2","112","3",7.000000000000000,"0",264.580258721237556,"1",27774.2692729191,-784989.252956938,936062.183724972,-775481.864031706,909965.83169123
"1090","1090","52904",47.667,-106.3,"249314","666766","0",8.119999999999999,02_12619684,"2",02_30,Montana,S24,,State,Paved,"2","112","4",0.000000000000000,"0",12070.254934576911182,"1",10352.0017300829,-728082.568924251,945161.534366202,-717752.98244709,944480.665046505
"1091","1091","152397",47.053,-107.35,"248810","666134","0",8.279999999999999,02_12598779,"2",02_30,Montana,S200,,State,Paved,"2","112","3",7.000000000000000,"0",12145.335016138051287,"1",9561.0573198643,-810615.862988303,881735.219436768,-813097.372255731,890968.633151608
"1092","1092","192243",47.266,-107.126,"248823","666140","0",3.340000000000000,02_12599146,"2",02_30,Montana,S200,,State,Paved,"2","112","3",7.000000000000000,"0",4920.285930022922912,"1",1266.39560797266,-791749.641374798,904794.299664084,-791510.420004725,903550.703679854
"1093","1093","45131",46.209,-103.775,"251535","669597","0",8.010000000000000,02_13022734,"2",02_38,North Dakota,U12,,State,Paved,"2","104","4",0.000000000000000,"0",11562.371495815275921,"1",4735.79505015398,-564156.517835317,756672.73664931,-563732.687317152,761389.528191124
"1094","1094","58813",45.096,-102.091,"250195","668702","0",38.649999999999999,02_12976367,"2",02_46,South Dakota,S73,,State,Paved,"2","104","4",10.000000000000000,"0",54943.580983787840523,"1",2131.49564438355,-450598.510435514,616525.071766619,-452696.112910166,616903.671212418
"1095","1095","190699",47.6,-106.2,"249312","666768","0",2.970000000000000,02_12619672,"2",02_30,Montana,S24,,State,Paved,"2","112","4",0.000000000000000,"0",4415.279942319112706,"1",3338.37972929195,-721889.56514452,936543.339944647,-718570.498340207,936184.766708819
"1096","1096","224491",45.999,-103.187,"245579","668462","0",4.370000000000000,02_12849515,"2",02_46,South Dakota,U85,,State,Paved,"2","88","3",7.000000000000000,"0",6282.634942586334546,"1",15774.41437552,-523454.557723965,728576.588036089,-537983.727226696,722433.674846767
"1097","1097","225035",47.189,-104.971,"245844","667099","0",1.500000000000000,02_12630217,"2",02_30,Montana,S200S,,State,Paved,"2","112","3",7.000000000000000,"0",2205.635954121207760,"1",2983.83036933044,-639766.934956738,879489.812053129,-641516.441787623,877072.691964755
"1098","1098","60169",45.889,-104.553,"245410","668144","0",0.630000000000000,02_12820209,"2",02_30,Montana,S323,,State,Paved,"2","88","5",0.000000000000000,"0",906.075714111197385,"1",706.555126609042,-623867.289449659,723895.138904305,-623258.066194564,724253.00364466
"1098","1098","60169",45.889,-104.553,"245411","668146","0",0.020000000000000,02_12820244,"2",02_30,Montana,S7,,State,Paved,"2","88","4",0.000000000000000,"0",34.003910815381182,"2",706.555126609042,-623867.289449659,723895.138904305,-623258.066194564,724253.00364466
"1099","1099","47627",45.755,-104.953,"245410","668144","0",0.630000000000000,02_12820209,"2",02_30,Montana,S323,,State,Paved,"2","88","5",0.000000000000000,"0",906.075714111197385,"1",33958.4992975636,-654451.602105933,710831.26784452,-623258.066194564,724253.00364466
"1099","1099","47627",45.755,-104.953,"245411","668146","0",0.020000000000000,02_12820244,"2",02_30,Montana,S7,,State,Paved,"2","88","4",0.000000000000000,"0",34.003910815381182,"2",33958.4992975636,-654451.602105933,710831.26784452,-623258.066194564,724253.00364466
"1100","1100","225924",45.053,-102.881,"250303","667556","0",17.949999999999999,02_12846343,"2",02_46,South Dakota,U212,,State,Paved,"2","104","3",7.000000000000000,"0",25356.506778058166674,"1",4985.25104070781,-509312.676076887,615455.310374988,-507851.229314611,610689.085317365
"1101","1101","14627",47.8,-106.1,"249255","666833","0",7.010000000000000,02_12621864,"2",02_30,Montana,S24,,State,Paved,"2","112","4",0.000000000000000,"0",10451.872442288407910,"1",3653.86943307663,-712331.796300007,959230.48946971,-715788.954623232,960413.205903236
"1102","1102","54002",45.501,-104.16,"245394","668124","0",5.580000000000000,02_12819147,"2",02_30,Montana,S323,,State,Paved,"2","88","5",0.000000000000000,"0",7986.953206636465438,"1",17940.5899693268,-599214.327952791,675703.165291737,-615414.19877401,683412.182986835
"1103","1103","54080",47.812,-106.278,"249255","666833","0",7.010000000000000,02_12621864,"2",02_30,Montana,S24,,State,Paved,"2","112","4",0.000000000000000,"0",10451.872442288407910,"1",8933.64555384608,-724683.903587664,961985.951711255,-716120.447953779,959440.907411397
"1104","1104","224286",47.521,-106.905,"248652","666609","0",6.930000000000000,02_12615312,"2",02_30,Montana,S200,,State,Paved,"2","112","3",7.000000000000000,"0",10202.649353385324503,"1",22452.7566469071,-772640.967328149,932842.906216246,-771129.233559049,910441.099546769
"1105","1105","192250",47.583,-106.883,"248652","666609","0",6.930000000000000,02_12615312,"2",02_30,Montana,S200,,State,Paved,"2","112","3",7.000000000000000,"0",10202.649353385324503,"1",29490.9608557838,-770251.63417641,939926.494075862,-770958.158564565,910443.997650248
"1106","1106","88987",45.766,-104.832,"245410","668144","0",0.630000000000000,02_12820209,"2",02_30,Montana,S323,,State,Paved,"2","88","5",0.000000000000000,"0",906.075714111197385,"1",25751.1245116405,-645511.572670653,711295.308512706,-623258.066194564,724253.00364466
"1106","1106","88987",45.766,-104.832,"245411","668146","0",0.020000000000000,02_12820244,"2",02_30,Montana,S7,,State,Paved,"2","88","4",0.000000000000000,"0",34.003910815381182,"2",25751.1245116405,-645511.572670653,711295.308512706,-623258.066194564,724253.00364466
"1107","1107","88990",45.73,-104.891,"245410","668144","0",0.630000000000000,02_12820209,"2",02_30,Montana,S323,,State,Paved,"2","88","5",0.000000000000000,"0",906.075714111197385,"1",31752.5966359198,-650209.400025501,707464.525516586,-623258.066194564,724253.00364466
"1107","1107","88990",45.73,-104.891,"245411","668146","0",0.020000000000000,02_12820244,"2",02_30,Montana,S7,,State,Paved,"2","88","4",0.000000000000000,"0",34.003910815381182,"2",31752.5966359198,-650209.400025501,707464.525516586,-623258.066194564,724253.00364466
"1108","1108","38544",47.536,-107.083,"248650","666616","0",0.180000000000000,02_12615279,"2",02_30,Montana,S200,,State,Paved,"2","112","3",7.000000000000000,"0",264.580258721237556,"1",27774.2692729191,-784989.252956938,936062.183724972,-775481.864031706,909965.83169123
"1109","1109","122906",48.009,-106.449,"249531","666734","0",0.190000000000000,02_12618352,"2",02_30,Montana,S117,,State,Paved,"2","112","4",0.000000000000000,"0",287.209676859148374,"1",93.740457955825,-734138.372530895,986381.090658991,-734231.22322842,986393.975589217
"1110","1110","123099",47.517,-106.45,"248665","666601","0",8.720000000000002,02_12615979,"2",02_30,Montana,S200,,State,Paved,"2","112","3",7.000000000000000,"0",12844.029911539897512,"1",19924.784957671,-740588.747458832,928742.718450591,-745490.582027334,909430.311208808
"1111","1111","123100",47.085,-104.698,"251678","669014","0",0.130000000000000,02_12999338,"2",02_30,Montana,S87,,State,Paved,"2","56","3",10.000000000000000,"0",186.780102927630082,"1",2607.06675372116,-621477.653724187,865457.319384702,-622296.742427655,867932.373071839
"1111","1111","123100",47.085,-104.698,"251679","669013","0",0.110000000000000,02_12999348,"2",02_30,Montana,S87,,State,Paved,"2","72","3",10.000000000000000,"0",165.257036871332502,"2",2607.06675372116,-621477.653724187,865457.319384702,-622296.742427655,867932.373071839
"1112","1112","229083",47.8,-106.1,"249255","666833","0",7.010000000000000,02_12621864,"2",02_30,Montana,S24,,State,Paved,"2","112","4",0.000000000000000,"0",10451.872442288407910,"1",3653.86943307663,-712331.796300007,959230.48946971,-715788.954623232,960413.205903236
"1113","1113","192242",47.617,-106.9,"248652","666609","0",6.930000000000000,02_12615312,"2",02_30,Montana,S200,,State,Paved,"2","112","3",7.000000000000000,"0",10202.649353385324503,"1",33603.1882745687,-770989.586179277,944047.171228366,-770958.158564565,910443.997650248
"1114","1114","221005",47.609,-106.955,"248652","666609","0",6.930000000000000,02_12615312,"2",02_30,Montana,S200,,State,Paved,"2","112","3",7.000000000000000,"0",10202.649353385324503,"1",33338.8065574624,-774971.372478542,943558.638808972,-771156.168129876,910438.852601121
"1115","1115","221004",47.526,-107.022,"248650","666616","0",0.180000000000000,02_12615279,"2",02_30,Montana,S200,,State,Paved,"2","112","3",7.000000000000000,"0",264.580258721237556,"1",24996.9329943489,-780825.065116988,934387.212769659,-775429.645151723,909979.506967548
"1116","1116","230093",47.683,-107.183,"248650","666616","0",0.180000000000000,02_12615279,"2",02_30,Montana,S200,,State,Paved,"2","112","3",7.000000000000000,"0",264.580258721237556,"1",46465.9650324897,-789999.445121327,954105.930745255,-775467.219134298,909970.907076263
"1117","1117","172642",45.762,-104.924,"245410","668144","0",0.630000000000000,02_12820209,"2",02_30,Montana,S323,,State,Paved,"2","88","5",0.000000000000000,"0",906.075714111197385,"1",31700.6026790344,-652260.294416582,711454.606542991,-623258.066194564,724253.00364466
"1117","1117","172642",45.762,-104.924,"245411","668146","0",0.020000000000000,02_12820244,"2",02_30,Montana,S7,,State,Paved,"2","88","4",0.000000000000000,"0",34.003910815381182,"2",31700.6026790344,-652260.294416582,711454.606542991,-623258.066194564,724253.00364466
"1118","1118","57765",47.575,-106.758,"248658","666606","0",7.430000000000000,02_12615477,"2",02_30,Montana,S200,,State,Paved,"2","112","3",7.000000000000000,"0",10944.089661057550984,"1",28634.2071449938,-761549.726411512,937979.427988476,-760190.44221194,909377.50208676
"1119","1119","57914",47.6,-107,"248651","666615","0",0.980000000000000,02_12615299,"2",02_30,Montana,S200,,State,Paved,"2","112","3",7.000000000000000,"0",1444.841808279525367,"1",33014.713271912,-778263.320037546,942873.221449459,-775341.945910774,909988.014051025
"1120","1120","45297",46.464,-104.002,"251409","669120","0",5.930000000000000,02_13001960,"2",02_30,Montana,U12,,State,Paved,"2","112","4",0.000000000000000,"0",8579.324194107704898,"1",15825.4723371415,-578050.658668347,788044.815280488,-587913.609352101,775668.718217865
"1121","1121","122904",46.371,-104.075,"251409","669120","0",5.930000000000000,02_13001960,"2",02_30,Montana,U12,,State,Paved,"2","112","4",0.000000000000000,"0",8579.324194107704898,"1",4010.73819291411,-584245.504943078,777551.735260332,-587361.20472321,775026.17874103
"1122","1122","122905",46.376,-104.428,"245782","668907","0",1.910000000000000,02_12996817,"2",02_30,Montana,U12,,State,Paved,"2","112","4",0.000000000000000,"0",2768.336432211588999,"1",587.620578742617,-609667.570855723,780362.726430892,-609285.166484488,780808.89326227
"1123","1123","100852",47.547,-107.116,"248650","666616","0",0.180000000000000,02_12615279,"2",02_30,Montana,S200,,State,Paved,"2","112","3",7.000000000000000,"0",264.580258721237556,"1",30023.6594927352,-787164.129619474,937624.043168779,-775495.743861466,909960.549117267
"1124","1124","173842",47.536,-107.019,"248650","666616","0",0.180000000000000,02_12615279,"2",02_30,Montana,S200,,State,Paved,"2","112","3",7.000000000000000,"0",264.580258721237556,"1",26047.8877984357,-780476.739248746,935533.749275543,-775429.645151723,909979.506967548
"1125","1125","142491",46.241,-107.381,"249024","666059","0",6.290000000000000,02_12596594,"2",02_30,Montana,I94,,State,Paved,"4","104","1",1.000000000000000,"0",9070.248681774406577,"1",9010.21442011159,-824298.493525252,786843.402290549,-823484.323514605,777870.04778456
"1126","1126","142493",46.241,-107.381,"249024","666059","0",6.290000000000000,02_12596594,"2",02_30,Montana,I94,,State,Paved,"4","104","1",1.000000000000000,"0",9070.248681774406577,"1",9010.21442011159,-824298.493525252,786843.402290549,-823484.323514605,777870.04778456
"1127","1127","14595",47.8,-106.1,"249255","666833","0",7.010000000000000,02_12621864,"2",02_30,Montana,S24,,State,Paved,"2","112","4",0.000000000000000,"0",10451.872442288407910,"1",3653.86943307663,-712331.796300007,959230.48946971,-715788.954623232,960413.205903236
"1128","1128","14622",47.8,-106.1,"249255","666833","0",7.010000000000000,02_12621864,"2",02_30,Montana,S24,,State,Paved,"2","112","4",0.000000000000000,"0",10451.872442288407910,"1",3653.86943307663,-712331.796300007,959230.48946971,-715788.954623232,960413.205903236
"1129","1129","190694",46.398,-103.422,"251555","669594","0",11.359999999999999,02_13024979,"2",02_38,North Dakota,U85,,State,Paved,"2","104","3",7.000000000000000,"0",16503.866467620755429,"1",4258.69471228514,-536850.904445617,776867.733345899,-532604.318790009,776546.81135845
"1130","1130","64428",47.054,-104.736,"251689","668933","0",1.340000000000000,02_12997588,"2",02_30,Montana,I94,,State,Paved,"4","104","1",1.000000000000000,"0",1970.350494409721932,"1",4223.41253705163,-624521.685977606,862064.912343581,-628207.962451858,864126.120536244
"1131","1131","64429",46.258,-105.118,"249614","667059","0",10.109999999999999,02_12628585,"2",02_30,Montana,U12,,State,Paved,"2","112","4",0.000000000000000,"0",14646.854444689479351,"1",18830.3968672902,-660770.905307448,771112.866885511,-657756.123359289,789700.360960418
"1132","1132","189003",45.889,-104.55,"245410","668144","0",0.630000000000000,02_12820209,"2",02_30,Montana,S323,,State,Paved,"2","88","5",0.000000000000000,"0",906.075714111197385,"1",543.562733198568,-623649.059189607,723875.39945672,-623258.066194564,724253.00364466
"1132","1132","189003",45.889,-104.55,"245411","668146","0",0.020000000000000,02_12820244,"2",02_30,Montana,S7,,State,Paved,"2","88","4",0.000000000000000,"0",34.003910815381182,"2",543.562733198568,-623649.059189607,723875.39945672,-623258.066194564,724253.00364466
"1133","1133","45314",46.464,-104.002,"251409","669120","0",5.930000000000000,02_13001960,"2",02_30,Montana,U12,,State,Paved,"2","112","4",0.000000000000000,"0",8579.324194107704898,"1",15825.4723371415,-578050.658668347,788044.815280488,-587913.609352101,775668.718217865
"1134","1134","45316",46.363,-103.898,"251592","669143","0",0.720000000000000,02_13003354,"2",02_38,North Dakota,U12,,State,Paved,"2","104","4",0.000000000000000,"0",1043.821246589269549,"1",7668.47645790855,-571547.713709037,775531.523407034,-573185.208435666,768039.918625296
"1135","1135","45320",46.363,-103.898,"251592","669143","0",0.720000000000000,02_13003354,"2",02_38,North Dakota,U12,,State,Paved,"2","104","4",0.000000000000000,"0",1043.821246589269549,"1",7668.47645790855,-571547.713709037,775531.523407034,-573185.208435666,768039.918625296
"1136","1136","48629",47.94,-106.189,"249448","666772","0",6.650000000000000,02_12619917,"2",02_30,Montana,S24,,State,Paved,"2","112","4",0.000000000000000,"0",9916.764853019009024,"1",2296.97030025919,-716814.567278699,976308.045786642,-718250.642644611,974515.349464424
"1137","1137","54081",47.683,-105.978,"249314","666766","0",8.119999999999999,02_12619684,"2",02_30,Montana,S24,,State,Paved,"2","112","4",0.000000000000000,"0",12070.254934576911182,"1",12509.3273795443,-705208.452477179,944602.903575847,-717690.693333323,945425.66398923
"1138","1138","224667",46.295,-103.923,"251591","669141","0",1.380000000000000,02_13003288,"2",02_38,North Dakota,U12,,State,Paved,"2","104","4",0.000000000000000,"0",1989.788801521972800,"1",24.7260878702769,-574022.922656021,767681.466227578,-574035.468636662,767702.772982168
"1139","1139","192244",47.467,-107.367,"248822","666145","0",0.230000000000000,02_12599125,"2",02_30,Montana,S200,,State,Paved,"2","112","3",7.000000000000000,"0",342.659318980119451,"1",30410.4107359975,-805982.507309533,930365.490397623,-791839.536390245,903443.947820938
"1140","1140","144504",47.266,-107.126,"248823","666140","0",3.340000000000000,02_12599146,"2",02_30,Montana,S200,,State,Paved,"2","112","3",7.000000000000000,"0",4920.285930022922912,"1",1266.39560797266,-791749.641374798,904794.299664084,-791510.420004725,903550.703679854
"1141","1141","144505",47.266,-107.126,"248823","666140","0",3.340000000000000,02_12599146,"2",02_30,Montana,S200,,State,Paved,"2","112","3",7.000000000000000,"0",4920.285930022922912,"1",1266.39560797266,-791749.641374798,904794.299664084,-791510.420004725,903550.703679854
"1142","1142","144506",47.266,-107.126,"248823","666140","0",3.340000000000000,02_12599146,"2",02_30,Montana,S200,,State,Paved,"2","112","3",7.000000000000000,"0",4920.285930022922912,"1",1266.39560797266,-791749.641374798,904794.299664084,-791510.420004725,903550.703679854
"1143","1143","45389",45.939,-103.946,"251429","668888","0",8.250000000000000,02_13002928,"2",02_38,North Dakota,U12,,State,Paved,"2","104","4",0.000000000000000,"0",11921.847298339846020,"1",38022.3865928963,-579205.178860927,725926.802931761,-566094.667213056,761617.367042611
"1144","1144","100110",47.95,-105.633,"249822","667193","0",5.600000000000000,02_12633040,"2",02_30,Montana,S13,,State,Paved,"2","112","4",0.000000000000000,"0",8360.896874245099752,"1",8245.46465161279,-677718.044830435,973390.617100284,-669477.070949782,973662.714177424
"1145","1145","67129",47.751,-106.204,"249605","666835","0",4.550000000000000,02_12621783,"2",02_30,Montana,S24,,State,Paved,"2","112","4",0.000000000000000,"0",6780.624537809432695,"1",3628.11785725055,-720259.031340276,954273.239732548,-716637.777636294,954050.168449106
"1146","1146","190698",47.5,-106.4,"249309","666749","0",11.289999999999999,02_12619555,"2",02_30,Montana,S24,,State,Paved,"2","112","4",0.000000000000000,"0",16734.577999075740081,"1",16813.2790849571,-737279.009111356,926360.390418035,-721220.873092925,921378.159873164
"1147","1147","233264",44.713,-103.056,"250301","668162","0",43.829999999999998,02_12845813,"2",02_46,South Dakota,U212,,State,Paved,"2","104","3",7.000000000000000,"0",61783.653239514234883,"1",17418.751590634,-525230.017094523,576337.860061858,-535604.442188771,590330.151187333
"1148","1148","49016",47.84,-106.161,"249255","666833","0",7.010000000000000,02_12621864,"2",02_30,Montana,S24,,State,Paved,"2","112","4",0.000000000000000,"0",10451.872442288407910,"1",637.954253612728,-716113.156881319,964378.107521712,-715514.233617045,964597.82678171
"1149","1149","217183",47.056,-104.593,"251624","668916","0",5.130000000000000,02_13000253,"2",02_30,Montana,I94,,State,Paved,"4","120","1",1.000000000000000,"0",7532.747879404644664,"1",5649.24389962684,-614305.747775812,861365.544348644,-615478.424803374,866891.735191033
"1150","1150","228491",47.547,-107.116,"248650","666616","0",0.180000000000000,02_12615279,"2",02_30,Montana,S200,,State,Paved,"2","112","3",7.000000000000000,"0",264.580258721237556,"1",30023.6594927352,-787164.129619474,937624.043168779,-775495.743861466,909960.549117267
"1151","1151","224486",45.003,-103.145,"250301","668162","0",43.829999999999998,02_12845813,"2",02_46,South Dakota,U212,,State,Paved,"2","104","3",7.000000000000000,"0",61783.653239514234883,"1",12903.7756622509,-529261.812066294,611008.982627031,-523290.04356021,599570.214893947
"1152","1152","109661",47.555,-106.195,"249311","666764","0",3.150000000000000,02_12619666,"2",02_30,Montana,S24,,State,Paved,"2","112","4",0.000000000000000,"0",4667.207585453151296,"1",2983.66818160597,-722106.598518216,931229.854784034,-719140.16870482,930909.589300216
"1153","1153","110464",45.866,-104.877,"245410","668144","0",0.630000000000000,02_12820209,"2",02_30,Montana,S323,,State,Paved,"2","88","5",0.000000000000000,"0",906.075714111197385,"1",24444.5988741302,-647686.453053341,723362.874668016,-623258.066194564,724253.00364466
"1153","1153","110464",45.866,-104.877,"245411","668146","0",0.020000000000000,02_12820244,"2",02_30,Montana,S7,,State,Paved,"2","88","4",0.000000000000000,"0",34.003910815381182,"2",24444.5988741302,-647686.453053341,723362.874668016,-623258.066194564,724253.00364466
"1154","1154","53516",45.785,-104.953,"245410","668144","0",0.630000000000000,02_12820209,"2",02_30,Montana,S323,,State,Paved,"2","88","5",0.000000000000000,"0",906.075714111197385,"1",32406.5832101844,-654117.420179901,714359.222417735,-623258.066194564,724253.00364466
"1154","1154","53516",45.785,-104.953,"245411","668146","0",0.020000000000000,02_12820244,"2",02_30,Montana,S7,,State,Paved,"2","88","4",0.000000000000000,"0",34.003910815381182,"2",32406.5832101844,-654117.420179901,714359.222417735,-623258.066194564,724253.00364466
"1155","1155","225318",43.666,-104.274,"250246","667707","0",14.600000000000000,02_12682223,"2",02_56,Wyoming,U85,,State,Paved,"2","104","3",7.000000000000000,"0",20228.682665967960929,"1",6411.68956883408,-626468.851331739,460384.823152806,-620080.855718318,459834.118903673
"1156","1156","161171",45.77,-104.932,"245410","668144","0",0.630000000000000,02_12820209,"2",02_30,Montana,S323,,State,Paved,"2","88","5",0.000000000000000,"0",906.075714111197385,"1",31769.9867587702,-652754.381456869,712450.485074494,-623258.066194564,724253.00364466
"1156","1156","161171",45.77,-104.932,"245411","668146","0",0.020000000000000,02_12820244,"2",02_30,Montana,S7,,State,Paved,"2","88","4",0.000000000000000,"0",34.003910815381182,"2",31769.9867587702,-652754.381456869,712450.485074494,-623258.066194564,724253.00364466
"1157","1157","48847",47.964,-106.456,"249524","666715","0",3.480000000000000,02_12618173,"2",02_30,Montana,S24,,State,Paved,"2","112","4",0.000000000000000,"0",5194.934768568426080,"1",3708.59335904326,-735211.911981494,981164.52875116,-734344.421026833,984770.2359143
"1158","1158","192246",47.55,-106.917,"248652","666609","0",6.930000000000000,02_12615312,"2",02_30,Montana,S200,,State,Paved,"2","112","3",7.000000000000000,"0",10202.649353385324503,"1",25971.1372614496,-773094.494062998,936337.773499319,-771129.233559049,910441.099546769
"1159","1159","192248",47.266,-107.126,"248823","666140","0",3.340000000000000,02_12599146,"2",02_30,Montana,S200,,State,Paved,"2","112","3",7.000000000000000,"0",4920.285930022922912,"1",1266.39560797266,-791749.641374798,904794.299664084,-791510.420004725,903550.703679854
"1160","1160","137732",46.413,-103.502,"251555","669594","0",11.359999999999999,02_13024979,"2",02_38,North Dakota,U85,,State,Paved,"2","104","3",7.000000000000000,"0",16503.866467620755429,"1",10047.9200556254,-542485.47134833,779088.666448702,-532465.609168127,778338.293652034
"1161","1161","183292",46.182,-103.751,"251535","669597","0",8.010000000000000,02_13022734,"2",02_38,North Dakota,U12,,State,Paved,"2","104","4",0.000000000000000,"0",11562.371495815275921,"1",7917.35004650348,-562679.357238196,753352.41864086,-562028.116814225,761242.939388507
"1162","1162","183291",46.318,-103.944,"251428","669137","0",8.600000000000000,02_13002666,"2",02_38,North Dakota,U12,,State,Paved,"2","104","4",0.000000000000000,"0",12424.915116537984431,"1",2410.80663660363,-575313.507941038,770515.023398597,-576215.940118746,768279.491067422
"1163","1163","137727",46.413,-103.502,"251555","669594","0",11.359999999999999,02_13024979,"2",02_38,North Dakota,U85,,State,Paved,"2","104","3",7.000000000000000,"0",16503.866467620755429,"1",10047.9200556254,-542485.47134833,779088.666448702,-532465.609168127,778338.293652034
"1164","1164","45105",46.026,-103.767,"251539","669598","0",3.950000000000000,02_13023036,"2",02_38,North Dakota,U12,,State,Paved,"2","104","4",0.000000000000000,"0",5704.716192578649498,"1",25247.7381618544,-565346.005929701,735086.285425885,-554321.345459823,757799.830807738
"1165","1165","192249",47.583,-106.883,"248652","666609","0",6.930000000000000,02_12615312,"2",02_30,Montana,S200,,State,Paved,"2","112","3",7.000000000000000,"0",10202.649353385324503,"1",29490.9608557838,-770251.63417641,939926.494075862,-770958.158564565,910443.997650248
"1166","1166","225319",43.666,-104.274,"250246","667707","0",14.600000000000000,02_12682223,"2",02_56,Wyoming,U85,,State,Paved,"2","104","3",7.000000000000000,"0",20228.682665967960929,"1",6411.68956883408,-626468.851331739,460384.823152806,-620080.855718318,459834.118903673
"1167","1167","221006",47.526,-107.022,"248650","666616","0",0.180000000000000,02_12615279,"2",02_30,Montana,S200,,State,Paved,"2","112","3",7.000000000000000,"0",264.580258721237556,"1",24996.9329943489,-780825.065116988,934387.212769659,-775429.645151723,909979.506967548
"1168","1168","194864",47.101,-104.689,"251683","669018","0",0.110000000000000,02_12999408,"2",02_30,Montana,S87,,State,Paved,"2","72","3",10.000000000000000,"0",168.911273863948452,"1",1709.73306120032,-620663.617932535,867278.16074752,-622046.58618029,868283.439796472
"1169","1169","217035",47.708,-106.571,"249315","666602","0",2.380000000000000,02_12619730,"2",02_30,Montana,S24,,State,Paved,"2","112","4",0.000000000000000,"0",3540.375666623699544,"1",29484.727142485,-746622.585285656,952073.848450036,-717405.708855276,948108.591041151
"1170","1170","190693",46.398,-103.422,"251555","669594","0",11.359999999999999,02_13024979,"2",02_38,North Dakota,U85,,State,Paved,"2","104","3",7.000000000000000,"0",16503.866467620755429,"1",4258.69471228514,-536850.904445617,776867.733345899,-532604.318790009,776546.81135845
"1171","1171","190695",46.398,-103.422,"251555","669594","0",11.359999999999999,02_13024979,"2",02_38,North Dakota,U85,,State,Paved,"2","104","3",7.000000000000000,"0",16503.866467620755429,"1",4258.69471228514,-536850.904445617,776867.733345899,-532604.318790009,776546.81135845
"1172","1172","206798",45.952,-104.916,"245412","668147","0",0.050000000000000,02_12820250,"2",02_30,Montana,S7,,State,Paved,"2","112","4",0.000000000000000,"0",78.930438360100439,"1",27963.2009361336,-649569.657665757,733742.782410138,-623237.085113956,724333.413175237
"1172","1172","206798",45.952,-104.916,"245413","668145","0",0.440000000000000,02_12820256,"2",02_30,Montana,S7,,State,Paved,"2","112","4",0.000000000000000,"0",632.206086652390354,"2",27963.2009361336,-649569.657665757,733742.782410138,-623237.085113956,724333.413175237
"1173","1173","183290",47.8,-106.1,"249255","666833","0",7.010000000000000,02_12621864,"2",02_30,Montana,S24,,State,Paved,"2","112","4",0.000000000000000,"0",10451.872442288407910,"1",3653.86943307663,-712331.796300007,959230.48946971,-715788.954623232,960413.205903236
"1174","1174","206797",45.952,-104.916,"245412","668147","0",0.050000000000000,02_12820250,"2",02_30,Montana,S7,,State,Paved,"2","112","4",0.000000000000000,"0",78.930438360100439,"1",27963.2009361336,-649569.657665757,733742.782410138,-623237.085113956,724333.413175237
"1174","1174","206797",45.952,-104.916,"245413","668145","0",0.440000000000000,02_12820256,"2",02_30,Montana,S7,,State,Paved,"2","112","4",0.000000000000000,"0",632.206086652390354,"2",27963.2009361336,-649569.657665757,733742.782410138,-623237.085113956,724333.413175237
"1175","1175","142489",46.241,-107.381,"249024","666059","0",6.290000000000000,02_12596594,"2",02_30,Montana,I94,,State,Paved,"4","104","1",1.000000000000000,"0",9070.248681774406577,"1",9010.21442011159,-824298.493525252,786843.402290549,-823484.323514605,777870.04778456
"1176","1176","142490",46.241,-107.381,"249024","666059","0",6.290000000000000,02_12596594,"2",02_30,Montana,I94,,State,Paved,"4","104","1",1.000000000000000,"0",9070.248681774406577,"1",9010.21442011159,-824298.493525252,786843.402290549,-823484.323514605,777870.04778456
"1177","1177","176678",47.6,-107,"248651","666615","0",0.980000000000000,02_12615299,"2",02_30,Montana,S200,,State,Paved,"2","112","3",7.000000000000000,"0",1444.841808279525367,"1",33014.713271912,-778263.320037546,942873.221449459,-775341.945910774,909988.014051025
"1178","1178","142492",46.241,-107.381,"249024","666059","0",6.290000000000000,02_12596594,"2",02_30,Montana,I94,,State,Paved,"4","104","1",1.000000000000000,"0",9070.248681774406577,"1",9010.21442011159,-824298.493525252,786843.402290549,-823484.323514605,777870.04778456
"1179","1179","45311",46.464,-104.002,"251409","669120","0",5.930000000000000,02_13001960,"2",02_30,Montana,U12,,State,Paved,"2","112","4",0.000000000000000,"0",8579.324194107704898,"1",15825.4723371415,-578050.658668347,788044.815280488,-587913.609352101,775668.718217865
"1180","1180","48843",46.348,-103.898,"251592","669143","0",0.720000000000000,02_13003354,"2",02_38,North Dakota,U12,,State,Paved,"2","104","4",0.000000000000000,"0",1043.821246589269549,"1",5917.36772853243,-571695.097071029,773766.593834845,-573185.208435666,768039.918625296
"1181","1181","190696",46.3,-104.5,"245782","668907","0",1.910000000000000,02_12996817,"2",02_30,Montana,U12,,State,Paved,"2","112","4",0.000000000000000,"0",2768.336432211588999,"1",10923.8645293191,-615665.551361977,771890.220609634,-608530.734652175,780162.173630078
"1182","1182","192247",47.266,-107.126,"248823","666140","0",3.340000000000000,02_12599146,"2",02_30,Montana,S200,,State,Paved,"2","112","3",7.000000000000000,"0",4920.285930022922912,"1",1266.39560797266,-791749.641374798,904794.299664084,-791510.420004725,903550.703679854
"1183","1183","225317",44.713,-103.056,"250301","668162","0",43.829999999999998,02_12845813,"2",02_46,South Dakota,U212,,State,Paved,"2","104","3",7.000000000000000,"0",61783.653239514234883,"1",17418.751590634,-525230.017094523,576337.860061858,-535604.442188771,590330.151187333
"1184","1184","14645",47.8,-106.1,"249255","666833","0",7.010000000000000,02_12621864,"2",02_30,Montana,S24,,State,Paved,"2","112","4",0.000000000000000,"0",10451.872442288407910,"1",3653.86943307663,-712331.796300007,959230.48946971,-715788.954623232,960413.205903236
"1185","1185","99589",46.464,-104.002,"251409","669120","0",5.930000000000000,02_13001960,"2",02_30,Montana,U12,,State,Paved,"2","112","4",0.000000000000000,"0",8579.324194107704898,"1",15825.4723371415,-578050.658668347,788044.815280488,-587913.609352101,775668.718217865
"1186","1186","190697",46.3,-104.5,"245782","668907","0",1.910000000000000,02_12996817,"2",02_30,Montana,U12,,State,Paved,"2","112","4",0.000000000000000,"0",2768.336432211588999,"1",10923.8645293191,-615665.551361977,771890.220609634,-608530.734652175,780162.173630078
"1187","1187","53228",47.521,-106.967,"248651","666615","0",0.980000000000000,02_12615299,"2",02_30,Montana,S200,,State,Paved,"2","112","3",7.000000000000000,"0",1444.841808279525367,"1",23421.419544443,-777014.231921293,933349.656822368,-775341.945910774,909988.014051025
"1188","1188","88988",45.788,-104.773,"245410","668144","0",0.630000000000000,02_12820209,"2",02_30,Montana,S323,,State,Paved,"2","88","5",0.000000000000000,"0",906.075714111197385,"1",20730.9586989748,-640971.597746465,713482.513937204,-623258.066194564,724253.00364466
"1188","1188","88988",45.788,-104.773,"245411","668146","0",0.020000000000000,02_12820244,"2",02_30,Montana,S7,,State,Paved,"2","88","4",0.000000000000000,"0",34.003910815381182,"2",20730.9586989748,-640971.597746465,713482.513937204,-623258.066194564,724253.00364466
"1189","1189","216603",44.942,-101.646,"245718","668700","0",10.310000000000000,02_12983380,"2",02_46,South Dakota,U212,,State,Paved,"2","104","3",7.000000000000000,"0",14575.962523783284269,"1",13101.9783507743,-418802.107129104,596320.715793642,-418010.024972158,609398.729502184
"1190","1190","119007",47.699,-106.578,"249314","666766","0",8.119999999999999,02_12619684,"2",02_30,Montana,S24,,State,Paved,"2","112","4",0.000000000000000,"0",12070.254934576911182,"1",29956.107586508,-747233.086197883,951074.562708059,-717544.643836709,947078.968646883
"1191","1191","217033",47.646,-106.379,"249314","666766","0",8.119999999999999,02_12619684,"2",02_30,Montana,S24,,State,Paved,"2","112","4",0.000000000000000,"0",12070.254934576911182,"1",16021.6354503196,-733915.178458412,943309.51536031,-717986.49990127,941586.1460075
"1192","1192","227283",47.721,-106.526,"249315","666602","0",2.380000000000000,02_12619730,"2",02_30,Montana,S24,,State,Paved,"2","112","4",0.000000000000000,"0",3540.375666623699544,"1",26337.261506989,-743287.545170951,953243.328509096,-717189.541575879,949701.358430294
"1193","1193","217041",45.705,-104.716,"245405","668137","0",4.190000000000002,02_12819954,"2",02_30,Montana,S323,,State,Paved,"2","88","5",0.000000000000000,"0",6022.692505383955904,"1",22487.646280321,-637719.031393921,703335.255905225,-615730.863877791,708048.505793723
"1194","1194","109659",47.624,-106.186,"249314","666766","0",8.119999999999999,02_12619684,"2",02_30,Montana,S24,,State,Paved,"2","112","4",0.000000000000000,"0",12070.254934576911182,"1",2346.16606740376,-720599.084035107,939250.259375327,-718266.530330136,938997.893709556
"1195","1195","224489",45.008,-103.161,"250309","667939","0",37.039999999999999,02_12847182,"2",02_46,South Dakota,S79,,State,Paved,"2","104","5",0.000000000000000,"0",52490.213659165223362,"1",11812.8527812569,-530400.159254178,611687.593007896,-539057.630013586,619724.488607668
"1196","1196","137723",46.413,-103.502,"251555","669594","0",11.359999999999999,02_13024979,"2",02_38,North Dakota,U85,,State,Paved,"2","104","3",7.000000000000000,"0",16503.866467620755429,"1",10047.9200556254,-542485.47134833,779088.666448702,-532465.609168127,778338.293652034
"1197","1197","224490",45.008,-103.161,"250309","667939","0",37.039999999999999,02_12847182,"2",02_46,South Dakota,S79,,State,Paved,"2","104","5",0.000000000000000,"0",52490.213659165223362,"1",11812.8527812569,-530400.159254178,611687.593007896,-539057.630013586,619724.488607668
"1198","1198","227182",47.317,-107.15,"248823","666140","0",3.340000000000000,02_12599146,"2",02_30,Montana,S200,,State,Paved,"2","112","3",7.000000000000000,"0",4920.285930022922912,"1",7453.21933578244,-792743.730245834,910969.144018705,-790034.126792338,904025.907914979
"1199","1199","118483",47.6,-107,"248651","666615","0",0.980000000000000,02_12615299,"2",02_30,Montana,S200,,State,Paved,"2","112","3",7.000000000000000,"0",1444.841808279525367,"1",33014.713271912,-778263.320037546,942873.221449459,-775341.945910774,909988.014051025
"1200","1200","119009",46.266,-106.678,"249410","666511","0",0.110000000000000,02_12611357,"2",02_30,Montana,S95,,State,Paved,"2","88","4",0.000000000000000,"0",162.424163878311987,"1",240.152260872618,-773272.73613026,783851.920091706,-773150.591410518,783645.150229682
"1201","1201","48844",47.667,-106.367,"249314","666766","0",8.119999999999999,02_12619684,"2",02_30,Montana,S24,,State,Paved,"2","112","4",0.000000000000000,"0",12070.254934576911182,"1",15092.9795129777,-732799.806497674,945677.781394308,-717739.507905929,944685.089646263
"1202","1202","221943",45.603,-103.759,"245575","668451","0",4.290000000000000,02_12847886,"2",02_46,South Dakota,U85,,State,Paved,"2","104","3",7.000000000000000,"0",6135.653723059096592,"1",15641.9373781001,-568849.943246716,685240.669300776,-553262.976657493,683930.448904483
"1203","1203","224487",45,-103.189,"250309","667939","0",37.039999999999999,02_12847182,"2",02_46,South Dakota,S79,,State,Paved,"2","104","5",0.000000000000000,"0",52490.213659165223362,"1",10957.5608506934,-532541.715074476,610901.887666352,-539170.782696298,619626.771749361
"1204","1204","217038",47.868,-107.262,"248668","666636","0",4.430000000000000,02_12616042,"2",02_30,Montana,S24,,State,Paved,"2","112","4",0.000000000000000,"0",6622.673619633384078,"1",52709.6380536987,-792969.374812078,976420.81176738,-743673.718995929,995082.11561807
"1205","1205","224488",45.008,-103.161,"250309","667939","0",37.039999999999999,02_12847182,"2",02_46,South Dakota,S79,,State,Paved,"2","104","5",0.000000000000000,"0",52490.213659165223362,"1",11812.8527812569,-530400.159254178,611687.593007896,-539057.630013586,619724.488607668
"1206","1206","206554",45.586,-103.503,"245576","668452","0",36.000000000000000,02_12848009,"2",02_46,South Dakota,S20,,State,Paved,"2","104","4",0.000000000000000,"0",51319.099314353916270,"1",3096.44067014198,-550280.006298693,681727.739746134,-550524.800603725,678640.99055452
"1207","1207","191374",46.567,-103.701,"251555","669594","0",11.359999999999999,02_13024979,"2",02_38,North Dakota,U85,,State,Paved,"2","104","3",7.000000000000000,"0",16503.866467620755429,"1",26597.2507316925,-555369.025425897,798363.362759747,-531778.818412599,786078.580321532
"1208","1208","99881",47.317,-107.15,"248823","666140","0",3.340000000000000,02_12599146,"2",02_30,Montana,S200,,State,Paved,"2","112","3",7.000000000000000,"0",4920.285930022922912,"1",7453.21933578244,-792743.730245834,910969.144018705,-790034.126792338,904025.907914979
"1209","1209","217039",47.109,-104.711,"251683","669018","0",0.110000000000000,02_12999408,"2",02_30,Montana,S87,,State,Paved,"2","72","3",10.000000000000000,"0",168.911273863948452,"1",125.193925036076,-622144.07085081,868362.253722622,-622042.804034916,868288.642915911
"1210","1210","48193",45.651,-103.624,"245577","668460","0",28.680000000000000,02_12848724,"2",02_46,South Dakota,U85,,State,Paved,"2","104","3",7.000000000000000,"0",41105.928403779922519,"1",6928.40740144697,-558518.426800945,690089.80815213,-552915.456044015,686014.326853265
"1211","1211","176689",47.8,-106.1,"249255","666833","0",7.010000000000000,02_12621864,"2",02_30,Montana,S24,,State,Paved,"2","112","4",0.000000000000000,"0",10451.872442288407910,"1",3653.86943307663,-712331.796300007,959230.48946971,-715788.954623232,960413.205903236
"1212","1212","48836",48.063,-105.399,"249913","667262","0",7.320000000000000,02_12634681,"2",02_30,Montana,U2,,State,Paved,"2","112","3",7.000000000000000,"0",10945.855021114735791,"1",8059.51187916541,-659991.82886711,984988.655564444,-660609.279093805,993024.480783298
"1213","1213","48848",47.964,-106.456,"249524","666715","0",3.480000000000000,02_12618173,"2",02_30,Montana,S24,,State,Paved,"2","112","4",0.000000000000000,"0",5194.934768568426080,"1",3708.59335904326,-735211.911981494,981164.52875116,-734344.421026833,984770.2359143
"1214","1214","224492",45.002,-103.192,"250309","667939","0",37.039999999999999,02_12847182,"2",02_46,South Dakota,S79,,State,Paved,"2","104","5",0.000000000000000,"0",52490.213659165223362,"1",10633.1448704661,-532745.60700261,611154.411562167,-539170.782696298,619626.771749361
"1215","1215","48845",47.533,-106.917,"248652","666609","0",6.930000000000000,02_12615312,"2",02_30,Montana,S200,,State,Paved,"2","112","3",7.000000000000000,"0",10202.649353385324503,"1",24005.7448763249,-773324.834873869,934346.438669578,-771156.168129876,910438.852601121
"1216","1216","109660",47.8,-106.1,"249255","666833","0",7.010000000000000,02_12621864,"2",02_30,Montana,S24,,State,Paved,"2","112","4",0.000000000000000,"0",10451.872442288407910,"1",3653.86943307663,-712331.796300007,959230.48946971,-715788.954623232,960413.205903236
"1217","1217","176680",47.6,-107,"248651","666615","0",0.980000000000000,02_12615299,"2",02_30,Montana,S200,,State,Paved,"2","112","3",7.000000000000000,"0",1444.841808279525367,"1",33014.713271912,-778263.320037546,942873.221449459,-775341.945910774,909988.014051025
"1218","1218","217037",47.868,-107.262,"248668","666636","0",4.430000000000000,02_12616042,"2",02_30,Montana,S24,,State,Paved,"2","112","4",0.000000000000000,"0",6622.673619633384078,"1",52709.6380536987,-792969.374812078,976420.81176738,-743673.718995929,995082.11561807
"1219","1219","217034",47.567,-106.909,"248652","666609","0",6.930000000000000,02_12615312,"2",02_30,Montana,S200,,State,Paved,"2","112","3",7.000000000000000,"0",10202.649353385324503,"1",27847.4009191202,-772300.305077616,938263.865934183,-771129.233559049,910441.099546769
"1220","1220","48846",45.85,-104.833,"245410","668144","0",0.630000000000000,02_12820209,"2",02_30,Montana,S323,,State,Paved,"2","88","5",0.000000000000000,"0",906.075714111197385,"1",21622.49626069,-644661.268313769,721181.312972079,-623258.066194564,724253.00364466
"1220","1220","48846",45.85,-104.833,"245411","668146","0",0.020000000000000,02_12820244,"2",02_30,Montana,S7,,State,Paved,"2","88","4",0.000000000000000,"0",34.003910815381182,"2",21622.49626069,-644661.268313769,721181.312972079,-623258.066194564,724253.00364466
"1221","1221","128428",39.976,-74.71,"660168","1055061","0",0.140000000000000,02_43176527,"2",02_34,New Jersey,,,Municipal,Paved,"4","72","3",10.000000000000000,"0",187.841141574543201,"1",861.001956054733,1697559.84868008,188594.114708786,1697701.19853784,187744.794635998
"1222","1222","152268",51.48,-112.86,"253862","29765","0",15.960000000000001,01_29765,"1",01_48,Alberta,"9",Highway 9,Provincial,Paved,"2","80","2",1.000000000000000,"0",25541.886008673940523,"1",7484.9381907098,-1108610.60473631,1452345.03599489,-1109940.51414049,1444979.19315816
"1223","1223","135740",51.996,-112.883,"63239","29881","0",6.420000000000000,01_29881,"1",01_48,Alberta,"56",Highway 56,Provincial,Paved,"2","80","2",0.000000000000000,"0",10427.095039786921916,"1",10714.6587132762,-1099427.02887052,1511946.92762868,-1088879.12385145,1510063.94832693
"1224","1224","34744",51.55,-112.866,"253887","29819","0",19.840000000000000,01_29819,"1",01_48,Alberta,"9",Highway 9,Provincial,Paved,"3","80","2",1.000000000000000,"0",31920.087630278037977,"1",9381.354638096,-1107552.56445404,1460470.11856807,-1098318.29445146,1458815.40639818
"1225","1225","52479",51.557,-112.866,"253887","29819","0",19.840000000000000,01_29819,"1",01_48,Alberta,"9",Highway 9,Provincial,Paved,"3","80","2",1.000000000000000,"0",31920.087630278037977,"1",9380.80170794877,-1107407.74223728,1461275.51401619,-1098171.93070401,1459632.58187947
"1226","1226","191401",51.645,-112.888,"253864","29866","0",10.830000000000000,01_29866,"1",01_48,Alberta,"27",Highway 27,Provincial,Paved,"3","80","2",0.000000000000000,"0",17432.940543901473575,"1",655.064545881486,-1107014.23671846,1471655.73955234,-1106561.13491733,1472128.82338962
"1227","1227","96455",51.41,-112.63,"253882","31367","0",8.090000000000000,01_31367,"1",01_48,Alberta,"10",Highway 10,Provincial,Paved,"2","80","2",0.000000000000000,"0",12959.499906266757534,"1",358.440909554917,-1095072.39350235,1441613.28911737,-1094738.55995553,1441743.80750176
"1228","1228","97797",51.805,-112.958,"253891","29869","0",9.699999999999999,01_29869,"1",01_48,Alberta,"56",Highway 56,Provincial,Paved,"2","80","2",0.000000000000000,"0",15704.138515115755581,"1",15532.4412577301,-1108227.50969891,1490870.81297575,-1092937.07361629,1488139.64182985
"1229","1229","76062",53.448,-113.545,"254210","31139","0",6.930000000000000,01_31139,"1",01_48,Alberta,,23 Ave NW,Municipal,Paved,"4","60","3",0.000000000000000,"0",11624.320455958850289,"1",828.46044873877,-1110941.0670979,1685951.83831301,-1111189.15267975,1686742.28139079
"1230","1230","152280",51.47,-112.749,"253887","29819","0",19.840000000000000,01_29819,"1",01_48,Alberta,"9",Highway 9,Provincial,Paved,"3","80","2",1.000000000000000,"0",31920.087630278037977,"1",2258.68751004166,-1101593.79963028,1449900.0946336,-1099339.39614862,1450039.14214316
"1231","1231","52469",51.746,-112.958,"253864","29866","0",10.830000000000000,01_29866,"1",01_48,Alberta,"27",Highway 27,Provincial,Paved,"3","80","2",0.000000000000000,"0",17432.940543901473575,"1",10902.8070087929,-1109453.88892411,1484088.38253474,-1110261.93211502,1473215.56013793
"1232","1232","220501",51.952,-112.939,"63238","29870","0",12.940000000000000,01_29870,"1",01_48,Alberta,"56",Highway 56,Provincial,Paved,"2","80","2",0.000000000000000,"0",20984.624262560530042,"1",14409.6275682445,-1103947.92791616,1507542.43381478,-1089740.25078656,1505138.42107841
"1233","1233","55363",51.996,-112.883,"63239","29881","0",6.420000000000000,01_29881,"1",01_48,Alberta,"56",Highway 56,Provincial,Paved,"2","80","2",0.000000000000000,"0",10427.095039786921916,"1",10714.6587132762,-1099427.02887052,1511946.92762868,-1088879.12385145,1510063.94832693
"1234","1234","191254",51.738,-112.961,"253864","29866","0",10.830000000000000,01_29866,"1",01_48,Alberta,"27",Highway 27,Provincial,Paved,"3","80","2",0.000000000000000,"0",17432.940543901473575,"1",9998.12986938436,-1109814.39677245,1483203.75109906,-1110283.6978035,1473216.64153586
"1235","1235","152271",55.464,-117.415,"253978","30893","0",8.070000000000000,01_30893,"1",01_48,Alberta,"49",Highway 49,Provincial,Paved,"3","80","2",1.000000000000000,"0",14214.479617637301999,"1",15036.4737196626,-1299995.15359339,1963347.02957222,-1285684.7796958,1958730.89040262
"1236","1236","206396",51.48,-112.86,"253862","29765","0",15.960000000000001,01_29765,"1",01_48,Alberta,"9",Highway 9,Provincial,Paved,"2","80","2",1.000000000000000,"0",25541.886008673940523,"1",7484.9381907098,-1108610.60473631,1452345.03599489,-1109940.51414049,1444979.19315816
"1237","1237","152272",51.486,-113.151,"253917","29750","0",13.940000000000000,01_29750,"1",01_48,Alberta,"21",Highway 21,Provincial,Paved,"3","80","2",0.000000000000000,"0",22378.267120844870078,"1",5369.8948164641,-1127411.32687475,1456467.25894263,-1132460.44473319,1458295.42173393
"1238","1238","28548",51.84,-112.783,"253891","29869","0",9.699999999999999,01_29869,"1",01_48,Alberta,"56",Highway 56,Provincial,Paved,"2","80","2",0.000000000000000,"0",15704.138515115755581,"1",4033.43865493376,-1096191.42088435,1492859.65835293,-1092220.76036832,1492150.79838821
"1239","1239","155223",51.863,-113.005,"253924","29906","0",9.740000000000000,01_29906,"1",01_48,Alberta,"21",Highway 21,Provincial,Paved,"2","80","2",0.000000000000000,"0",15785.169796448779380,"1",15495.5862909366,-1110057.38014979,1498086.6386018,-1125299.38668109,1500878.48949318
"1240","1240","206397",53.264,-113.806,"254240","30403","0",15.779999999999999,01_30403,"1",01_48,Alberta,"39",Highway 39,Provincial,Paved,"2","80","2",0.000000000000000,"0",26320.786305990619439,"1",120.453510639547,-1131265.02065058,1668035.88979708,-1131241.90462551,1668154.10442228
"1241","1241","135741",51.996,-112.883,"63239","29881","0",6.420000000000000,01_29881,"1",01_48,Alberta,"56",Highway 56,Provincial,Paved,"2","80","2",0.000000000000000,"0",10427.095039786921916,"1",10714.6587132762,-1099427.02887052,1511946.92762868,-1088879.12385145,1510063.94832693
"1242","1242","191253",51.607,-112.891,"253864","29866","0",10.830000000000000,01_29866,"1",01_48,Alberta,"27",Highway 27,Provincial,Paved,"3","80","2",0.000000000000000,"0",17432.940543901473575,"1",4785.19560689431,-1107995.95669044,1467319.81616267,-1108426.45436519,1472085.60767597
"1243","1243","34373",52.267,-113.8,"254076","29112","0",2.080000000000000,01_29112,"1",01_48,Alberta,2A,Highway 2A,Provincial,Paved,"4","80","2",0.000000000000000,"0",3394.651232687504034,"1",750.213728253575,-1152554.76011044,1553933.0453625,-1153290.58625599,1554079.2661599
"1244","1244","117924",51.4,-112.709,"253863","29810","0",8.220000000000002,01_29810,"1",01_48,Alberta,"9",Highway 9,Provincial,Paved,"3","80","2",1.000000000000000,"0",13172.977692177719291,"1",2371.98413795248,-1100425.70371733,1441376.58163758,-1101316.86779448,1443574.79348777
"1245","1245","191252",51.746,-112.958,"253864","29866","0",10.830000000000000,01_29866,"1",01_48,Alberta,"27",Highway 27,Provincial,Paved,"3","80","2",0.000000000000000,"0",17432.940543901473575,"1",10902.8070087929,-1109453.88892411,1484088.38253474,-1110261.93211502,1473215.56013793
"1246","1246","52480",50.787,-111.592,"63257","29526","0",18.120000000000001,01_29526,"1",01_48,Alberta,"36",Highway 36,Provincial,Paved,"2","80","2",0.000000000000000,"0",28694.157322619819752,"1",22887.6525909621,-1039299.92718576,1358050.09460138,-1061837.3718607,1362038.60668591
"1247","1247","167798",49.945,-113.039,"63308","29406","0",12.990000000000000,01_29406,"1",01_48,Alberta,"23",Highway 23,Provincial,Paved,"2","80","2",0.000000000000000,"0",20202.430610740888369,"1",3182.48491656038,-1152409.92727571,1277477.43120044,-1155384.9986369,1278607.54652197
"1248","1248","45733",51.63,-112.935,"253864","29866","0",10.830000000000000,01_29866,"1",01_48,Alberta,"27",Highway 27,Provincial,Paved,"3","80","2",0.000000000000000,"0",17432.940543901473575,"1",2157.64897443556,-1110373.81462522,1470480.16626046,-1108992.99722213,1472138.11450941
"1249","1249","64630",51.746,-112.958,"253864","29866","0",10.830000000000000,01_29866,"1",01_48,Alberta,"27",Highway 27,Provincial,Paved,"3","80","2",0.000000000000000,"0",17432.940543901473575,"1",10902.8070087929,-1109453.88892411,1484088.38253474,-1110261.93211502,1473215.56013793
"1250","1250","152270",51.652,-112.902,"253864","29866","0",10.830000000000000,01_29866,"1",01_48,Alberta,"27",Highway 27,Provincial,Paved,"3","80","2",0.000000000000000,"0",17432.940543901473575,"1",4.47935142964479,-1107777.11545363,1472624.39531157,-1107780.61310267,1472627.19371118
"1251","1251","64629",51.746,-112.958,"253864","29866","0",10.830000000000000,01_29866,"1",01_48,Alberta,"27",Highway 27,Provincial,Paved,"3","80","2",0.000000000000000,"0",17432.940543901473575,"1",10902.8070087929,-1109453.88892411,1484088.38253474,-1110261.93211502,1473215.56013793
"1252","1252","206399",51.539,-112.879,"253887","29819","0",19.840000000000000,01_29819,"1",01_48,Alberta,"9",Highway 9,Provincial,Paved,"3","80","2",1.000000000000000,"0",31920.087630278037977,"1",10240.4378671882,-1108624.96629323,1459356.43290255,-1098545.90023442,1457545.63332945
"1253","1253","60563",51.539,-112.879,"253887","29819","0",19.840000000000000,01_29819,"1",01_48,Alberta,"9",Highway 9,Provincial,Paved,"3","80","2",1.000000000000000,"0",31920.087630278037977,"1",10240.4378671882,-1108624.96629323,1459356.43290255,-1098545.90023442,1457545.63332945
"1254","1254","69621",51.456,-112.728,"253883","232401","0",0.850000000000000,01_232401,"1",01_48,Alberta,"9",Highway 9,Provincial,Paved,"4","80","1",1.000000000000000,"0",1362.895014946860329,"1",1334.23004561974,-1100514.36765257,1448044.56291771,-1099267.27169878,1448518.82180974
"1254","1254","69621",51.456,-112.728,"253885","29820","0",1.140000000000000,01_29820,"1",01_48,Alberta,"9",Highway 9,Provincial,Paved,"2","80","2",1.000000000000000,"0",1824.005958854049823,"2",1334.23004561974,-1100514.36765257,1448044.56291771,-1099267.27169878,1448518.82180974
"1255","1255","52468",51.936,-112.958,"63238","29870","0",12.940000000000000,01_29870,"1",01_48,Alberta,"56",Highway 56,Provincial,Paved,"2","80","2",0.000000000000000,"0",20984.624262560530042,"1",15553.1830808405,-1105505.36308015,1505925.51197313,-1090456.89680016,1501995.478059
"1256","1256","206395",51.744,-112.969,"253864","29866","0",10.830000000000000,01_29866,"1",01_48,Alberta,"27",Highway 27,Provincial,Paved,"3","80","2",0.000000000000000,"0",17432.940543901473575,"1",10770.8576345294,-1110207.45155837,1483987.22929575,-1110283.6978035,1473216.64153586
"1257","1257","156799",51.611,-112.875,"253864","29866","0",10.830000000000000,01_29866,"1",01_48,Alberta,"27",Highway 27,Provincial,Paved,"3","80","2",0.000000000000000,"0",17432.940543901473575,"1",4431.41177377274,-1106874.73700755,1467593.0369893,-1105987.53387416,1471934.7280088
"1258","1258","64436",51.746,-112.958,"253864","29866","0",10.830000000000000,01_29866,"1",01_48,Alberta,"27",Highway 27,Provincial,Paved,"3","80","2",0.000000000000000,"0",17432.940543901473575,"1",10902.8070087929,-1109453.88892411,1484088.38253474,-1110261.93211502,1473215.56013793
"1259","1259","144561",51.497,-112.778,"253887","29819","0",19.840000000000000,01_29819,"1",01_48,Alberta,"9",Highway 9,Provincial,Paved,"3","80","2",1.000000000000000,"0",31920.087630278037977,"1",3482.72802763813,-1102925.37618883,1453345.08067894,-1099530.09671938,1452569.53452375
"1260","1260","229870",51.666,-112.904,"253864","29866","0",10.830000000000000,01_29866,"1",01_48,Alberta,"27",Highway 27,Provincial,Paved,"3","80","2",0.000000000000000,"0",17432.940543901473575,"1",1469.08945947335,-1107616.61050166,1474257.91567818,-1107499.19439646,1472793.52594243
"1261","1261","155225",51.645,-112.888,"253864","29866","0",10.830000000000000,01_29866,"1",01_48,Alberta,"27",Highway 27,Provincial,Paved,"3","80","2",0.000000000000000,"0",17432.940543901473575,"1",655.064545881486,-1107014.23671846,1471655.73955234,-1106561.13491733,1472128.82338962
"1262","1262","52465",51.688,-112.911,"253864","29866","0",10.830000000000000,01_29866,"1",01_48,Alberta,"27",Highway 27,Provincial,Paved,"3","80","2",0.000000000000000,"0",17432.940543901473575,"1",4076.79705136523,-1107614.22135134,1476869.77560278,-1107478.39910155,1472795.24170128
"1263","1263","191366",51.746,-112.958,"253864","29866","0",10.830000000000000,01_29866,"1",01_48,Alberta,"27",Highway 27,Provincial,Paved,"3","80","2",0.000000000000000,"0",17432.940543901473575,"1",10902.8070087929,-1109453.88892411,1484088.38253474,-1110261.93211502,1473215.56013793
"1264","1264","191367",51.776,-112.958,"253864","29866","0",10.830000000000000,01_29866,"1",01_48,Alberta,"27",Highway 27,Provincial,Paved,"3","80","2",0.000000000000000,"0",17432.940543901473575,"1",14393.0543753994,-1108830.27746087,1487537.2352915,-1110261.93211502,1473215.56013793
"1265","1265","73461",52.283,-112.15,"253798","29900","0",1.860000000000000,01_29900,"1",01_48,Alberta,"12",Highway 12,Provincial,Paved,"2","80","2",0.000000000000000,"0",3035.961314807868803,"1",347.034075732635,-1046489.7356272,1536631.32259798,-1046678.74828128,1536340.27815753
"1266","1266","61628",51.776,-112.958,"253864","29866","0",10.830000000000000,01_29866,"1",01_48,Alberta,"27",Highway 27,Provincial,Paved,"3","80","2",0.000000000000000,"0",17432.940543901473575,"1",14393.0543753994,-1108830.27746087,1487537.2352915,-1110261.93211502,1473215.56013793
"1267","1267","64324",51.485,-112.772,"253887","29819","0",19.840000000000000,01_29819,"1",01_48,Alberta,"9",Highway 9,Provincial,Paved,"3","80","2",1.000000000000000,"0",31920.087630278037977,"1",3211.53715096883,-1102782.02711672,1451894.0992641,-1099589.17620308,1452240.03844276
"1268","1268","150979",51.746,-112.958,"253864","29866","0",10.830000000000000,01_29866,"1",01_48,Alberta,"27",Highway 27,Provincial,Paved,"3","80","2",0.000000000000000,"0",17432.940543901473575,"1",10902.8070087929,-1109453.88892411,1484088.38253474,-1110261.93211502,1473215.56013793
"1269","1269","144539",53.264,-113.806,"254240","30403","0",15.779999999999999,01_30403,"1",01_48,Alberta,"39",Highway 39,Provincial,Paved,"2","80","2",0.000000000000000,"0",26320.786305990619439,"1",120.453510639547,-1131265.02065058,1668035.88979708,-1131241.90462551,1668154.10442228
"1270","1270","193696",51.711,-112.928,"253864","29866","0",10.830000000000000,01_29866,"1",01_48,Alberta,"27",Highway 27,Provincial,Paved,"3","80","2",0.000000000000000,"0",17432.940543901473575,"1",6798.29653124676,-1108238.45280726,1479713.28589242,-1110197.13203197,1473203.26197377
"1271","1271","204724",51.495,-112.815,"253887","29819","0",19.840000000000000,01_29819,"1",01_48,Alberta,"9",Highway 9,Provincial,Paved,"3","80","2",1.000000000000000,"0",31920.087630278037977,"1",5916.58718660289,-1105373.35129549,1453545.84707772,-1099580.5194736,1452342.05996201
"1272","1272","11899",51.819,-112.982,"253923","29907","0",3.250000000000000,01_29907,"1",01_48,Alberta,"21",Highway 21,Provincial,Paved,"2","80","2",0.000000000000000,"0",5261.272824134101938,"1",16942.0055611627,-1109487.76137212,1492760.70607403,-1126071.81579389,1496224.9074784
"1273","1273","135743",51.996,-112.883,"63239","29881","0",6.420000000000000,01_29881,"1",01_48,Alberta,"56",Highway 56,Provincial,Paved,"2","80","2",0.000000000000000,"0",10427.095039786921916,"1",10714.6587132762,-1099427.02887052,1511946.92762868,-1088879.12385145,1510063.94832693
"1274","1274","48624",50.9,-111.8,"63258","29525","0",12.859999999999999,01_29525,"1",01_48,Alberta,"36",Highway 36,Provincial,Paved,"2","80","2",0.000000000000000,"0",20426.334411487259786,"1",6700.16482896669,-1050840.59314063,1373399.21589531,-1057274.63345284,1375268.79713081
"1275","1275","52466",51.557,-112.866,"253887","29819","0",19.840000000000000,01_29819,"1",01_48,Alberta,"9",Highway 9,Provincial,Paved,"3","80","2",1.000000000000000,"0",31920.087630278037977,"1",9380.80170794877,-1107407.74223728,1461275.51401619,-1098171.93070401,1459632.58187947
"1276","1276","229966",51.554,-112.876,"253887","29819","0",19.840000000000000,01_29819,"1",01_48,Alberta,"9",Highway 9,Provincial,Paved,"3","80","2",1.000000000000000,"0",31920.087630278037977,"1",10041.3155408402,-1108119.488143,1461047.20420439,-1098229.41372769,1459310.98824711
"1277","1277","64631",51.819,-112.982,"253923","29907","0",3.250000000000000,01_29907,"1",01_48,Alberta,"21",Highway 21,Provincial,Paved,"2","80","2",0.000000000000000,"0",5261.272824134101938,"1",16942.0055611627,-1109487.76137212,1492760.70607403,-1126071.81579389,1496224.9074784
"1278","1278","51966",51.79,-113.005,"253921","29908","0",9.720000000000001,01_29908,"1",01_48,Alberta,"21",Highway 21,Provincial,Paved,"2","80","2",0.000000000000000,"0",15710.180386827465554,"1",15517.2439348366,-1111578.67673319,1489696.94029015,-1126839.99564993,1492503.54041393
"1279","1279","189568",51.607,-112.891,"253864","29866","0",10.830000000000000,01_29866,"1",01_48,Alberta,"27",Highway 27,Provincial,Paved,"3","80","2",0.000000000000000,"0",17432.940543901473575,"1",4785.19560689431,-1107995.95669044,1467319.81616267,-1108426.45436519,1472085.60767597
"1280","1280","180856",51.491,-112.806,"253887","29819","0",19.840000000000000,01_29819,"1",01_48,Alberta,"9",Highway 9,Provincial,Paved,"3","80","2",1.000000000000000,"0",31920.087630278037977,"1",5325.93298972391,-1104870.40755226,1452980.56949589,-1099588.98461301,1452293.44945707
"1281","1281","206401",51.738,-112.961,"253864","29866","0",10.830000000000000,01_29866,"1",01_48,Alberta,"27",Highway 27,Provincial,Paved,"3","80","2",0.000000000000000,"0",17432.940543901473575,"1",9998.12986938436,-1109814.39677245,1483203.75109906,-1110283.6978035,1473216.64153586
"1282","1282","94370",51.456,-112.673,"253882","31367","0",8.090000000000000,01_31367,"1",01_48,Alberta,"10",Highway 10,Provincial,Paved,"2","80","2",0.000000000000000,"0",12959.499906266757534,"1",1112.50721559158,-1096933.43478215,1447407.10904552,-1097845.66186045,1446770.309185
"1283","1283","64430",51.819,-112.982,"253923","29907","0",3.250000000000000,01_29907,"1",01_48,Alberta,"21",Highway 21,Provincial,Paved,"2","80","2",0.000000000000000,"0",5261.272824134101938,"1",16942.0055611627,-1109487.76137212,1492760.70607403,-1126071.81579389,1496224.9074784
"1284","1284","220119",51.554,-112.876,"253887","29819","0",19.840000000000000,01_29819,"1",01_48,Alberta,"9",Highway 9,Provincial,Paved,"3","80","2",1.000000000000000,"0",31920.087630278037977,"1",10041.3155408402,-1108119.488143,1461047.20420439,-1098229.41372769,1459310.98824711
"1285","1285","114017",51.544,-112.889,"253887","29819","0",19.840000000000000,01_29819,"1",01_48,Alberta,"9",Highway 9,Provincial,Paved,"3","80","2",1.000000000000000,"0",31920.087630278037977,"1",10899.8932223272,-1109171.22410679,1460048.69085939,-1098443.31750695,1458120.04049106
"1286","1286","51316",51.533,-112.883,"253887","29819","0",19.840000000000000,01_29819,"1",01_48,Alberta,"9",Highway 9,Provincial,Paved,"3","80","2",1.000000000000000,"0",31920.087630278037977,"1",10505.0564269694,-1109009.1698305,1458712.86266699,-1098669.95403334,1456853.6081837
"1287","1287","52467",51.95,-112.899,"63238","29870","0",12.940000000000000,01_29870,"1",01_48,Alberta,"56",Highway 56,Provincial,Paved,"2","80","2",0.000000000000000,"0",20984.624262560530042,"1",11791.4649846289,-1101410.15998785,1506847.36246078,-1089783.9519826,1504880.1477032
"1288","1288","14501",51.6,-112.5,"253892","29863","0",9.810000000000000,01_29863,"1",01_48,Alberta,"9",Highway 9,Provincial,Paved,"2","80","2",1.000000000000000,"0",15781.662406619087051,"1",5719.18808340733,-1082751.93330106,1461996.37735216,-1081762.07635717,1467629.25366574
"1289","1289","152403",53.345,-113.887,"254206","30406","0",14.029999999999999,01_30406,"1",01_48,Alberta,"60",Highway 60,Provincial,Paved,"2","80","2",0.000000000000000,"0",23534.499740174978797,"1",8786.37581952197,-1134584.9685881,1678248.35523238,-1126048.65748181,1680329.65116004
"1290","1290","155227",51.688,-112.911,"253864","29866","0",10.830000000000000,01_29866,"1",01_48,Alberta,"27",Highway 27,Provincial,Paved,"3","80","2",0.000000000000000,"0",17432.940543901473575,"1",4076.79705136523,-1107614.22135134,1476869.77560278,-1107478.39910155,1472795.24170128
"1291","1291","155224",50.831,-111.604,"63258","29525","0",12.859999999999999,01_29525,"1",01_48,Alberta,"36",Highway 36,Provincial,Paved,"2","80","2",0.000000000000000,"0",20426.334411487259786,"1",21610.7331414581,-1039247.90967592,1363266.79528735,-1057553.26690821,1374753.20828313
"1292","1292","46351",51.543,-112.866,"253887","29819","0",19.840000000000000,01_29819,"1",01_48,Alberta,"9",Highway 9,Provincial,Paved,"3","80","2",1.000000000000000,"0",31920.087630278037977,"1",9381.48716980434,-1107697.38978568,1459664.70579727,-1098455.78479149,1458050.69258521
"1293","1293","96457",51.4,-112.59,"253886","29809","0",2.680000000000000,01_29809,"1",01_48,Alberta,"10",Highway 10,Provincial,Paved,"2","80","2",0.000000000000000,"0",4283.716194463284410,"1",167.842339987125,-1092669.03223389,1440000.09530032,-1092727.7628547,1439842.86373456
"1294","1294","51965",51.79,-113.005,"253921","29908","0",9.720000000000001,01_29908,"1",01_48,Alberta,"21",Highway 21,Provincial,Paved,"2","80","2",0.000000000000000,"0",15710.180386827465554,"1",15517.2439348366,-1111578.67673319,1489696.94029015,-1126839.99564993,1492503.54041393
"1295","1295","155222",51.543,-112.819,"253887","29819","0",19.840000000000000,01_29819,"1",01_48,Alberta,"9",Highway 9,Provincial,Paved,"3","80","2",1.000000000000000,"0",31920.087630278037977,"1",6278.39013673822,-1104643.10308976,1459116.28068939,-1098458.23496441,1458036.65622635
"1296","1296","14500",51.6,-112.5,"253892","29863","0",9.810000000000000,01_29863,"1",01_48,Alberta,"9",Highway 9,Provincial,Paved,"2","80","2",1.000000000000000,"0",15781.662406619087051,"1",5719.18808340733,-1082751.93330106,1461996.37735216,-1081762.07635717,1467629.25366574
"1297","1297","155226",50.699,-112.984,"253905","29559","0",9.770000000000000,01_29559,"1",01_48,Alberta,"1",Highway 1,Provincial,Paved,"4","100","1",1.000000000000000,"0",15444.477623947053871,"1",19278.0040191131,-1132969.01241694,1363839.08766009,-1129570.23811616,1382815.11917917
"1298","1298","49079",51.906,-113.005,"253924","29906","0",9.740000000000000,01_29906,"1",01_48,Alberta,"21",Highway 21,Provincial,Paved,"2","80","2",0.000000000000000,"0",15785.169796448779380,"1",15486.7587521565,-1109161.44155032,1503027.59136362,-1124394.67980229,1505818.31689761
"1299","1299","191402",51.662,-112.908,"253864","29866","0",10.830000000000000,01_29866,"1",01_48,Alberta,"27",Highway 27,Provincial,Paved,"3","80","2",0.000000000000000,"0",17432.940543901473575,"1",1133.35338556265,-1107958.85249192,1473844.62510136,-1107584.06228907,1472775.03536674
"1300","1300","11916",51.928,-112.935,"63238","29870","0",12.940000000000000,01_29870,"1",01_48,Alberta,"56",Highway 56,Provincial,Paved,"2","80","2",0.000000000000000,"0",20984.624262560530042,"1",13999.6189007251,-1104187.95172774,1504738.24716356,-1090474.50088028,1501922.11591309
"1301","1301","79692",51.688,-112.911,"253864","29866","0",10.830000000000000,01_29866,"1",01_48,Alberta,"27",Highway 27,Provincial,Paved,"3","80","2",0.000000000000000,"0",17432.940543901473575,"1",4076.79705136523,-1107614.22135134,1476869.77560278,-1107478.39910155,1472795.24170128
"1302","1302","214477",53.252,-113.831,"254240","30403","0",15.779999999999999,01_30403,"1",01_48,Alberta,"39",Highway 39,Provincial,Paved,"2","80","2",0.000000000000000,"0",26320.786305990619439,"1",1516.03111248746,-1133095.31927324,1666964.58565537,-1132810.07288598,1668453.53993021
"1303","1303","52655",52.492,-112.183,"254280","30260","0",8.130000000000004,01_30260,"1",01_48,Alberta,"53",Highway 53,Provincial,Paved,"2","80","2",0.000000000000000,"0",13348.968041664986231,"1",10207.2078674312,-1044468.03096996,1561007.39696057,-1042706.87300858,1571061.52124288
"1304","1304","61629",51.689,-112.931,"253864","29866","0",10.830000000000000,01_29866,"1",01_48,Alberta,"27",Highway 27,Provincial,Paved,"3","80","2",0.000000000000000,"0",17432.940543901473575,"1",4222.89562713442,-1108889.44640866,1477218.58335422,-1110197.13203197,1473203.26197377
"1305","1305","45732",51.615,-112.866,"253864","29866","0",10.830000000000000,01_29866,"1",01_48,Alberta,"27",Highway 27,Provincial,Paved,"3","80","2",0.000000000000000,"0",17432.940543901473575,"1",3951.61371204835,-1106207.90701228,1467948.12164718,-1105421.40683983,1471820.67486282
"1306","1306","64432",51.906,-112.97,"63238","29870","0",12.940000000000000,01_29870,"1",01_48,Alberta,"56",Highway 56,Provincial,Paved,"2","80","2",0.000000000000000,"0",20984.624262560530042,"1",16293.8053830427,-1106903.00819577,1502618.50224274,-1090863.09657838,1499753.30954997
"1307","1307","138968",51.586,-112.819,"253887","29819","0",19.840000000000000,01_29819,"1",01_48,Alberta,"9",Highway 9,Provincial,Paved,"3","80","2",1.000000000000000,"0",31920.087630278037977,"1",6276.53866453526,-1103755.96394328,1464063.98267316,-1097577.51285672,1462958.68643309
"1308","1308","11902",51.441,-112.702,"253863","29810","0",8.220000000000002,01_29810,"1",01_48,Alberta,"9",Highway 9,Provincial,Paved,"3","80","2",1.000000000000000,"0",13172.977692177719291,"1",301.015647275127,-1099129.05467726,1446016.02785115,-1099347.18850737,1446223.4598932
"1309","1309","67612",51.611,-112.875,"253864","29866","0",10.830000000000000,01_29866,"1",01_48,Alberta,"27",Highway 27,Provincial,Paved,"3","80","2",0.000000000000000,"0",17432.940543901473575,"1",4431.41177377274,-1106874.73700755,1467593.0369893,-1105987.53387416,1471934.7280088
"1310","1310","75475",51.953,-112.935,"63238","29870","0",12.940000000000000,01_29870,"1",01_48,Alberta,"56",Highway 56,Provincial,Paved,"2","80","2",0.000000000000000,"0",20984.624262560530042,"1",14146.2762281661,-1103669.27306843,1507610.75432513,-1089721.25641887,1505250.67749013
"1311","1311","52654",51.383,-112.517,"253914","29803","0",6.110000000000000,01_29803,"1",01_48,Alberta,"10",Highway 10,Provincial,Paved,"2","80","2",0.000000000000000,"0",9772.790610141953948,"1",1121.65718524559,-1088254.5623773,1437202.31090674,-1089190.56753125,1436584.24198421
"1311","1311","52654",51.383,-112.517,"253888","29806","0",4.530000000000000,01_29806,"1",01_48,Alberta,"10",Highway 10,Provincial,Paved,"2","80","2",0.000000000000000,"0",7251.567916518098173,"2",1121.65718524559,-1088254.5623773,1437202.31090674,-1089190.56753125,1436584.24198421
"1312","1312","11901",51.47,-112.842,"253862","29765","0",15.960000000000001,01_29765,"1",01_48,Alberta,"9",Highway 9,Provincial,Paved,"2","80","2",1.000000000000000,"0",25541.886008673940523,"1",6317.54940346417,-1107646.16733688,1450983.75544675,-1108771.98937552,1444767.32920634
"1313","1313","92963",51.509,-112.843,"253887","29819","0",19.840000000000000,01_29819,"1",01_48,Alberta,"9",Highway 9,Provincial,Paved,"3","80","2",1.000000000000000,"0",31920.087630278037977,"1",7867.00226736236,-1106905.30513394,1455483.71712461,-1099161.72974023,1454095.63758916
"1314","1314","11900",51.543,-112.819,"253887","29819","0",19.840000000000000,01_29819,"1",01_48,Alberta,"9",Highway 9,Provincial,Paved,"3","80","2",1.000000000000000,"0",31920.087630278037977,"1",6278.39013673822,-1104643.10308976,1459116.28068939,-1098458.23496441,1458036.65622635
"1315","1315","224151",51.71,-112.934,"253864","29866","0",10.830000000000000,01_29866,"1",01_48,Alberta,"27",Highway 27,Provincial,Paved,"3","80","2",0.000000000000000,"0",17432.940543901473575,"1",6647.76981358585,-1108647.83451187,1479668.4554055,-1110218.54158406,1473208.9103141
"1316","1316","49234",51.652,-112.911,"253864","29866","0",10.830000000000000,01_29866,"1",01_48,Alberta,"27",Highway 27,Provincial,Paved,"3","80","2",0.000000000000000,"0",17432.940543901473575,"1",519.043713818268,-1108360.71745834,1472729.59313925,-1107952.94521891,1472408.45737731
"1317","1317","64789",47.773,-112.598,"173882","590450","0",2.680000000000000,02_9930447,"2",02_30,Montana,U89,,State,Paved,"2","112","4",0.000000000000000,"0",3998.115353413730645,"1",25840.7263855745,-1167410.95583891,1020526.33807076,-1142325.73224941,1026729.13563307
"1318","1318","80026",37.909,-112.749,"157899","573115","0",7.540000000000000,02_8790495,"2",02_49,Utah,I15,,State,Paved,"4","120","1",1.000000000000000,"0",9581.289602929700777,"1",2114.93632995064,-1382578.64992384,-123881.255808587,-1384391.63241346,-122792.196502542
"1319","1319","14410",37.7,-113,"148909","572502","0",25.780000000000001,02_8574113,"2",02_49,Utah,S14,,State,Paved,"2","80","4",0.000000000000000,"0",32563.898707737600489,"1",3460.85901247658,-1407461.52238889,-144380.500523584,-1409401.22900972,-147246.697189786
"1320","1320","53490",37.901,-112.959,"149095","573087","0",45.880000000000003,02_8788240,"2",02_49,Utah,S130,,State,Paved,"2","88","4",0.000000000000000,"0",58330.231995786256448,"1",6018.73467716564,-1399896.80519949,-121725.585409002,-1405816.75319774,-120639.591480763
"1321","1321","80023",37.286,-113.763,"155805","570632","0",14.410000000000000,02_8245547,"2",02_49,Utah,S18,,State,Paved,"2","88","4",7.000000000000000,"0",18147.429492566403496,"1",7355.54587408839,-1478972.58320605,-180616.078993386,-1472275.51885557,-177574.141421471
"1322","1322","14409",37.7,-113,"148909","572502","0",25.780000000000001,02_8574113,"2",02_49,Utah,S14,,State,Paved,"2","80","4",0.000000000000000,"0",32563.898707737600489,"1",3460.85901247658,-1407461.52238889,-144380.500523584,-1409401.22900972,-147246.697189786
"1323","1323","230871",37.7,-113,"148909","572502","0",25.780000000000001,02_8574113,"2",02_49,Utah,S14,,State,Paved,"2","80","4",0.000000000000000,"0",32563.898707737600489,"1",3460.85901247658,-1407461.52238889,-144380.500523584,-1409401.22900972,-147246.697189786
"1324","1324","49620",37.7,-113,"148909","572502","0",25.780000000000001,02_8574113,"2",02_49,Utah,S14,,State,Paved,"2","80","4",0.000000000000000,"0",32563.898707737600489,"1",3460.85901247658,-1407461.52238889,-144380.500523584,-1409401.22900972,-147246.697189786
"1325","1325","230113",37.5,-113.5,"155806","570631","0",32.450000000000003,02_8245828,"2",02_49,Utah,S18,,State,Paved,"2","88","4",0.000000000000000,"0",40952.611373370746151,"1",10918.2503850979,-1452709.25308414,-159964.428880233,-1463597.85040281,-159160.289648722
"1326","1326","85191",29.439,-103.16,"32533","450964","0",44.280000000000001,02_3794254,"2",02_48,Texas,U385,,State,Paved,"2","88","5",0.000000000000000,"0",51042.389709317481902,"1",2035.67407396181,-668037.365933331,-1208151.36555251,-666019.653885099,-1208421.19332317
"1327","1327","68009",29.433,-103.142,"32533","450964","0",44.280000000000001,02_3794254,"2",02_48,Texas,U385,,State,Paved,"2","88","5",0.000000000000000,"0",51042.389709317481902,"1",320.337824887847,-666413.129615023,-1208967.02273685,-666095.714223588,-1209010.19438651
"1328","1328","156122",29.439,-103.16,"32533","450964","0",44.280000000000001,02_3794254,"2",02_48,Texas,U385,,State,Paved,"2","88","5",0.000000000000000,"0",51042.389709317481902,"1",2035.67407396181,-668037.365933331,-1208151.36555251,-666019.653885099,-1208421.19332317
"1329","1329","85188",29.439,-103.16,"32533","450964","0",44.280000000000001,02_3794254,"2",02_48,Texas,U385,,State,Paved,"2","88","5",0.000000000000000,"0",51042.389709317481902,"1",2035.67407396181,-668037.365933331,-1208151.36555251,-666019.653885099,-1208421.19332317
"1330","1330","230207",29.439,-103.16,"32533","450964","0",44.280000000000001,02_3794254,"2",02_48,Texas,U385,,State,Paved,"2","88","5",0.000000000000000,"0",51042.389709317481902,"1",2035.67407396181,-668037.365933331,-1208151.36555251,-666019.653885099,-1208421.19332317
"1331","1331","85189",29.439,-103.16,"32533","450964","0",44.280000000000001,02_3794254,"2",02_48,Texas,U385,,State,Paved,"2","88","5",0.000000000000000,"0",51042.389709317481902,"1",2035.67407396181,-668037.365933331,-1208151.36555251,-666019.653885099,-1208421.19332317
"1332","1332","85190",29.439,-103.16,"32533","450964","0",44.280000000000001,02_3794254,"2",02_48,Texas,U385,,State,Paved,"2","88","5",0.000000000000000,"0",51042.389709317481902,"1",2035.67407396181,-668037.365933331,-1208151.36555251,-666019.653885099,-1208421.19332317
"1333","1333","200456",29.272,-103.469,"32727","468511","0",30.090000000000000,02_3763743,"2",02_48,Texas,S118,,State,Paved,"2","88","5",0.000000000000000,"0",34542.947586770213093,"1",3432.99641973321,-698322.218106927,-1225093.0652447,-700115.841537897,-1222165.88581634
"1334","1334","200455",29.226,-103.479,"32727","468511","0",30.090000000000000,02_3763743,"2",02_48,Texas,S118,,State,Paved,"2","88","5",0.000000000000000,"0",34542.947586770213093,"1",7963.18838943688,-699672.452927732,-1230296.68885656,-700561.143439737,-1222383.24469491
"1335","1335","69211",29.439,-103.16,"32533","450964","0",44.280000000000001,02_3794254,"2",02_48,Texas,U385,,State,Paved,"2","88","5",0.000000000000000,"0",51042.389709317481902,"1",2035.67407396181,-668037.365933331,-1208151.36555251,-666019.653885099,-1208421.19332317
"1336","1336","224287",29.439,-103.16,"32533","450964","0",44.280000000000001,02_3794254,"2",02_48,Texas,U385,,State,Paved,"2","88","5",0.000000000000000,"0",51042.389709317481902,"1",2035.67407396181,-668037.365933331,-1208151.36555251,-666019.653885099,-1208421.19332317
"1337","1337","68011",29.433,-103.142,"32533","450964","0",44.280000000000001,02_3794254,"2",02_48,Texas,U385,,State,Paved,"2","88","5",0.000000000000000,"0",51042.389709317481902,"1",320.337824887847,-666413.129615023,-1208967.02273685,-666095.714223588,-1209010.19438651
"1338","1338","92249",29.25,-103.25,"32729","468517","0",32.700000000000003,02_3765329,"2",02_48,Texas,S118,,State,Paved,"2","88","5",0.000000000000000,"2",37521.626997980165470,"1",8005.2699975738,-678080.56397036,-1229207.21711691,-671238.526891853,-1225051.39272813
"1339","1339","230208",29.439,-103.16,"32533","450964","0",44.280000000000001,02_3794254,"2",02_48,Texas,U385,,State,Paved,"2","88","5",0.000000000000000,"0",51042.389709317481902,"1",2035.67407396181,-668037.365933331,-1208151.36555251,-666019.653885099,-1208421.19332317
"1340","1340","164702",29.337,-103.443,"32727","468511","0",30.090000000000000,02_3763743,"2",02_48,Texas,S118,,State,Paved,"2","88","5",0.000000000000000,"0",34542.947586770213093,"1",1614.35867682991,-695309.506889918,-1217825.5268573,-694677.364069867,-1219310.97271377
"1341","1341","230209",29.439,-103.16,"32533","450964","0",44.280000000000001,02_3794254,"2",02_48,Texas,U385,,State,Paved,"2","88","5",0.000000000000000,"0",51042.389709317481902,"1",2035.67407396181,-668037.365933331,-1208151.36555251,-666019.653885099,-1208421.19332317
"1342","1342","165562",29.396,-103.204,"32533","450964","0",44.280000000000001,02_3794254,"2",02_48,Texas,U385,,State,Paved,"2","88","5",0.000000000000000,"0",51042.389709317481902,"1",4260.49118602472,-672510.647652522,-1212777.43247998,-670120.981289266,-1216304.65232265
"1343","1343","200457",29.429,-103.102,"32533","450964","0",44.280000000000001,02_3794254,"2",02_48,Texas,U385,,State,Paved,"2","88","5",0.000000000000000,"0",51042.389709317481902,"1",3441.65803171617,-662722.248510319,-1209706.74913439,-666106.718964693,-1209081.95336716
"1344","1344","145482",29.401,-103.316,"32727","468511","0",30.090000000000000,02_3763743,"2",02_48,Texas,S118,,State,Paved,"2","88","5",0.000000000000000,"0",34542.947586770213093,"1",5386.7491798604,-682901.124619796,-1211402.73971128,-680899.233609773,-1216403.68953213
"1345","1345","187092",29.335,-103.434,"32727","468511","0",30.090000000000000,02_3763743,"2",02_48,Texas,S118,,State,Paved,"2","88","5",0.000000000000000,"0",34542.947586770213093,"1",1028.85316765671,-694488.506972018,-1218121.02388663,-694135.720152814,-1219087.50218478
"1346","1346","230210",29.439,-103.16,"32533","450964","0",44.280000000000001,02_3794254,"2",02_48,Texas,U385,,State,Paved,"2","88","5",0.000000000000000,"0",51042.389709317481902,"1",2035.67407396181,-668037.365933331,-1208151.36555251,-666019.653885099,-1208421.19332317
"1347","1347","52091",29.396,-103.204,"32533","450964","0",44.280000000000001,02_3794254,"2",02_48,Texas,U385,,State,Paved,"2","88","5",0.000000000000000,"0",51042.389709317481902,"1",4260.49118602472,-672510.647652522,-1212777.43247998,-670120.981289266,-1216304.65232265
"1348","1348","92251",29.295,-103.53,"32724","468514","0",4.440000000000002,02_3763575,"2",02_48,Texas,S118,,State,Paved,"2","88","5",0.000000000000000,"0",5102.742871857310092,"1",1487.51764980152,-703803.477278706,-1222003.02153697,-702941.334504318,-1220790.82576275
"1349","1349","92247",29.25,-103.25,"32729","468517","0",32.700000000000003,02_3765329,"2",02_48,Texas,S118,,State,Paved,"2","88","5",0.000000000000000,"2",37521.626997980165470,"1",8005.2699975738,-678080.56397036,-1229207.21711691,-671238.526891853,-1225051.39272813
"1350","1350","231100",29.463,-103.162,"32533","450964","0",44.280000000000001,02_3794254,"2",02_48,Texas,U385,,State,Paved,"2","88","5",0.000000000000000,"0",51042.389709317481902,"1",2249.67456412001,-668015.003140201,-1205381.28664781,-665774.962212743,-1205589.25849148
"1351","1351","68010",29.433,-103.142,"32533","450964","0",44.280000000000001,02_3794254,"2",02_48,Texas,U385,,State,Paved,"2","88","5",0.000000000000000,"0",51042.389709317481902,"1",320.337824887847,-666413.129615023,-1208967.02273685,-666095.714223588,-1209010.19438651
"1352","1352","230206",29.439,-103.16,"32533","450964","0",44.280000000000001,02_3794254,"2",02_48,Texas,U385,,State,Paved,"2","88","5",0.000000000000000,"0",51042.389709317481902,"1",2035.67407396181,-668037.365933331,-1208151.36555251,-666019.653885099,-1208421.19332317
"1353","1353","69210",29.439,-103.16,"32533","450964","0",44.280000000000001,02_3794254,"2",02_48,Texas,U385,,State,Paved,"2","88","5",0.000000000000000,"0",51042.389709317481902,"1",2035.67407396181,-668037.365933331,-1208151.36555251,-666019.653885099,-1208421.19332317
"1354","1354","227185",29.225,-103.637,"32723","468512","0",28.030000000000001,02_3762536,"2",02_48,Texas,C170,,Municipal,Paved,"2","88","5",0.000000000000000,"0",32150.068507807794958,"1",9073.46186582526,-714431.208611783,-1229232.96105289,-718893.122859414,-1221332.38946107
"1355","1355","52090",29.396,-103.204,"32533","450964","0",44.280000000000001,02_3794254,"2",02_48,Texas,U385,,State,Paved,"2","88","5",0.000000000000000,"0",51042.389709317481902,"1",4260.49118602472,-672510.647652522,-1212777.43247998,-670120.981289266,-1216304.65232265
"1356","1356","187094",29.031,-103.247,"32729","468517","0",32.700000000000003,02_3765329,"2",02_48,Texas,S118,,State,Paved,"2","88","5",0.000000000000000,"2",37521.626997980165470,"1",27975.3555448032,-679724.619580149,-1254348.88418537,-657436.66313161,-1237441.26710885
"1357","1357","231099",29.576,-103.085,"32533","450964","0",44.280000000000001,02_3794254,"2",02_48,Texas,U385,,State,Paved,"2","88","5",0.000000000000000,"0",51042.389709317481902,"1",4785.41423934658,-659874.609346464,-1192941.11174253,-664612.723840342,-1193612.2752733
"1358","1358","61847",29.455,-103.137,"32533","450964","0",44.280000000000001,02_3794254,"2",02_48,Texas,U385,,State,Paved,"2","88","5",0.000000000000000,"0",51042.389709317481902,"1",24.2868328609708,-665756.911142742,-1206475.85043032,-665732.880667731,-1206472.33098134
"1359","1359","231098",29.409,-103.303,"32727","468511","0",30.090000000000000,02_3763743,"2",02_48,Texas,S118,,State,Paved,"2","88","5",0.000000000000000,"0",34542.947586770213093,"1",5865.04330005601,-681619.170471714,-1210577.89004477,-680848.171810538,-1216392.03606771
"1360","1360","189806",29.301,-103.496,"32727","468511","0",30.090000000000000,02_3763743,"2",02_48,Texas,S118,,State,Paved,"2","88","5",0.000000000000000,"0",34542.947586770213093,"1",749.99852588594,-700577.702387717,-1221566.42244755,-700203.235511331,-1222216.24730651
"1361","1361","230204",29.25,-103.25,"32729","468517","0",32.700000000000003,02_3765329,"2",02_48,Texas,S118,,State,Paved,"2","88","5",0.000000000000000,"2",37521.626997980165470,"1",8005.2699975738,-678080.56397036,-1229207.21711691,-671238.526891853,-1225051.39272813
"1362","1362","187093",29.307,-103.137,"32729","468517","0",32.700000000000003,02_3765329,"2",02_48,Texas,S118,,State,Paved,"2","88","5",0.000000000000000,"2",37521.626997980165470,"1",4272.89102865597,-667038.55750977,-1223467.41682578,-670019.921061844,-1226528.31034126
"1363","1363","14450",48.933,-110.583,"176669","29258","0",7.940000000000000,01_29258,"1",01_48,Alberta,"41",Highway 41,Provincial,Paved,"2","80","2",0.000000000000000,"1",12114.935843517059766,"1",24987.902589695,-1005951.69927484,1132210.15868831,-981710.307889093,1138272.35462007
"1364","1364","14470",48.933,-110.583,"176669","29258","0",7.940000000000000,01_29258,"1",01_48,Alberta,"41",Highway 41,Provincial,Paved,"2","80","2",0.000000000000000,"1",12114.935843517059766,"1",24987.902589695,-1005951.69927484,1132210.15868831,-981710.307889093,1138272.35462007
"1365","1365","14462",46.465,-109.297,"176476","592949","0",2.340000000000000,02_10002686,"2",02_30,Montana,U12,,State,Paved,"2","112","3",3.000000000000000,"0",3383.954291469622603,"1",18776.306542802,-958527.067355927,831086.249579889,-966427.988039425,814053.189380901
"1366","1366","14494",49.1,-109.5,"63944","25237","0",71.450000000000003,01_25237,"1",01_47,Saskatchewan,"18",Highway 18,Provincial,Paved,"2","60","2",0.000000000000000,"0",109280.744669834151864,"1",16270.0643478155,-928983.099451419,1140588.34823579,-913056.641704154,1143914.44767908
"1367","1367","14461",48.567,-109.7,"176955","593451","0",1.500000000000000,02_10016276,"2",02_30,Montana,S232,,State,Paved,"2","88","5",0.000000000000000,"0",2264.918895917255668,"1",936.016748676429,-951683.519051609,1080493.91072023,-950749.047338882,1080547.66917924
"1368","1368","64643",47.772,-108.947,"248944","665918","0",13.230000000000000,02_12592464,"2",02_30,Montana,U191,,State,Paved,"2","112","3",7.000000000000000,"0",19672.330368359580461,"1",16782.6754948199,-912462.51238113,980353.646862807,-896410.720554744,975454.853549471
"1369","1369","69152",48.945,-110.562,"176669","29258","0",7.940000000000000,01_29258,"1",01_48,Alberta,"41",Highway 41,Provincial,Paved,"2","80","2",0.000000000000000,"1",12114.935843517059766,"1",23111.2114594277,-1004298.49051672,1133382.72449205,-981718.072662846,1138307.44018605
"1370","1370","14446",47.808,-109.59,"176081","592702","0",8.010000000000000,02_9995899,"2",02_30,Montana,S80,,State,Paved,"2","112","4",0.000000000000000,"0",11882.309130472440302,"1",52885.8339329709,-956869.35666859,990895.462075803,-1005095.5385107,969189.545469563
"1371","1371","55274",47.527,-109.498,"176194","593108","0",3.090000000000000,02_10007507,"2",02_30,Montana,S81,,State,Paved,"2","112","4",0.000000000000000,"0",4554.871674891245675,"1",33238.7407378278,-955136.87864593,957175.803262584,-973263.295407665,929314.595442096
"1372","1372","26779",48.95,-110.617,"176669","29258","0",7.940000000000000,01_29258,"1",01_48,Alberta,"41",Highway 41,Provincial,Paved,"2","80","2",0.000000000000000,"1",12114.935843517059766,"1",26518.9507548857,-1007971.28222827,1134547.77790461,-981734.901047688,1138408.74302843
"1373","1373","50907",46.4,-109.663,"176442","592783","0",13.050000000000001,02_9999340,"2",02_30,Montana,U12,,State,Paved,"2","112","3",3.000000000000000,"0",18899.550635502469959,"1",273.363355154118,-985832.285735586,827242.974277639,-985997.727842733,827025.358944714
"1374","1374","167800",46.76,-108.001,"245547","666013","0",0.940000000000000,02_12594733,"2",02_30,Montana,U12,,State,Paved,"2","112","4",0.000000000000000,"0",1371.351055500512985,"1",20927.393763946,-861233.856613384,853161.089555387,-850055.924131153,835469.011238414
"1375","1375","14482",48.933,-110.583,"176669","29258","0",7.940000000000000,01_29258,"1",01_48,Alberta,"41",Highway 41,Provincial,Paved,"2","80","2",0.000000000000000,"1",12114.935843517059766,"1",24987.902589695,-1005951.69927484,1132210.15868831,-981710.307889093,1138272.35462007
"1376","1376","142328",48.615,-109.675,"176957","593450","0",0.220000000000000,02_10016310,"2",02_30,Montana,S232,,State,Paved,"2","88","5",0.000000000000000,"0",333.079464277915065,"1",2544.4198754601,-949146.589268125,1085835.50676284,-950690.338568298,1083812.90680218
"1377","1377","206062",47.279,-108.206,"248933","665913","0",5.830000000000000,02_12591070,"2",02_30,Montana,S200,,State,Paved,"2","112","3",7.000000000000000,"0",8542.666206267525922,"1",31432.7388204473,-868001.584584992,915770.696979164,-872048.629024008,884599.580523973
"1378","1378","60518",48.538,-109.815,"176831","593361","0",0.430000000000000,02_10014265,"2",02_30,Montana,U2,,State,Paved,"2","112","3",7.000000000000000,"0",650.345613929545266,"1",2188.15085289908,-960111.529351153,1078275.00237437,-959166.342774061,1080248.48317983
"1379","1379","14449",48.983,-110.517,"176669","29258","0",7.940000000000000,01_29258,"1",01_48,Alberta,"41",Highway 41,Provincial,Paved,"2","80","2",0.000000000000000,"1",12114.935843517059766,"1",18830.7260139311,-1000537.35763572,1137325.12313055,-981742.524888793,1138487.23509881
"1380","1380","230098",47.602,-109.459,"173664","593139","0",6.170000000000000,02_10008964,"2",02_30,Montana,U191,,State,Paved,"2","56","4",10.000000000000000,"0",9090.761602848380790,"1",39948.1454221516,-951144.426743521,965538.055237395,-937960.055267852,927828.28632454
"1381","1381","50906",46.46,-109.41,"176442","592783","0",13.050000000000001,02_9999340,"2",02_30,Montana,U12,,State,Paved,"2","112","3",3.000000000000000,"0",18899.550635502469959,"1",16028.5469477642,-966701.831811193,831649.230893854,-977292.916526282,819618.30234222
"1382","1382","228490",47.74,-109.619,"176081","592702","0",8.010000000000000,02_9995899,"2",02_30,Montana,S80,,State,Paved,"2","112","4",0.000000000000000,"0",11882.309130472440302,"1",47192.0557943927,-960044.816264315,983255.156753109,-1005057.82895746,969080.573218225
"1383","1383","14490",46.1,-109.1,"246807","663204","0",2.070000000000000,02_12400664,"2",02_30,Montana,S3,,State,Paved,"2","112","3",3.000000000000000,"0",2989.724042323228787,"1",15827.8104621124,-950354.096487807,786421.124166528,-934601.538669645,787962.71626887
"1384","1384","14434",46.42,-109.27,"147752","592953","0",9.039999999999999,02_10003240,"2",02_30,Montana,U12,,State,Paved,"2","112","3",3.000000000000000,"0",13071.094664895972528,"1",13623.3121617267,-957334.752822403,825552.683789609,-952621.987941066,812770.489868803
"1385","1385","14448",48.933,-110.583,"176669","29258","0",7.940000000000000,01_29258,"1",01_48,Alberta,"41",Highway 41,Provincial,Paved,"2","80","2",0.000000000000000,"1",12114.935843517059766,"1",24987.902589695,-1005951.69927484,1132210.15868831,-981710.307889093,1138272.35462007
"1386","1386","69624",47.398,-109.651,"176194","593108","0",3.090000000000000,02_10007507,"2",02_30,Montana,S81,,State,Paved,"2","112","4",0.000000000000000,"0",4554.871674891245675,"1",15119.5181883183,-968071.965852872,943670.442848033,-974110.757335813,929809.244210381
"1387","1387","230102",48.541,-109.667,"176937","593437","0",0.110000000000000,02_10015751,"2",02_30,Montana,U2,,State,Paved,"4","40","3",7.000000000000000,"0",164.577986257771158,"1",1256.73998223161,-949846.864179779,1077133.60345816,-949573.728690093,1078360.30325323
"1387","1387","230102",48.541,-109.667,"176930","593424","0",0.120000000000000,02_10015677,"2",02_30,Montana,U2,,State,Paved,"4","40","3",7.000000000000000,"0",187.470186763548838,"2",1256.73998223161,-949846.864179779,1077133.60345816,-949573.728690093,1078360.30325323
"1388","1388","50827",48.933,-110.583,"176669","29258","0",7.940000000000000,01_29258,"1",01_48,Alberta,"41",Highway 41,Provincial,Paved,"2","80","2",0.000000000000000,"1",12114.935843517059766,"1",24987.902589695,-1005951.69927484,1132210.15868831,-981710.307889093,1138272.35462007
"1389","1389","14491",48.933,-110.583,"176669","29258","0",7.940000000000000,01_29258,"1",01_48,Alberta,"41",Highway 41,Provincial,Paved,"2","80","2",0.000000000000000,"1",12114.935843517059766,"1",24987.902589695,-1005951.69927484,1132210.15868831,-981710.307889093,1138272.35462007
"1390","1390","46123",47.899,-109,"248951","665960","0",2.160000000000000,02_12592740,"2",02_30,Montana,S66,,State,Paved,"2","88","4",0.000000000000000,"0",3220.621648636372811,"1",19436.2824268785,-914127.994465015,995693.870580168,-894696.166461396,995277.775620881
"1391","1391","69281",48.562,-107.778,"249187","666288","0",4.010000000000000,02_12605774,"2",02_30,Montana,C242,,Municipal,Paved,"2","112","3",7.000000000000000,"0",6061.468061449420020,"1",938.939866679043,-818987.181884859,1061960.13489262,-818087.742016495,1061690.66133838
"1392","1392","69213",47.719,-109.637,"176081","592702","0",8.010000000000000,02_9995899,"2",02_30,Montana,S80,,State,Paved,"2","112","4",0.000000000000000,"0",11882.309130472440302,"1",45001.7824951038,-961659.833820761,980987.480703009,-1005057.82895746,969080.573218225
"1393","1393","59217",43.636,-109.353,"147804","588910","0",10.660000000000000,02_9820514,"2",02_56,Wyoming,U26,,State,Paved,"2","104","3",7.000000000000000,"0",14690.208614164019309,"1",21154.2307925677,-1009465.6049001,500694.939879162,-1023464.67275657,484835.318837814
"1394","1394","142510",46.282,-109.51,"176472","592944","0",6.380000000000000,02_10002490,"2",02_30,Montana,U12,,State,Paved,"2","112","3",3.000000000000000,"0",9224.073998368228786,"1",5884.65576031062,-976846.933495455,811869.375341066,-974750.824471536,817368.057035546
"1395","1395","50829",48.95,-110.617,"176669","29258","0",7.940000000000000,01_29258,"1",01_48,Alberta,"41",Highway 41,Provincial,Paved,"2","80","2",0.000000000000000,"1",12114.935843517059766,"1",26518.9507548857,-1007971.28222827,1134547.77790461,-981734.901047688,1138408.74302843
"1396","1396","14435",48.917,-110.583,"176658","593285","0",3.290000000000000,02_10012426,"2",02_30,Montana,S232,,State,Paved,"2","88","5",0.000000000000000,"1",5017.826506717392476,"1",25543.0702618354,-1006240.15254398,1130349.84432996,-980790.050351882,1128172.5210162
"1397","1397","51683",46.23,-108.981,"245182","665722","0",6.830000000000000,02_12584077,"2",02_30,Montana,S3,,State,Paved,"2","72","3",3.000000000000000,"0",9884.646399571129223,"1",3478.35815399402,-939679.797123123,800441.590666083,-936228.164886124,800871.951384507
"1398","1398","23549",47.733,-108.95,"248944","665918","0",13.230000000000000,02_12592464,"2",02_30,Montana,U191,,State,Paved,"2","112","3",7.000000000000000,"0",19672.330368359580461,"1",16587.0067124531,-913298.716817723,975827.857127798,-897080.149498752,972351.240122868
"1399","1399","14447",47.794,-109.568,"176081","592702","0",8.010000000000000,02_9995899,"2",02_30,Montana,S80,,State,Paved,"2","112","4",0.000000000000000,"0",11882.309130472440302,"1",53359.0696743443,-955566.329271792,989040.181446264,-1005095.5385107,969189.545469563
"1400","1400","128560",45.82,-111.63,"172275","588011","0",1.940000000000000,02_9755147,"2",02_30,Montana,U287,,State,Paved,"2","88","4",0.000000000000000,"0",2786.743499133367095,"1",4484.77279735139,-1137793.76130072,781592.673919253,-1139960.5052459,785519.30195357
"1401","1401","50828",48.933,-110.583,"176669","29258","0",7.940000000000000,01_29258,"1",01_48,Alberta,"41",Highway 41,Provincial,Paved,"2","80","2",0.000000000000000,"1",12114.935843517059766,"1",24987.902589695,-1005951.69927484,1132210.15868831,-981710.307889093,1138272.35462007
"1402","1402","50825",48.967,-110.55,"176669","29258","0",7.940000000000000,01_29258,"1",01_48,Alberta,"41",Highway 41,Provincial,Paved,"2","80","2",0.000000000000000,"1",12114.935843517059766,"1",21503.9582083894,-1003081.68752049,1135813.56944797,-981734.901047688,1138408.74302843
"1403","1403","58156",47.772,-108.948,"248944","665918","0",13.230000000000000,02_12592464,"2",02_30,Montana,U191,,State,Paved,"2","112","3",7.000000000000000,"0",19672.330368359580461,"1",16852.4767474165,-912532.55035144,980363.272493343,-896410.720554744,975454.853549471
"1404","1404","167801",46.76,-108.001,"245547","666013","0",0.940000000000000,02_12594733,"2",02_30,Montana,U12,,State,Paved,"2","112","4",0.000000000000000,"0",1371.351055500512985,"1",20927.393763946,-861233.856613384,853161.089555387,-850055.924131153,835469.011238414
"1405","1405","14492",48.933,-110.583,"176669","29258","0",7.940000000000000,01_29258,"1",01_48,Alberta,"41",Highway 41,Provincial,Paved,"2","80","2",0.000000000000000,"1",12114.935843517059766,"1",24987.902589695,-1005951.69927484,1132210.15868831,-981710.307889093,1138272.35462007
"1406","1406","14437",46.46,-109.41,"176442","592783","0",13.050000000000001,02_9999340,"2",02_30,Montana,U12,,State,Paved,"2","112","3",3.000000000000000,"0",18899.550635502469959,"1",16028.5469477642,-966701.831811193,831649.230893854,-977292.916526282,819618.30234222
"1407","1407","14493",52.4,-109.2,"253420","26121","0",34.140000000000001,01_26121,"1",01_47,Saskatchewan,"21",Highway 21,Provincial,Paved,"2","80","2",0.000000000000000,"0",55824.403012927039526,"1",3529.44073914616,-854818.585460403,1520526.70577883,-851323.29602306,1520036.90614598
"1408","1408","14460",48.933,-110.633,"176669","29258","0",7.940000000000000,01_29258,"1",01_48,Alberta,"41",Highway 41,Provincial,Paved,"2","80","2",0.000000000000000,"1",12114.935843517059766,"1",28209.8113944032,-1009373.36607774,1132741.63341217,-981718.072662846,1138307.44018605
"1409","1409","14459",48.567,-109.7,"176955","593451","0",1.500000000000000,02_10016276,"2",02_30,Montana,S232,,State,Paved,"2","88","5",0.000000000000000,"0",2264.918895917255668,"1",936.016748676429,-951683.519051609,1080493.91072023,-950749.047338882,1080547.66917924
"1410","1410","50826",48.967,-110.933,"176657","29271","0",32.530000000000001,01_29271,"1",01_48,Alberta,"501",Highway 501,Provincial,Paved,"2","60","2",0.000000000000000,"0",49750.205365787616756,"1",38807.8505582934,-1029269.91219413,1139919.06610205,-1006549.96841931,1171381.00214902
"1410","1410","50826",48.967,-110.933,"176676","29274","0",14.890000000000001,01_29274,"1",01_48,Alberta,"889",Highway 889,Provincial,Paved,"2","60","2",0.000000000000000,"0",22865.076964170413703,"2",38807.8505582934,-1029269.91219413,1139919.06610205,-1006549.96841931,1171381.00214902
"1411","1411","142512",45.523,-104.474,"245392","668125","0",3.430000000000000,02_12819092,"2",02_30,Montana,S323,,State,Paved,"2","88","5",0.000000000000000,"0",4896.296221421626797,"1",4577.28377329971,-621979.996793175,680314.809623187,-617854.023480518,678332.923913931
"1412","1412","229841",47.868,-107.262,"248668","666636","0",4.430000000000000,02_12616042,"2",02_30,Montana,S24,,State,Paved,"2","112","4",0.000000000000000,"0",6622.673619633384078,"1",52709.6380536987,-792969.374812078,976420.81176738,-743673.718995929,995082.11561807
"1413","1413","46124",47.736,-109.618,"176081","592702","0",8.010000000000000,02_9995899,"2",02_30,Montana,S80,,State,Paved,"2","112","4",0.000000000000000,"0",11882.309130472440302,"1",47053.4303655513,-960042.314732646,982778.339030242,-1005057.82895746,969080.573218225
"1414","1414","142511",46.286,-109.318,"176478","592942","0",4.870000000000000,02_10002775,"2",02_30,Montana,U12,,State,Paved,"2","112","3",3.000000000000000,"0",7032.485602807930263,"1",1516.30626872089,-962990.264662156,810372.551132515,-962474.442259779,811798.423479455
"1415","1415","73891",48.596,-107.895,"249187","666288","0",4.010000000000000,02_12605774,"2",02_30,Montana,C242,,Municipal,Paved,"2","112","3",7.000000000000000,"0",6061.468061449420020,"1",9977.5332790782,-826579.333724679,1066947.34950891,-818052.013393257,1061767.00412463
"1416","1416","50909",46.1,-109.11,"246807","663204","0",2.070000000000000,02_12400664,"2",02_30,Montana,S3,,State,Paved,"2","112","3",3.000000000000000,"0",2989.724042323228787,"1",16536.1727013296,-951074.928701396,786521.411853213,-934607.95541923,788032.636036658
"1417","1417","156538",47.719,-109.637,"176081","592702","0",8.010000000000000,02_9995899,"2",02_30,Montana,S80,,State,Paved,"2","112","4",0.000000000000000,"0",11882.309130472440302,"1",45001.7824951038,-961659.833820761,980987.480703009,-1005057.82895746,969080.573218225
"1418","1418","128455",47.88,-110.363,"176100","592737","0",0.260000000000000,02_9996831,"2",02_30,Montana,U87,,State,Paved,"3","112","3",7.000000000000000,"0",389.119715110398090,"1",11841.642746914,-1009609.48451116,1007307.54818275,-1018735.92911286,1014852.91178417
"1418","1418","128455",47.88,-110.363,"176389","592738","0",0.220000000000000,02_9996852,"2",02_30,Montana,U87,,State,Paved,"3","112","3",7.000000000000000,"0",332.356342023110983,"2",11841.642746914,-1009609.48451116,1007307.54818275,-1018735.92911286,1014852.91178417
"1419","1419","231025",47.576,-109.407,"173664","593139","0",6.170000000000000,02_10008964,"2",02_30,Montana,U191,,State,Paved,"2","56","4",10.000000000000000,"0",9090.761602848380790,"1",35529.9342099184,-947926.303432052,961982.247587412,-935827.246427664,928575.825382008
"1420","1420","142509",45.326,-104.034,"250711","668116","0",9.920000000000000,02_12820927,"2",02_30,Montana,S323,,State,Paved,"2","88","5",0.000000000000000,"0",14079.772774550909162,"1",24140.3687864764,-591734.269937102,654310.746016923,-611469.903815585,640408.869864348
"1421","1421","46122",47.772,-108.947,"248944","665918","0",13.230000000000000,02_12592464,"2",02_30,Montana,U191,,State,Paved,"2","112","3",7.000000000000000,"0",19672.330368359580461,"1",16782.6754948199,-912462.51238113,980353.646862807,-896410.720554744,975454.853549471
"1422","1422","64788",48.568,-109.987,"176806","593339","0",2.360000000000000,02_10013487,"2",02_30,Montana,U2,,State,Paved,"2","112","3",7.000000000000000,"0",3563.083088429855252,"1",129.111118469063,-971459.560067911,1083521.52059907,-971478.087725138,1083393.74577044
"1423","1423","177026",46.282,-109.51,"176472","592944","0",6.380000000000000,02_10002490,"2",02_30,Montana,U12,,State,Paved,"2","112","3",3.000000000000000,"0",9224.073998368228786,"1",5884.65576031062,-976846.933495455,811869.375341066,-974750.824471536,817368.057035546
"1424","1424","48620",47.776,-109.378,"248944","665918","0",13.230000000000000,02_12592464,"2",02_30,Montana,U191,,State,Paved,"2","112","3",7.000000000000000,"0",19672.330368359580461,"1",47141.4236566594,-942573.044126431,985037.577591505,-896478.750783338,975156.790903313
"1425","1425","140916",48.656,-110.105,"176656","593144","0",0.790000000000000,02_10012416,"2",02_30,Montana,U2,,State,Paved,"2","112","3",7.000000000000000,"0",1185.673641287186001,"1",10514.9245240577,-978059.123784309,1094981.1944692,-979602.517050141,1084580.15726258
"1426","1426","49001",47.766,-108.949,"248944","665918","0",13.230000000000000,02_12592464,"2",02_30,Montana,U191,,State,Paved,"2","112","3",7.000000000000000,"0",19672.330368359580461,"1",16824.6451221655,-912698.900268451,979672.195760272,-896424.641742226,975404.035394447
"1427","1427","61452",46.242,-109.592,"176472","592944","0",6.380000000000000,02_10002490,"2",02_30,Montana,U12,,State,Paved,"2","112","3",3.000000000000000,"0",9224.073998368228786,"1",12637.2021923202,-983410.310569257,808042.110659872,-975181.191472152,817632.75600496
"1428","1428","14468",48.933,-110.65,"176669","29258","0",7.940000000000000,01_29258,"1",01_48,Alberta,"41",Highway 41,Provincial,Paved,"2","80","2",0.000000000000000,"1",12114.935843517059766,"1",29317.3399186602,-1010536.6688737,1132922.74591969,-981718.072662846,1138307.44018605
"1429","1429","50830",48.983,-110.45,"176669","29258","0",7.940000000000000,01_29258,"1",01_48,Alberta,"41",Highway 41,Provincial,Paved,"2","80","2",0.000000000000000,"1",12114.935843517059766,"1",14332.707917032,-995955.501960473,1136619.60191766,-981734.901047688,1138408.74302843
"1430","1430","177030",47.766,-108.949,"248944","665918","0",13.230000000000000,02_12592464,"2",02_30,Montana,U191,,State,Paved,"2","112","3",7.000000000000000,"0",19672.330368359580461,"1",16824.6451221655,-912698.900268451,979672.195760272,-896424.641742226,975404.035394447
"1431","1431","14432",47.7,-110.7,"176295","592627","0",1.880000000000000,02_9993538,"2",02_30,Montana,S80,,State,Paved,"2","112","4",0.000000000000000,"0",2794.718663550570909,"1",13555.7588285129,-1036387.07263888,989974.873674424,-1031599.69763809,1002657.13049325
"1432","1432","51682",46.436,-109.834,"176446","592831","0",0.110000000000000,02_9999437,"2",02_30,Montana,U12,,State,Paved,"2","112","4",0.000000000000000,"0",157.588602962744915,"1",86.6156269936298,-997465.307443947,833237.451722309,-997498.399166995,833317.496739051
"1433","1433","14457",46.1,-109.1,"246807","663204","0",2.070000000000000,02_12400664,"2",02_30,Montana,S3,,State,Paved,"2","112","3",3.000000000000000,"0",2989.724042323228787,"1",15827.8104621124,-950354.096487807,786421.124166528,-934601.538669645,787962.71626887
"1434","1434","227264",48.562,-107.778,"249187","666288","0",4.010000000000000,02_12605774,"2",02_30,Montana,C242,,Municipal,Paved,"2","112","3",7.000000000000000,"0",6061.468061449420020,"1",938.939866679043,-818987.181884859,1061960.13489262,-818087.742016495,1061690.66133838
"1435","1435","14452",48.933,-110.567,"176669","29258","0",7.940000000000000,01_29258,"1",01_48,Alberta,"41",Highway 41,Provincial,Paved,"2","80","2",0.000000000000000,"1",12114.935843517059766,"1",23970.3508166635,-1004856.70674982,1132040.46793802,-981697.10287343,1138221.92946119
"1436","1436","190394",48.575,-109.733,"176886","593388","0",0.490000000000000,02_10014848,"2",02_30,Montana,U2,,State,Paved,"4","72","3",7.000000000000000,"0",739.185786197150492,"1",2170.00803671017,-953823.889207483,1081757.60012629,-953771.049810521,1079588.23550099
"1437","1437","229345",48.406,-106.869,"248633","667365","0",4.950000000000000,02_12637319,"2",02_30,Montana,U2,,State,Paved,"2","112","3",7.000000000000000,"0",7434.107944214842973,"1",2144.84990748563,-758169.921569815,1036160.05260687,-759112.86617423,1034233.59560018
"1438","1438","142506",48.615,-109.675,"176957","593450","0",0.220000000000000,02_10016310,"2",02_30,Montana,S232,,State,Paved,"2","88","5",0.000000000000000,"0",333.079464277915065,"1",2544.4198754601,-949146.589268125,1085835.50676284,-950690.338568298,1083812.90680218
"1439","1439","167804",48.572,-107.738,"249187","666288","0",4.010000000000000,02_12605774,"2",02_30,Montana,C242,,Municipal,Paved,"2","112","3",7.000000000000000,"0",6061.468061449420020,"1",639.752541600362,-816074.614467418,1062783.48453747,-816500.002484121,1063261.32169564
"1440","1440","167802",46.76,-108.001,"245547","666013","0",0.940000000000000,02_12594733,"2",02_30,Montana,U12,,State,Paved,"2","112","4",0.000000000000000,"0",1371.351055500512985,"1",20927.393763946,-861233.856613384,853161.089555387,-850055.924131153,835469.011238414
"1441","1441","222122",46.35,-109.22,"147752","592953","0",9.039999999999999,02_10003240,"2",02_30,Montana,U12,,State,Paved,"2","112","3",3.000000000000000,"0",13071.094664895972528,"1",4677.02918079231,-954899.892223748,816864.142086013,-952711.553757251,812730.647594177
"1442","1442","23551",47.717,-108.9,"248944","665918","0",13.230000000000000,02_12592464,"2",02_30,Montana,U191,,State,Paved,"2","112","3",7.000000000000000,"0",19672.330368359580461,"1",12918.1650084757,-910050.183842451,973478.288218752,-897418.963968992,970770.656099255
"1443","1443","46121",47.74,-109.619,"176081","592702","0",8.010000000000000,02_9995899,"2",02_30,Montana,S80,,State,Paved,"2","112","4",0.000000000000000,"0",11882.309130472440302,"1",47192.0557943927,-960044.816264315,983255.156753109,-1005057.82895746,969080.573218225
"1444","1444","14445",48.567,-109.683,"176954","593453","0",0.770000000000000,02_10016245,"2",02_30,Montana,S232,,State,Paved,"2","88","5",0.000000000000000,"0",1168.450881921928158,"1",216.286662251153,-950510.815280517,1080323.35303216,-950724.815326012,1080291.98583918
"1445","1445","14483",48.933,-110.583,"176669","29258","0",7.940000000000000,01_29258,"1",01_48,Alberta,"41",Highway 41,Provincial,Paved,"2","80","2",0.000000000000000,"1",12114.935843517059766,"1",24987.902589695,-1005951.69927484,1132210.15868831,-981710.307889093,1138272.35462007
"1446","1446","216964",48.406,-106.869,"248633","667365","0",4.950000000000000,02_12637319,"2",02_30,Montana,U2,,State,Paved,"2","112","3",7.000000000000000,"0",7434.107944214842973,"1",2144.84990748563,-758169.921569815,1036160.05260687,-759112.86617423,1034233.59560018
"1447","1447","194654",48.998,-110.541,"176669","29258","0",7.940000000000000,01_29258,"1",01_48,Alberta,"41",Highway 41,Provincial,Paved,"2","80","2",0.000000000000000,"1",12114.935843517059766,"1",20175.7643708122,-1001908.8790138,1139322.58365816,-981745.16351939,1138625.41408973
"1448","1448","177027",46.1,-109.1,"246807","663204","0",2.070000000000000,02_12400664,"2",02_30,Montana,S3,,State,Paved,"2","112","3",3.000000000000000,"0",2989.724042323228787,"1",15827.8104621124,-950354.096487807,786421.124166528,-934601.538669645,787962.71626887
"1449","1449","142495",47.943,-109.665,"176045","592775","0",0.190000000000000,02_9998178,"2",02_30,Montana,U87,,State,Paved,"2","112","3",7.000000000000000,"0",284.520964770727858,"1",41951.53679568,-959827.88110026,1007401.16974801,-986924.778749437,1039427.55851273
"1450","1450","230886",37.4,-111.2,"156444","572988","0",4.480000000000002,02_8749118,"2",02_49,Utah,S276,,State,Paved,"2","88","4",0.000000000000000,"0",5654.113894598596744,"1",41023.7220604064,-1265423.10580526,-204520.531550359,-1224402.71821272,-203997.489059399
"1451","1451","187680",37.459,-111.341,"149058","563425","0",17.059999999999999,02_8821894,"2",02_49,Utah,S12,,State,Paved,"2","48","4",0.000000000000000,"0",21594.362055999205040,"1",34520.5917938649,-1275942.03844358,-195785.45437878,-1279767.4802327,-161477.477858491
"1452","1452","14466",37.4,-111.2,"156444","572988","0",4.480000000000002,02_8749118,"2",02_49,Utah,S276,,State,Paved,"2","88","4",0.000000000000000,"0",5654.113894598596744,"1",41023.7220604064,-1265423.10580526,-204520.531550359,-1224402.71821272,-203997.489059399
"1453","1453","75846",37.8,-111.5,"149058","563425","0",17.059999999999999,02_8821894,"2",02_49,Utah,S12,,State,Paved,"2","48","4",0.000000000000000,"0",21594.362055999205040,"1",6079.99803120533,-1282522.45671374,-154074.416813253,-1282531.01909798,-160154.408815307
"1454","1454","187678",37.746,-111.61,"148945","563439","0",81.909999999999997,02_8622406,"2",02_49,Utah,S12,,State,Paved,"2","96","4",0.000000000000000,"0",103541.068510340614012,"1",2874.3494320392,-1292583.14587815,-158845.913467128,-1292007.39053178,-156029.818575511
"1455","1455","69799",37.629,-111.86,"148945","563439","0",81.909999999999997,02_8622406,"2",02_49,Utah,S12,,State,Paved,"2","96","4",0.000000000000000,"0",103541.068510340614012,"1",743.817157954208,-1315383.43616202,-168976.189858375,-1315228.32876307,-169703.655087274
"1456","1456","75835",37.4,-111.2,"156444","572988","0",4.480000000000002,02_8749118,"2",02_49,Utah,S276,,State,Paved,"2","88","4",0.000000000000000,"0",5654.113894598596744,"1",41023.7220604064,-1265423.10580526,-204520.531550359,-1224402.71821272,-203997.489059399
"1457","1457","196592",37.688,-111.446,"149058","563425","0",17.059999999999999,02_8821894,"2",02_49,Utah,S12,,State,Paved,"2","48","4",0.000000000000000,"0",21594.362055999205040,"1",6340.16148440536,-1280230.59450028,-167800.702733783,-1279767.4802327,-161477.477858491
"1458","1458","187713",37.819,-111.4,"149059","573357","0",18.280000000000001,02_8822493,"2",02_49,Utah,S12,,State,Paved,"2","40","4",0.000000000000000,"0",23179.925994113669731,"1",906.655292709095,-1273959.84488865,-153217.72525362,-1274830.03803392,-153472.259553328
"1459","1459","187688",37.42,-111.793,"148945","563439","0",81.909999999999997,02_8622406,"2",02_49,Utah,S12,,State,Paved,"2","96","4",0.000000000000000,"0",103541.068510340614012,"1",23196.7143583461,-1313952.57661329,-194133.640682674,-1321704.85064437,-172270.662743478
"1460","1460","97800",37.559,-111.745,"148945","563439","0",81.909999999999997,02_8622406,"2",02_49,Utah,S12,,State,Paved,"2","96","4",0.000000000000000,"0",103541.068510340614012,"1",11787.5656978127,-1307294.50354102,-178683.004546232,-1314848.92804621,-169634.392747967
"1461","1461","75836",37.416,-111.766,"148945","563439","0",81.909999999999997,02_8622406,"2",02_49,Utah,S12,,State,Paved,"2","96","4",0.000000000000000,"0",103541.068510340614012,"1",24765.4198313685,-1311804.81768694,-194971.221478138,-1321704.85064437,-172270.662743478
"1462","1462","187715",37.301,-112.425,"148925","572493","0",14.039999999999999,02_8583450,"2",02_49,Utah,U89,,State,Paved,"3","72","3",7.000000000000000,"0",17674.826068688929809,"1",14502.9312947612,-1368428.11666529,-198976.521996259,-1382431.71530445,-195203.692647606
"1463","1463","75850",37.202,-112.88,"148906","572491","0",4.140000000000000,02_8573091,"2",02_49,Utah,S9,,State,Paved,"2","56","3",7.000000000000000,"0",5204.088876624592558,"1",2829.60726732081,-1408000.32238178,-203767.527752447,-1408490.80882744,-200980.755365993
"1464","1464","58520",37.647,-111.862,"148945","563439","0",81.909999999999997,02_8622406,"2",02_49,Utah,S12,,State,Paved,"2","96","4",0.000000000000000,"0",103541.068510340614012,"1",1406.42681486234,-1315195.27593723,-166861.52560211,-1313833.39739177,-167212.699651521
"1465","1465","187714",37.301,-112.425,"148925","572493","0",14.039999999999999,02_8583450,"2",02_49,Utah,U89,,State,Paved,"3","72","3",7.000000000000000,"0",17674.826068688929809,"1",14502.9312947612,-1368428.11666529,-198976.521996259,-1382431.71530445,-195203.692647606
"1466","1466","181392",37.439,-111.801,"148945","563439","0",81.909999999999997,02_8622406,"2",02_49,Utah,S12,,State,Paved,"2","96","4",0.000000000000000,"0",103541.068510340614012,"1",20925.9330098123,-1314241.47138683,-191820.410629045,-1321704.85064437,-172270.662743478
"1467","1467","205766",37.53,-111.762,"148945","563439","0",81.909999999999997,02_8622406,"2",02_49,Utah,S12,,State,Paved,"2","96","4",0.000000000000000,"0",103541.068510340614012,"1",13386.9939916122,-1309257.2313685,-181810.765227077,-1314902.93916614,-169672.495515328
"1468","1468","187687",37.42,-111.793,"148945","563439","0",81.909999999999997,02_8622406,"2",02_49,Utah,S12,,State,Paved,"2","96","4",0.000000000000000,"0",103541.068510340614012,"1",23196.7143583461,-1313952.57661329,-194133.640682674,-1321704.85064437,-172270.662743478
"1469","1469","172613",37.667,-111.733,"148945","563439","0",81.909999999999997,02_8622406,"2",02_49,Utah,S12,,State,Paved,"2","96","4",0.000000000000000,"0",103541.068510340614012,"1",6110.10808567246,-1304209.54681732,-166324.610004555,-1308628.32758869,-162104.681413554
"1470","1470","14467",37.8,-111.5,"149058","563425","0",17.059999999999999,02_8821894,"2",02_49,Utah,S12,,State,Paved,"2","48","4",0.000000000000000,"0",21594.362055999205040,"1",6079.99803120533,-1282522.45671374,-154074.416813253,-1282531.01909798,-160154.408815307
"1471","1471","192254",37.8,-111.5,"149058","563425","0",17.059999999999999,02_8821894,"2",02_49,Utah,S12,,State,Paved,"2","48","4",0.000000000000000,"0",21594.362055999205040,"1",6079.99803120533,-1282522.45671374,-154074.416813253,-1282531.01909798,-160154.408815307
"1472","1472","187674",37.746,-111.61,"148945","563439","0",81.909999999999997,02_8622406,"2",02_49,Utah,S12,,State,Paved,"2","96","4",0.000000000000000,"0",103541.068510340614012,"1",2874.3494320392,-1292583.14587815,-158845.913467128,-1292007.39053178,-156029.818575511
"1473","1473","132512",37.667,-111.733,"148945","563439","0",81.909999999999997,02_8622406,"2",02_49,Utah,S12,,State,Paved,"2","96","4",0.000000000000000,"0",103541.068510340614012,"1",6110.10808567246,-1304209.54681732,-166324.610004555,-1308628.32758869,-162104.681413554
"1474","1474","75838",37.4,-111.2,"156444","572988","0",4.480000000000002,02_8749118,"2",02_49,Utah,S276,,State,Paved,"2","88","4",0.000000000000000,"0",5654.113894598596744,"1",41023.7220604064,-1265423.10580526,-204520.531550359,-1224402.71821272,-203997.489059399
"1475","1475","187691",37.42,-111.793,"148945","563439","0",81.909999999999997,02_8622406,"2",02_49,Utah,S12,,State,Paved,"2","96","4",0.000000000000000,"0",103541.068510340614012,"1",23196.7143583461,-1313952.57661329,-194133.640682674,-1321704.85064437,-172270.662743478
"1476","1476","187685",37.42,-111.793,"148945","563439","0",81.909999999999997,02_8622406,"2",02_49,Utah,S12,,State,Paved,"2","96","4",0.000000000000000,"0",103541.068510340614012,"1",23196.7143583461,-1313952.57661329,-194133.640682674,-1321704.85064437,-172270.662743478
"1477","1477","192253",37.8,-111.5,"149058","563425","0",17.059999999999999,02_8821894,"2",02_49,Utah,S12,,State,Paved,"2","48","4",0.000000000000000,"0",21594.362055999205040,"1",6079.99803120533,-1282522.45671374,-154074.416813253,-1282531.01909798,-160154.408815307
"1478","1478","176982",37.452,-111.532,"149058","563425","0",17.059999999999999,02_8821894,"2",02_49,Utah,S12,,State,Paved,"2","48","4",0.000000000000000,"0",21594.362055999205040,"1",32283.3795765769,-1291820.58916291,-194010.631646575,-1286079.48303371,-162241.837251782
"1479","1479","187702",37.301,-112.425,"148925","572493","0",14.039999999999999,02_8583450,"2",02_49,Utah,U89,,State,Paved,"3","72","3",7.000000000000000,"0",17674.826068688929809,"1",14502.9312947612,-1368428.11666529,-198976.521996259,-1382431.71530445,-195203.692647606
"1480","1480","187677",37.746,-111.61,"148945","563439","0",81.909999999999997,02_8622406,"2",02_49,Utah,S12,,State,Paved,"2","96","4",0.000000000000000,"0",103541.068510340614012,"1",2874.3494320392,-1292583.14587815,-158845.913467128,-1292007.39053178,-156029.818575511
"1481","1481","187693",37.42,-111.793,"148945","563439","0",81.909999999999997,02_8622406,"2",02_49,Utah,S12,,State,Paved,"2","96","4",0.000000000000000,"0",103541.068510340614012,"1",23196.7143583461,-1313952.57661329,-194133.640682674,-1321704.85064437,-172270.662743478
"1482","1482","97806",37.469,-111.697,"148945","563439","0",81.909999999999997,02_8622406,"2",02_49,Utah,S12,,State,Paved,"2","96","4",0.000000000000000,"0",103541.068510340614012,"1",22373.8612842211,-1305089.5425953,-189779.382805732,-1314902.93916614,-169672.495515328
"1483","1483","187686",37.42,-111.793,"148945","563439","0",81.909999999999997,02_8622406,"2",02_49,Utah,S12,,State,Paved,"2","96","4",0.000000000000000,"0",103541.068510340614012,"1",23196.7143583461,-1313952.57661329,-194133.640682674,-1321704.85064437,-172270.662743478
"1484","1484","232050",37.667,-111.733,"148945","563439","0",81.909999999999997,02_8622406,"2",02_49,Utah,S12,,State,Paved,"2","96","4",0.000000000000000,"0",103541.068510340614012,"1",6110.10808567246,-1304209.54681732,-166324.610004555,-1308628.32758869,-162104.681413554
"1485","1485","217077",37.452,-111.532,"149058","563425","0",17.059999999999999,02_8821894,"2",02_49,Utah,S12,,State,Paved,"2","48","4",0.000000000000000,"0",21594.362055999205040,"1",32283.3795765769,-1291820.58916291,-194010.631646575,-1286079.48303371,-162241.837251782
"1486","1486","187676",37.746,-111.61,"148945","563439","0",81.909999999999997,02_8622406,"2",02_49,Utah,S12,,State,Paved,"2","96","4",0.000000000000000,"0",103541.068510340614012,"1",2874.3494320392,-1292583.14587815,-158845.913467128,-1292007.39053178,-156029.818575511
"1487","1487","187675",37.49,-112.17,"148945","563439","0",81.909999999999997,02_8622406,"2",02_49,Utah,S12,,State,Paved,"2","96","4",0.000000000000000,"0",103541.068510340614012,"1",13378.9535596295,-1343620.49180721,-180737.694220203,-1332611.4598434,-173135.220045921
"1488","1488","75849",37.202,-112.88,"148906","572491","0",4.140000000000000,02_8573091,"2",02_49,Utah,S9,,State,Paved,"2","56","3",7.000000000000000,"0",5204.088876624592558,"1",2829.60726732081,-1408000.32238178,-203767.527752447,-1408490.80882744,-200980.755365993
"1489","1489","131868",37.625,-111.856,"148945","563439","0",81.909999999999997,02_8622406,"2",02_49,Utah,S12,,State,Paved,"2","96","4",0.000000000000000,"0",103541.068510340614012,"1",199.247652953525,-1315133.08627342,-169495.439689678,-1315127.90213218,-169694.619889213
"1490","1490","187682",37.42,-111.793,"148945","563439","0",81.909999999999997,02_8622406,"2",02_49,Utah,S12,,State,Paved,"2","96","4",0.000000000000000,"0",103541.068510340614012,"1",23196.7143583461,-1313952.57661329,-194133.640682674,-1321704.85064437,-172270.662743478
"1491","1491","187683",37.42,-111.793,"148945","563439","0",81.909999999999997,02_8622406,"2",02_49,Utah,S12,,State,Paved,"2","96","4",0.000000000000000,"0",103541.068510340614012,"1",23196.7143583461,-1313952.57661329,-194133.640682674,-1321704.85064437,-172270.662743478
"1492","1492","187661",37.746,-111.61,"148945","563439","0",81.909999999999997,02_8622406,"2",02_49,Utah,S12,,State,Paved,"2","96","4",0.000000000000000,"0",103541.068510340614012,"1",2874.3494320392,-1292583.14587815,-158845.913467128,-1292007.39053178,-156029.818575511
"1493","1493","97811",37.42,-111.734,"148945","563439","0",81.909999999999997,02_8622406,"2",02_49,Utah,S12,,State,Paved,"2","96","4",0.000000000000000,"0",103541.068510340614012,"1",25903.8240014919,-1309089.11212077,-194949.893536726,-1321177.5142073,-172039.663662397
"1494","1494","187679",37.621,-111.795,"148945","563439","0",81.909999999999997,02_8622406,"2",02_49,Utah,S12,,State,Paved,"2","96","4",0.000000000000000,"0",103541.068510340614012,"1",4329.04007546187,-1310198.6033455,-170803.875631262,-1313766.92926492,-168352.827262136
"1495","1495","97805",37.491,-111.721,"148945","563439","0",81.909999999999997,02_8622406,"2",02_49,Utah,S12,,State,Paved,"2","96","4",0.000000000000000,"0",103541.068510340614012,"1",19105.0134779375,-1306639.74708048,-186898.092647147,-1314902.93916614,-169672.495515328
"1496","1496","187710",37.843,-111.284,"149059","573357","0",18.280000000000001,02_8822493,"2",02_49,Utah,S12,,State,Paved,"2","40","4",0.000000000000000,"0",23179.925994113669731,"1",10674.6327275915,-1263994.24715034,-151984.54059175,-1274313.31184816,-154716.698645593
"1497","1497","192256",37.469,-111.697,"148945","563439","0",81.909999999999997,02_8622406,"2",02_49,Utah,S12,,State,Paved,"2","96","4",0.000000000000000,"0",103541.068510340614012,"1",22373.8612842211,-1305089.5425953,-189779.382805732,-1314902.93916614,-169672.495515328
"1498","1498","140241",37.629,-111.86,"148945","563439","0",81.909999999999997,02_8622406,"2",02_49,Utah,S12,,State,Paved,"2","96","4",0.000000000000000,"0",103541.068510340614012,"1",743.817157954208,-1315383.43616202,-168976.189858375,-1315228.32876307,-169703.655087274
"1499","1499","97802",37.53,-111.762,"148945","563439","0",81.909999999999997,02_8622406,"2",02_49,Utah,S12,,State,Paved,"2","96","4",0.000000000000000,"0",103541.068510340614012,"1",13386.9939916122,-1309257.2313685,-181810.765227077,-1314902.93916614,-169672.495515328
"1500","1500","187712",37.843,-111.284,"149059","573357","0",18.280000000000001,02_8822493,"2",02_49,Utah,S12,,State,Paved,"2","40","4",0.000000000000000,"0",23179.925994113669731,"1",10674.6327275915,-1263994.24715034,-151984.54059175,-1274313.31184816,-154716.698645593
"1501","1501","187684",37.42,-111.793,"148945","563439","0",81.909999999999997,02_8622406,"2",02_49,Utah,S12,,State,Paved,"2","96","4",0.000000000000000,"0",103541.068510340614012,"1",23196.7143583461,-1313952.57661329,-194133.640682674,-1321704.85064437,-172270.662743478
"1502","1502","187699",37.746,-111.61,"148945","563439","0",81.909999999999997,02_8622406,"2",02_49,Utah,S12,,State,Paved,"2","96","4",0.000000000000000,"0",103541.068510340614012,"1",2874.3494320392,-1292583.14587815,-158845.913467128,-1292007.39053178,-156029.818575511
"1503","1503","230166",37.469,-111.697,"148945","563439","0",81.909999999999997,02_8622406,"2",02_49,Utah,S12,,State,Paved,"2","96","4",0.000000000000000,"0",103541.068510340614012,"1",22373.8612842211,-1305089.5425953,-189779.382805732,-1314902.93916614,-169672.495515328
"1504","1504","187706",37.301,-112.425,"148925","572493","0",14.039999999999999,02_8583450,"2",02_49,Utah,U89,,State,Paved,"3","72","3",7.000000000000000,"0",17674.826068688929809,"1",14502.9312947612,-1368428.11666529,-198976.521996259,-1382431.71530445,-195203.692647606
"1505","1505","187698",37.49,-111.716,"148945","563439","0",81.909999999999997,02_8622406,"2",02_49,Utah,S12,,State,Paved,"2","96","4",0.000000000000000,"0",103541.068510340614012,"1",19443.3045449924,-1306247.38948556,-187082.939259136,-1314902.93916614,-169672.495515328
"1506","1506","187681",37.459,-111.341,"149058","563425","0",17.059999999999999,02_8821894,"2",02_49,Utah,S12,,State,Paved,"2","48","4",0.000000000000000,"0",21594.362055999205040,"1",34520.5917938649,-1275942.03844358,-195785.45437878,-1279767.4802327,-161477.477858491
"1507","1507","187709",37.63,-111.873,"148945","563439","0",81.909999999999997,02_8622406,"2",02_49,Utah,S12,,State,Paved,"2","96","4",0.000000000000000,"0",103541.068510340614012,"1",1060.12528410158,-1316431.9330926,-168679.798997054,-1316278.40379257,-169728.748172193
"1508","1508","187700",37.746,-111.61,"148945","563439","0",81.909999999999997,02_8622406,"2",02_49,Utah,S12,,State,Paved,"2","96","4",0.000000000000000,"0",103541.068510340614012,"1",2874.3494320392,-1292583.14587815,-158845.913467128,-1292007.39053178,-156029.818575511
"1509","1509","97810",37.469,-111.697,"148945","563439","0",81.909999999999997,02_8622406,"2",02_49,Utah,S12,,State,Paved,"2","96","4",0.000000000000000,"0",103541.068510340614012,"1",22373.8612842211,-1305089.5425953,-189779.382805732,-1314902.93916614,-169672.495515328
"1510","1510","187697",37.746,-111.61,"148945","563439","0",81.909999999999997,02_8622406,"2",02_49,Utah,S12,,State,Paved,"2","96","4",0.000000000000000,"0",103541.068510340614012,"1",2874.3494320392,-1292583.14587815,-158845.913467128,-1292007.39053178,-156029.818575511
"1511","1511","187657",37.42,-111.793,"148945","563439","0",81.909999999999997,02_8622406,"2",02_49,Utah,S12,,State,Paved,"2","96","4",0.000000000000000,"0",103541.068510340614012,"1",23196.7143583461,-1313952.57661329,-194133.640682674,-1321704.85064437,-172270.662743478
"1512","1512","52060",37.678,-111.777,"148945","563439","0",81.909999999999997,02_8622406,"2",02_49,Utah,S12,,State,Paved,"2","96","4",0.000000000000000,"0",103541.068510340614012,"1",2494.65971346427,-1307609.02446332,-164442.833860865,-1309013.8564438,-162381.335815125
"1513","1513","187705",37.301,-112.425,"148925","572493","0",14.039999999999999,02_8583450,"2",02_49,Utah,U89,,State,Paved,"3","72","3",7.000000000000000,"0",17674.826068688929809,"1",14502.9312947612,-1368428.11666529,-198976.521996259,-1382431.71530445,-195203.692647606
"1514","1514","187690",37.42,-111.793,"148945","563439","0",81.909999999999997,02_8622406,"2",02_49,Utah,S12,,State,Paved,"2","96","4",0.000000000000000,"0",103541.068510340614012,"1",23196.7143583461,-1313952.57661329,-194133.640682674,-1321704.85064437,-172270.662743478
"1515","1515","187689",37.42,-111.793,"148945","563439","0",81.909999999999997,02_8622406,"2",02_49,Utah,S12,,State,Paved,"2","96","4",0.000000000000000,"0",103541.068510340614012,"1",23196.7143583461,-1313952.57661329,-194133.640682674,-1321704.85064437,-172270.662743478
"1516","1516","97804",37.532,-111.701,"148945","563439","0",81.909999999999997,02_8622406,"2",02_49,Utah,S12,,State,Paved,"2","96","4",0.000000000000000,"0",103541.068510340614012,"1",16640.4734484685,-1304198.06104885,-182419.712016325,-1314848.92804621,-169634.392747967
"1517","1517","75847",37.8,-111.5,"149058","563425","0",17.059999999999999,02_8821894,"2",02_49,Utah,S12,,State,Paved,"2","48","4",0.000000000000000,"0",21594.362055999205040,"1",6079.99803120533,-1282522.45671374,-154074.416813253,-1282531.01909798,-160154.408815307
"1518","1518","187660",37.746,-111.61,"148945","563439","0",81.909999999999997,02_8622406,"2",02_49,Utah,S12,,State,Paved,"2","96","4",0.000000000000000,"0",103541.068510340614012,"1",2874.3494320392,-1292583.14587815,-158845.913467128,-1292007.39053178,-156029.818575511
"1519","1519","230165",37.629,-111.86,"148945","563439","0",81.909999999999997,02_8622406,"2",02_49,Utah,S12,,State,Paved,"2","96","4",0.000000000000000,"0",103541.068510340614012,"1",743.817157954208,-1315383.43616202,-168976.189858375,-1315228.32876307,-169703.655087274
"1520","1520","187673",37.746,-111.61,"148945","563439","0",81.909999999999997,02_8622406,"2",02_49,Utah,S12,,State,Paved,"2","96","4",0.000000000000000,"0",103541.068510340614012,"1",2874.3494320392,-1292583.14587815,-158845.913467128,-1292007.39053178,-156029.818575511
"1521","1521","97808",37.469,-111.697,"148945","563439","0",81.909999999999997,02_8622406,"2",02_49,Utah,S12,,State,Paved,"2","96","4",0.000000000000000,"0",103541.068510340614012,"1",22373.8612842211,-1305089.5425953,-189779.382805732,-1314902.93916614,-169672.495515328
"1522","1522","187696",37.746,-111.61,"148945","563439","0",81.909999999999997,02_8622406,"2",02_49,Utah,S12,,State,Paved,"2","96","4",0.000000000000000,"0",103541.068510340614012,"1",2874.3494320392,-1292583.14587815,-158845.913467128,-1292007.39053178,-156029.818575511
"1523","1523","230869",37.459,-111.341,"149058","563425","0",17.059999999999999,02_8821894,"2",02_49,Utah,S12,,State,Paved,"2","48","4",0.000000000000000,"0",21594.362055999205040,"1",34520.5917938649,-1275942.03844358,-195785.45437878,-1279767.4802327,-161477.477858491
"1524","1524","131870",37.647,-111.862,"148945","563439","0",81.909999999999997,02_8622406,"2",02_49,Utah,S12,,State,Paved,"2","96","4",0.000000000000000,"0",103541.068510340614012,"1",1406.42681486234,-1315195.27593723,-166861.52560211,-1313833.39739177,-167212.699651521
"1525","1525","187672",37.715,-111.783,"148945","563439","0",81.909999999999997,02_8622406,"2",02_49,Utah,S12,,State,Paved,"2","96","4",0.000000000000000,"0",103541.068510340614012,"1",164.671845485484,-1307380.66206575,-160069.278842161,-1307508.45490516,-159965.424102784
"1526","1526","97801",37.559,-111.745,"148945","563439","0",81.909999999999997,02_8622406,"2",02_49,Utah,S12,,State,Paved,"2","96","4",0.000000000000000,"0",103541.068510340614012,"1",11787.5656978127,-1307294.50354102,-178683.004546232,-1314848.92804621,-169634.392747967
"1527","1527","187711",37.843,-111.284,"149059","573357","0",18.280000000000001,02_8822493,"2",02_49,Utah,S12,,State,Paved,"2","40","4",0.000000000000000,"0",23179.925994113669731,"1",10674.6327275915,-1263994.24715034,-151984.54059175,-1274313.31184816,-154716.698645593
"1528","1528","97809",37.469,-111.697,"148945","563439","0",81.909999999999997,02_8622406,"2",02_49,Utah,S12,,State,Paved,"2","96","4",0.000000000000000,"0",103541.068510340614012,"1",22373.8612842211,-1305089.5425953,-189779.382805732,-1314902.93916614,-169672.495515328
"1529","1529","187695",37.746,-111.61,"148945","563439","0",81.909999999999997,02_8622406,"2",02_49,Utah,S12,,State,Paved,"2","96","4",0.000000000000000,"0",103541.068510340614012,"1",2874.3494320392,-1292583.14587815,-158845.913467128,-1292007.39053178,-156029.818575511
"1530","1530","230164",37.593,-111.798,"148945","563439","0",81.909999999999997,02_8622406,"2",02_49,Utah,S12,,State,Paved,"2","96","4",0.000000000000000,"0",103541.068510340614012,"1",5832.51866565038,-1310991.23452472,-174008.918399905,-1314848.92804621,-169634.392747967
"1531","1531","187658",37.42,-111.793,"148945","563439","0",81.909999999999997,02_8622406,"2",02_49,Utah,S12,,State,Paved,"2","96","4",0.000000000000000,"0",103541.068510340614012,"1",23196.7143583461,-1313952.57661329,-194133.640682674,-1321704.85064437,-172270.662743478
"1532","1532","190747",37.301,-112.425,"148925","572493","0",14.039999999999999,02_8583450,"2",02_49,Utah,U89,,State,Paved,"3","72","3",7.000000000000000,"0",17674.826068688929809,"1",14502.9312947612,-1368428.11666529,-198976.521996259,-1382431.71530445,-195203.692647606
"1533","1533","70276",37.631,-111.857,"148945","563439","0",81.909999999999997,02_8622406,"2",02_49,Utah,S12,,State,Paved,"2","96","4",0.000000000000000,"0",103541.068510340614012,"1",726.172679203458,-1315097.79764064,-168785.934530509,-1314564.62172648,-169278.935752187
"1534","1534","231039",37.301,-112.425,"148925","572493","0",14.039999999999999,02_8583450,"2",02_49,Utah,U89,,State,Paved,"3","72","3",7.000000000000000,"0",17674.826068688929809,"1",14502.9312947612,-1368428.11666529,-198976.521996259,-1382431.71530445,-195203.692647606
"1535","1535","187669",37.746,-111.61,"148945","563439","0",81.909999999999997,02_8622406,"2",02_49,Utah,S12,,State,Paved,"2","96","4",0.000000000000000,"0",103541.068510340614012,"1",2874.3494320392,-1292583.14587815,-158845.913467128,-1292007.39053178,-156029.818575511
"1536","1536","187655",37.42,-111.793,"148945","563439","0",81.909999999999997,02_8622406,"2",02_49,Utah,S12,,State,Paved,"2","96","4",0.000000000000000,"0",103541.068510340614012,"1",23196.7143583461,-1313952.57661329,-194133.640682674,-1321704.85064437,-172270.662743478
"1537","1537","137833",37.452,-111.532,"149058","563425","0",17.059999999999999,02_8821894,"2",02_49,Utah,S12,,State,Paved,"2","48","4",0.000000000000000,"0",21594.362055999205040,"1",32283.3795765769,-1291820.58916291,-194010.631646575,-1286079.48303371,-162241.837251782
"1538","1538","187671",37.746,-111.61,"148945","563439","0",81.909999999999997,02_8622406,"2",02_49,Utah,S12,,State,Paved,"2","96","4",0.000000000000000,"0",103541.068510340614012,"1",2874.3494320392,-1292583.14587815,-158845.913467128,-1292007.39053178,-156029.818575511
"1539","1539","187708",37.301,-112.425,"148925","572493","0",14.039999999999999,02_8583450,"2",02_49,Utah,U89,,State,Paved,"3","72","3",7.000000000000000,"0",17674.826068688929809,"1",14502.9312947612,-1368428.11666529,-198976.521996259,-1382431.71530445,-195203.692647606
"1540","1540","187704",37.301,-112.425,"148925","572493","0",14.039999999999999,02_8583450,"2",02_49,Utah,U89,,State,Paved,"3","72","3",7.000000000000000,"0",17674.826068688929809,"1",14502.9312947612,-1368428.11666529,-198976.521996259,-1382431.71530445,-195203.692647606
"1541","1541","187694",37.42,-111.793,"148945","563439","0",81.909999999999997,02_8622406,"2",02_49,Utah,S12,,State,Paved,"2","96","4",0.000000000000000,"0",103541.068510340614012,"1",23196.7143583461,-1313952.57661329,-194133.640682674,-1321704.85064437,-172270.662743478
"1542","1542","187668",37.746,-111.61,"148945","563439","0",81.909999999999997,02_8622406,"2",02_49,Utah,S12,,State,Paved,"2","96","4",0.000000000000000,"0",103541.068510340614012,"1",2874.3494320392,-1292583.14587815,-158845.913467128,-1292007.39053178,-156029.818575511
"1543","1543","187667",37.746,-111.61,"148945","563439","0",81.909999999999997,02_8622406,"2",02_49,Utah,S12,,State,Paved,"2","96","4",0.000000000000000,"0",103541.068510340614012,"1",2874.3494320392,-1292583.14587815,-158845.913467128,-1292007.39053178,-156029.818575511
"1544","1544","187707",37.301,-112.425,"148925","572493","0",14.039999999999999,02_8583450,"2",02_49,Utah,U89,,State,Paved,"3","72","3",7.000000000000000,"0",17674.826068688929809,"1",14502.9312947612,-1368428.11666529,-198976.521996259,-1382431.71530445,-195203.692647606
"1545","1545","187692",37.42,-111.793,"148945","563439","0",81.909999999999997,02_8622406,"2",02_49,Utah,S12,,State,Paved,"2","96","4",0.000000000000000,"0",103541.068510340614012,"1",23196.7143583461,-1313952.57661329,-194133.640682674,-1321704.85064437,-172270.662743478
"1546","1546","187670",37.746,-111.61,"148945","563439","0",81.909999999999997,02_8622406,"2",02_49,Utah,S12,,State,Paved,"2","96","4",0.000000000000000,"0",103541.068510340614012,"1",2874.3494320392,-1292583.14587815,-158845.913467128,-1292007.39053178,-156029.818575511
"1547","1547","187666",37.58,-111.936,"148945","563439","0",81.909999999999997,02_8622406,"2",02_49,Utah,S12,,State,Paved,"2","96","4",0.000000000000000,"0",103541.068510340614012,"1",1484.00249773032,-1322591.23830021,-173599.11622935,-1321946.57340735,-172262.452251686
"1548","1548","230163",37.461,-111.764,"148945","563439","0",81.909999999999997,02_8622406,"2",02_49,Utah,S12,,State,Paved,"2","96","4",0.000000000000000,"0",103541.068510340614012,"1",20524.016491228,-1310764.42285906,-189782.455447844,-1314962.49422205,-169692.37207909
"1549","1549","197478",37.58,-111.936,"148945","563439","0",81.909999999999997,02_8622406,"2",02_49,Utah,S12,,State,Paved,"2","96","4",0.000000000000000,"0",103541.068510340614012,"1",1484.00249773032,-1322591.23830021,-173599.11622935,-1321946.57340735,-172262.452251686
"1550","1550","187656",37.42,-111.793,"148945","563439","0",81.909999999999997,02_8622406,"2",02_49,Utah,S12,,State,Paved,"2","96","4",0.000000000000000,"0",103541.068510340614012,"1",23196.7143583461,-1313952.57661329,-194133.640682674,-1321704.85064437,-172270.662743478
"1551","1551","192255",37.8,-111.5,"149058","563425","0",17.059999999999999,02_8821894,"2",02_49,Utah,S12,,State,Paved,"2","48","4",0.000000000000000,"0",21594.362055999205040,"1",6079.99803120533,-1282522.45671374,-154074.416813253,-1282531.01909798,-160154.408815307
"1552","1552","97803",37.53,-111.762,"148945","563439","0",81.909999999999997,02_8622406,"2",02_49,Utah,S12,,State,Paved,"2","96","4",0.000000000000000,"0",103541.068510340614012,"1",13386.9939916122,-1309257.2313685,-181810.765227077,-1314902.93916614,-169672.495515328
"1553","1553","75467",37.637,-111.859,"148945","563439","0",81.909999999999997,02_8622406,"2",02_49,Utah,S12,,State,Paved,"2","96","4",0.000000000000000,"0",103541.068510340614012,"1",1214.51519912436,-1315144.64536992,-168062.551482879,-1314337.51990027,-168970.073187933
"1554","1554","187659",37.746,-111.61,"148945","563439","0",81.909999999999997,02_8622406,"2",02_49,Utah,S12,,State,Paved,"2","96","4",0.000000000000000,"0",103541.068510340614012,"1",2874.3494320392,-1292583.14587815,-158845.913467128,-1292007.39053178,-156029.818575511
"1555","1555","187703",37.301,-112.425,"148925","572493","0",14.039999999999999,02_8583450,"2",02_49,Utah,U89,,State,Paved,"3","72","3",7.000000000000000,"0",17674.826068688929809,"1",14502.9312947612,-1368428.11666529,-198976.521996259,-1382431.71530445,-195203.692647606
"1556","1556","219712",37.452,-111.532,"149058","563425","0",17.059999999999999,02_8821894,"2",02_49,Utah,S12,,State,Paved,"2","48","4",0.000000000000000,"0",21594.362055999205040,"1",32283.3795765769,-1291820.58916291,-194010.631646575,-1286079.48303371,-162241.837251782
"1557","1557","187665",37.58,-111.936,"148945","563439","0",81.909999999999997,02_8622406,"2",02_49,Utah,S12,,State,Paved,"2","96","4",0.000000000000000,"0",103541.068510340614012,"1",1484.00249773032,-1322591.23830021,-173599.11622935,-1321946.57340735,-172262.452251686
"1558","1558","187663",37.58,-111.936,"148945","563439","0",81.909999999999997,02_8622406,"2",02_49,Utah,S12,,State,Paved,"2","96","4",0.000000000000000,"0",103541.068510340614012,"1",1484.00249773032,-1322591.23830021,-173599.11622935,-1321946.57340735,-172262.452251686
"1559","1559","187662",37.746,-111.61,"148945","563439","0",81.909999999999997,02_8622406,"2",02_49,Utah,S12,,State,Paved,"2","96","4",0.000000000000000,"0",103541.068510340614012,"1",2874.3494320392,-1292583.14587815,-158845.913467128,-1292007.39053178,-156029.818575511
"1560","1560","190352",37.8,-111.5,"149058","563425","0",17.059999999999999,02_8821894,"2",02_49,Utah,S12,,State,Paved,"2","48","4",0.000000000000000,"0",21594.362055999205040,"1",6079.99803120533,-1282522.45671374,-154074.416813253,-1282531.01909798,-160154.408815307
"1561","1561","75837",37.4,-111.2,"156444","572988","0",4.480000000000002,02_8749118,"2",02_49,Utah,S276,,State,Paved,"2","88","4",0.000000000000000,"0",5654.113894598596744,"1",41023.7220604064,-1265423.10580526,-204520.531550359,-1224402.71821272,-203997.489059399
"1562","1562","155992",37.493,-111.736,"148945","563439","0",81.909999999999997,02_8622406,"2",02_49,Utah,S12,,State,Paved,"2","96","4",0.000000000000000,"0",103541.068510340614012,"1",18213.696124552,-1307836.14809696,-186459.371058505,-1314902.93916614,-169672.495515328
"1563","1563","187664",37.58,-111.936,"148945","563439","0",81.909999999999997,02_8622406,"2",02_49,Utah,S12,,State,Paved,"2","96","4",0.000000000000000,"0",103541.068510340614012,"1",1484.00249773032,-1322591.23830021,-173599.11622935,-1321946.57340735,-172262.452251686
"1564","1564","209047",36.17,-107.92,"188035","605804","0",0.170000000000000,02_10274881,"2",02_35,New Mexico,U550,,State,Paved,"4","112","3",7.000000000000000,"0",207.217316847288600,"1",18158.0711003835,-1012108.79171799,-386878.976709693,-995506.596488919,-379524.88535438
"1565","1565","154646",36.29,-108.54,"188830","602855","0",0.160000000000000,02_10207575,"2",02_35,New Mexico,U666,,State,Paved,"2","104","3",3.000000000000000,"0",201.022215863906212,"1",14061.3850216673,-1062596.03316897,-366137.662660694,-1076593.39292108,-364797.338559056
"1566","1566","62481",36.281,-108.184,"189503","603596","0",0.160000000000000,02_10221306,"2",02_35,New Mexico,S371,,State,Paved,"2","104","4",0.000000000000000,"0",199.680328702370446,"1",7448.56101161823,-1032733.86688517,-371118.672231528,-1040120.10671553,-370157.151398591
"1567","1567","222083",36.508,-108.321,"189726","603817","0",0.160000000000000,02_10225600,"2",02_35,New Mexico,S371,,State,Paved,"2","104","4",0.000000000000000,"0",199.111723612994638,"1",6099.15921551434,-1040829.55425124,-343211.122105892,-1035701.97159482,-346513.793636289
"1568","1568","154639",36.3,-108.1,"189569","603660","0",0.160000000000000,02_10222651,"2",02_35,New Mexico,S371,,State,Paved,"2","104","4",0.000000000000000,"0",197.902494285252601,"1",12877.1118275081,-1025369.06080621,-369820.153677346,-1033387.19519695,-379896.339955409
"1569","1569","47193",36.104,-108.088,"189366","603487","0",0.160000000000000,02_10219004,"2",02_35,New Mexico,S371,,State,Paved,"2","104","4",0.000000000000000,"0",198.386507969754291,"1",8523.68935518424,-1027280.71794625,-392749.046102161,-1035647.16407416,-391119.365332055
"1570","1570","154367",36.2,-108.1,"189533","603687","0",0.160000000000000,02_10223315,"2",02_35,New Mexico,S371,,State,Paved,"2","104","4",0.000000000000000,"0",198.992862777171979,"1",5353.87781356972,-1026862.01844623,-381453.299105475,-1031869.25141083,-383348.457589825
"1571","1571","64094",36.186,-107.889,"188035","605804","0",0.170000000000000,02_10274881,"2",02_35,New Mexico,U550,,State,Paved,"4","112","3",7.000000000000000,"0",207.217316847288600,"1",14931.4355342888,-1009255.76586051,-385347.952304521,-995506.596488919,-379524.88535438
"1572","1572","54104",36.344,-108.209,"189627","603716","0",0.160000000000000,02_10223904,"2",02_35,New Mexico,S371,,State,Paved,"2","104","4",0.000000000000000,"0",199.429897144965707,"1",3624.97688461876,-1033892.08089128,-363517.347884844,-1037485.88169566,-363042.950169377
"1573","1573","62317",36.143,-108.109,"188262","603536","0",0.160000000000000,02_10220141,"2",02_35,New Mexico,S371,,State,Paved,"2","104","4",0.000000000000000,"0",198.808942012543866,"1",4425.79449083978,-1028473.12597869,-387985.554410501,-1031875.1967104,-385154.729157754
"1573","1573","62317",36.143,-108.109,"188263","603533","0",0.160000000000000,02_10220158,"2",02_35,New Mexico,S371,,State,Paved,"2","104","4",0.000000000000000,"0",200.302993314665571,"2",4425.79449083978,-1028473.12597869,-387985.554410501,-1031875.1967104,-385154.729157754
"1574","1574","47009",36.286,-108.102,"189571","603658","0",0.160000000000000,02_10222672,"2",02_35,New Mexico,S371,,State,Paved,"2","104","4",0.000000000000000,"0",199.626680940534726,"1",11396.9280655186,-1025746.68784709,-371427.293475394,-1033239.75058984,-380014.724992668
"1575","1575","222078",36.508,-108.321,"189726","603817","0",0.160000000000000,02_10225600,"2",02_35,New Mexico,S371,,State,Paved,"2","104","4",0.000000000000000,"0",199.111723612994638,"1",6099.15921551434,-1040829.55425124,-343211.122105892,-1035701.97159482,-346513.793636289
"1576","1576","47195",36.344,-108.084,"189627","603716","0",0.160000000000000,02_10223904,"2",02_35,New Mexico,S371,,State,Paved,"2","104","4",0.000000000000000,"0",199.429897144965707,"1",14239.5913425487,-1023364.42694038,-364873.67990575,-1037481.55277312,-363010.156408333
"1577","1577","154381",36.28,-108.1,"189571","603658","0",0.160000000000000,02_10222672,"2",02_35,New Mexico,S371,,State,Paved,"2","104","4",0.000000000000000,"0",199.626680940534726,"1",10918.9985900323,-1025667.67590491,-372146.96642616,-1033216.37065872,-380036.309727282
"1578","1578","154598",36.28,-108.1,"189571","603658","0",0.160000000000000,02_10222672,"2",02_35,New Mexico,S371,,State,Paved,"2","104","4",0.000000000000000,"0",199.626680940534726,"1",10918.9985900323,-1025667.67590491,-372146.96642616,-1033216.37065872,-380036.309727282
"1579","1579","230010",36.508,-108.321,"189726","603817","0",0.160000000000000,02_10225600,"2",02_35,New Mexico,S371,,State,Paved,"2","104","4",0.000000000000000,"0",199.111723612994638,"1",6099.15921551434,-1040829.55425124,-343211.122105892,-1035701.97159482,-346513.793636289
"1580","1580","154658",36.29,-108.54,"188830","602855","0",0.160000000000000,02_10207575,"2",02_35,New Mexico,U666,,State,Paved,"2","104","3",3.000000000000000,"0",201.022215863906212,"1",14061.3850216673,-1062596.03316897,-366137.662660694,-1076593.39292108,-364797.338559056
"1581","1581","36269",36.269,-108.167,"189523","603675","0",0.160000000000000,02_10222888,"2",02_35,New Mexico,S371,,State,Paved,"2","104","4",0.000000000000000,"0",198.941816996100101,"1",7210.22897688185,-1031480.99844154,-372699.66057721,-1034100.3636483,-379417.273829899
"1582","1582","62485",36.336,-108.06,"189621","603709","0",0.160000000000000,02_10223572,"2",02_35,New Mexico,S371,,State,Paved,"2","104","4",0.000000000000000,"0",198.311266316535125,"1",16278.2905763759,-1021461.9781975,-366063.373781916,-1037599.58997302,-363927.9042149
"1583","1583","154648",36.29,-108.54,"188830","602855","0",0.160000000000000,02_10207575,"2",02_35,New Mexico,U666,,State,Paved,"2","104","3",3.000000000000000,"0",201.022215863906212,"1",14061.3850216673,-1062596.03316897,-366137.662660694,-1076593.39292108,-364797.338559056
"1584","1584","35518",36.269,-108.167,"189523","603675","0",0.160000000000000,02_10222888,"2",02_35,New Mexico,S371,,State,Paved,"2","104","4",0.000000000000000,"0",198.941816996100101,"1",7210.22897688185,-1031480.99844154,-372699.66057721,-1034100.3636483,-379417.273829899
"1585","1585","154374",36.3,-108.1,"189569","603660","0",0.160000000000000,02_10222651,"2",02_35,New Mexico,S371,,State,Paved,"2","104","4",0.000000000000000,"0",197.902494285252601,"1",12877.1118275081,-1025369.06080621,-369820.153677346,-1033387.19519695,-379896.339955409
"1586","1586","62318",36.104,-108.088,"189366","603487","0",0.160000000000000,02_10219004,"2",02_35,New Mexico,S371,,State,Paved,"2","104","4",0.000000000000000,"0",198.386507969754291,"1",8523.68935518424,-1027280.71794625,-392749.046102161,-1035647.16407416,-391119.365332055
"1587","1587","154384",36.29,-108.54,"188830","602855","0",0.160000000000000,02_10207575,"2",02_35,New Mexico,U666,,State,Paved,"2","104","3",3.000000000000000,"0",201.022215863906212,"1",14061.3850216673,-1062596.03316897,-366137.662660694,-1076593.39292108,-364797.338559056
"1588","1588","46996",36.155,-107.941,"188266","603531","0",0.160000000000000,02_10220210,"2",02_35,New Mexico,S371,,State,Paved,"2","104","4",0.000000000000000,"0",199.424455559902668,"1",17951.2282614945,-1014103.41558749,-388399.617854895,-1031650.34241294,-384611.220426075
"1589","1589","154643",36.269,-108.167,"189523","603675","0",0.160000000000000,02_10222888,"2",02_35,New Mexico,S371,,State,Paved,"2","104","4",0.000000000000000,"0",198.941816996100101,"1",7210.22897688185,-1031480.99844154,-372699.66057721,-1034100.3636483,-379417.273829899
"1590","1590","222081",36.508,-108.321,"189726","603817","0",0.160000000000000,02_10225600,"2",02_35,New Mexico,S371,,State,Paved,"2","104","4",0.000000000000000,"0",199.111723612994638,"1",6099.15921551434,-1040829.55425124,-343211.122105892,-1035701.97159482,-346513.793636289
"1591","1591","53981",36.36,-108.566,"188843","602904","0",0.160000000000000,02_10208262,"2",02_35,New Mexico,U666,,State,Paved,"4","104","3",3.000000000000000,"0",200.164750962607656,"1",12745.1495676861,-1063701.03046839,-357706.76172287,-1076438.51575343,-358148.69623827
"1592","1592","154667",36.28,-108.1,"189571","603658","0",0.160000000000000,02_10222672,"2",02_35,New Mexico,S371,,State,Paved,"2","104","4",0.000000000000000,"0",199.626680940534726,"1",10918.9985900323,-1025667.67590491,-372146.96642616,-1033216.37065872,-380036.309727282
"1593","1593","154588",36.29,-108.54,"188830","602855","0",0.160000000000000,02_10207575,"2",02_35,New Mexico,U666,,State,Paved,"2","104","3",3.000000000000000,"0",201.022215863906212,"1",14061.3850216673,-1062596.03316897,-366137.662660694,-1076593.39292108,-364797.338559056
"1594","1594","222483",36.292,-108.55,"188830","602855","0",0.160000000000000,02_10207575,"2",02_35,New Mexico,U666,,State,Paved,"2","104","3",3.000000000000000,"0",201.022215863906212,"1",13222.3143317346,-1063407.47857539,-365792.991173433,-1076586.12387526,-364719.257338886
"1595","1595","154388",36.269,-108.167,"189523","603675","0",0.160000000000000,02_10222888,"2",02_35,New Mexico,S371,,State,Paved,"2","104","4",0.000000000000000,"0",198.941816996100101,"1",7210.22897688185,-1031480.99844154,-372699.66057721,-1034100.3636483,-379417.273829899
"1596","1596","47820",36.344,-108.102,"189627","603716","0",0.160000000000000,02_10223904,"2",02_35,New Mexico,S371,,State,Paved,"2","104","4",0.000000000000000,"0",199.429897144965707,"1",12711.08968375,-1024880.51920036,-364679.223661942,-1037482.28902787,-363015.733907663
"1597","1597","62535",36.334,-108.083,"189621","603709","0",0.160000000000000,02_10223572,"2",02_35,New Mexico,S371,,State,Paved,"2","104","4",0.000000000000000,"0",198.311266316535125,"1",14326.660289648,-1023429.31175567,-366048.01953054,-1037616.06013568,-364050.679935654
"1598","1598","154421",36.29,-108.54,"188830","602855","0",0.160000000000000,02_10207575,"2",02_35,New Mexico,U666,,State,Paved,"2","104","3",3.000000000000000,"0",201.022215863906212,"1",14061.3850216673,-1062596.03316897,-366137.662660694,-1076593.39292108,-364797.338559056
"1599","1599","154462",36.3,-108.1,"189569","603660","0",0.160000000000000,02_10222651,"2",02_35,New Mexico,S371,,State,Paved,"2","104","4",0.000000000000000,"0",197.902494285252601,"1",12877.1118275081,-1025369.06080621,-369820.153677346,-1033387.19519695,-379896.339955409
"1600","1600","179270",36.71,-108.223,"189867","604802","0",0.160000000000000,02_10247597,"2",02_35,New Mexico,S371,,State,Paved,"2","72","4",0.000000000000000,"0",199.308506482971552,"1",951.15191984843,-1029548.63558203,-320771.502796536,-1030437.54543042,-321109.924509884
"1601","1601","138830",36.16,-107.929,"188267","603540","0",0.160000000000000,02_10220220,"2",02_35,New Mexico,S371,,State,Paved,"2","104","4",0.000000000000000,"0",198.996998952532550,"1",18926.2213096114,-1013016.10393898,-387946.238782367,-1031619.1750376,-384463.76857284
"1602","1602","230009",36.508,-108.321,"189726","603817","0",0.160000000000000,02_10225600,"2",02_35,New Mexico,S371,,State,Paved,"2","104","4",0.000000000000000,"0",199.111723612994638,"1",6099.15921551434,-1040829.55425124,-343211.122105892,-1035701.97159482,-346513.793636289
"1603","1603","154645",36.29,-108.54,"188830","602855","0",0.160000000000000,02_10207575,"2",02_35,New Mexico,U666,,State,Paved,"2","104","3",3.000000000000000,"0",201.022215863906212,"1",14061.3850216673,-1062596.03316897,-366137.662660694,-1076593.39292108,-364797.338559056
"1604","1604","76105",36.315,-108.084,"189619","603710","0",0.160000000000000,02_10223540,"2",02_35,New Mexico,S371,,State,Paved,"2","104","4",0.000000000000000,"0",197.889369349506524,"1",14417.7882324907,-1023796.88290435,-368247.892927016,-1037670.72370743,-364324.991081751
"1605","1605","46994",36.344,-108.102,"189627","603716","0",0.160000000000000,02_10223904,"2",02_35,New Mexico,S371,,State,Paved,"2","104","4",0.000000000000000,"0",199.429897144965707,"1",12711.08968375,-1024880.51920036,-364679.223661942,-1037482.28902787,-363015.733907663
"1606","1606","46995",36.155,-107.924,"188266","603531","0",0.160000000000000,02_10220210,"2",02_35,New Mexico,S371,,State,Paved,"2","104","4",0.000000000000000,"0",199.424455559902668,"1",19393.4798966745,-1012667.29810277,-388581.345515914,-1031638.69256998,-384557.261213554
"1607","1607","154567",36.29,-108.54,"188830","602855","0",0.160000000000000,02_10207575,"2",02_35,New Mexico,U666,,State,Paved,"2","104","3",3.000000000000000,"0",201.022215863906212,"1",14061.3850216673,-1062596.03316897,-366137.662660694,-1076593.39292108,-364797.338559056
"1608","1608","154665",36.29,-108.54,"188830","602855","0",0.160000000000000,02_10207575,"2",02_35,New Mexico,U666,,State,Paved,"2","104","3",3.000000000000000,"0",201.022215863906212,"1",14061.3850216673,-1062596.03316897,-366137.662660694,-1076593.39292108,-364797.338559056
"1609","1609","138831",36.154,-107.933,"188266","603531","0",0.160000000000000,02_10220210,"2",02_35,New Mexico,S371,,State,Paved,"2","104","4",0.000000000000000,"0",199.424455559902668,"1",18640.0388522274,-1013442.3214832,-388601.504347759,-1031662.54535864,-384667.741474699
"1610","1610","54101",36.169,-107.799,"188033","605802","0",0.150000000000000,02_10274839,"2",02_35,New Mexico,U550,,State,Paved,"4","112","3",7.000000000000000,"0",185.926237181255146,"1",10732.7805948461,-1001902.80739555,-388280.65783822,-995256.856056228,-379853.089381511
"1611","1611","47818",36.344,-108.084,"189627","603716","0",0.160000000000000,02_10223904,"2",02_35,New Mexico,S371,,State,Paved,"2","104","4",0.000000000000000,"0",199.429897144965707,"1",14239.5913425487,-1023364.42694038,-364873.67990575,-1037481.55277312,-363010.156408333
"1612","1612","227186",36.508,-108.321,"189726","603817","0",0.160000000000000,02_10225600,"2",02_35,New Mexico,S371,,State,Paved,"2","104","4",0.000000000000000,"0",199.111723612994638,"1",6099.15921551434,-1040829.55425124,-343211.122105892,-1035701.97159482,-346513.793636289
"1613","1613","47821",36.344,-108.084,"189627","603716","0",0.160000000000000,02_10223904,"2",02_35,New Mexico,S371,,State,Paved,"2","104","4",0.000000000000000,"0",199.429897144965707,"1",14239.5913425487,-1023364.42694038,-364873.67990575,-1037481.55277312,-363010.156408333
"1614","1614","230007",36.508,-108.321,"189726","603817","0",0.160000000000000,02_10225600,"2",02_35,New Mexico,S371,,State,Paved,"2","104","4",0.000000000000000,"0",199.111723612994638,"1",6099.15921551434,-1040829.55425124,-343211.122105892,-1035701.97159482,-346513.793636289
"1615","1615","154382",36.15,-107.92,"188031","605801","0",0.160000000000000,02_10274800,"2",02_35,New Mexico,U550,,State,Paved,"4","112","3",7.000000000000000,"0",198.914628075291176,"1",19467.9461521917,-1012402.91245534,-389205.752868354,-995469.131627533,-379601.170927404
"1616","1616","53517",36.292,-108.55,"188830","602855","0",0.160000000000000,02_10207575,"2",02_35,New Mexico,U666,,State,Paved,"2","104","3",3.000000000000000,"0",201.022215863906212,"1",13222.3143317346,-1063407.47857539,-365792.991173433,-1076586.12387526,-364719.257338886
"1617","1617","154380",36.28,-108.1,"189571","603658","0",0.160000000000000,02_10222672,"2",02_35,New Mexico,S371,,State,Paved,"2","104","4",0.000000000000000,"0",199.626680940534726,"1",10918.9985900323,-1025667.67590491,-372146.96642616,-1033216.37065872,-380036.309727282
"1618","1618","154627",36.3,-108.1,"189569","603660","0",0.160000000000000,02_10222651,"2",02_35,New Mexico,S371,,State,Paved,"2","104","4",0.000000000000000,"0",197.902494285252601,"1",12877.1118275081,-1025369.06080621,-369820.153677346,-1033387.19519695,-379896.339955409
"1619","1619","154629",36.269,-108.167,"189523","603675","0",0.160000000000000,02_10222888,"2",02_35,New Mexico,S371,,State,Paved,"2","104","4",0.000000000000000,"0",198.941816996100101,"1",7210.22897688185,-1031480.99844154,-372699.66057721,-1034100.3636483,-379417.273829899
"1620","1620","46993",36.344,-108.084,"189627","603716","0",0.160000000000000,02_10223904,"2",02_35,New Mexico,S371,,State,Paved,"2","104","4",0.000000000000000,"0",199.429897144965707,"1",14239.5913425487,-1023364.42694038,-364873.67990575,-1037481.55277312,-363010.156408333
"1621","1621","53982",36.286,-108.227,"189507","603597","0",0.160000000000000,02_10221339,"2",02_35,New Mexico,S371,,State,Paved,"2","104","4",0.000000000000000,"0",199.832699999213219,"1",3793.40337864871,-1036282.98120856,-370067.814549186,-1040044.6456593,-369578.131229844
"1622","1622","222089",36.508,-108.321,"189726","603817","0",0.160000000000000,02_10225600,"2",02_35,New Mexico,S371,,State,Paved,"2","104","4",0.000000000000000,"0",199.111723612994638,"1",6099.15921551434,-1040829.55425124,-343211.122105892,-1035701.97159482,-346513.793636289
"1623","1623","222088",36.508,-108.321,"189726","603817","0",0.160000000000000,02_10225600,"2",02_35,New Mexico,S371,,State,Paved,"2","104","4",0.000000000000000,"0",199.111723612994638,"1",6099.15921551434,-1040829.55425124,-343211.122105892,-1035701.97159482,-346513.793636289
"1624","1624","138832",36.287,-108.095,"189571","603658","0",0.160000000000000,02_10222672,"2",02_35,New Mexico,S371,,State,Paved,"2","104","4",0.000000000000000,"0",199.626680940534726,"1",11832.8728247364,-1025141.67800003,-371386.672870507,-1033216.37065872,-380036.309727282
"1625","1625","154666",36.269,-108.167,"189523","603675","0",0.160000000000000,02_10222888,"2",02_35,New Mexico,S371,,State,Paved,"2","104","4",0.000000000000000,"0",198.941816996100101,"1",7210.22897688185,-1031480.99844154,-372699.66057721,-1034100.3636483,-379417.273829899
"1626","1626","56625",36.271,-108.209,"189497","603589","0",0.160000000000000,02_10221258,"2",02_35,New Mexico,S371,,State,Paved,"2","104","4",0.000000000000000,"0",199.519500002265005,"1",5323.51930673534,-1034991.82817581,-372009.247159889,-1040270.80634002,-371322.044605332
"1627","1627","52874",36.342,-108.076,"189625","603717","0",0.160000000000000,02_10223889,"2",02_35,New Mexico,S371,,State,Paved,"2","104","4",0.000000000000000,"0",200.528612625932425,"1",14919.5762960635,-1022720.40201073,-365192.725509554,-1037521.24325238,-363314.200717687
"1628","1628","222087",36.508,-108.321,"189726","603817","0",0.160000000000000,02_10225600,"2",02_35,New Mexico,S371,,State,Paved,"2","104","4",0.000000000000000,"0",199.111723612994638,"1",6099.15921551434,-1040829.55425124,-343211.122105892,-1035701.97159482,-346513.793636289
"1629","1629","222090",36.508,-108.321,"189726","603817","0",0.160000000000000,02_10225600,"2",02_35,New Mexico,S371,,State,Paved,"2","104","4",0.000000000000000,"0",199.111723612994638,"1",6099.15921551434,-1040829.55425124,-343211.122105892,-1035701.97159482,-346513.793636289
"1630","1630","230008",36.508,-108.321,"189726","603817","0",0.160000000000000,02_10225600,"2",02_35,New Mexico,S371,,State,Paved,"2","104","4",0.000000000000000,"0",199.111723612994638,"1",6099.15921551434,-1040829.55425124,-343211.122105892,-1035701.97159482,-346513.793636289
"1631","1631","76760",36.315,-108.084,"189619","603710","0",0.160000000000000,02_10223540,"2",02_35,New Mexico,S371,,State,Paved,"2","104","4",0.000000000000000,"0",197.889369349506524,"1",14417.7882324907,-1023796.88290435,-368247.892927016,-1037670.72370743,-364324.991081751
"1632","1632","154662",36.269,-108.167,"189523","603675","0",0.160000000000000,02_10222888,"2",02_35,New Mexico,S371,,State,Paved,"2","104","4",0.000000000000000,"0",198.941816996100101,"1",7210.22897688185,-1031480.99844154,-372699.66057721,-1034100.3636483,-379417.273829899
"1633","1633","34828",36.315,-108.084,"189619","603710","0",0.160000000000000,02_10223540,"2",02_35,New Mexico,S371,,State,Paved,"2","104","4",0.000000000000000,"0",197.889369349506524,"1",14417.7882324907,-1023796.88290435,-368247.892927016,-1037670.72370743,-364324.991081751
"1634","1634","154661",36.5,-108.083,"191287","605638","0",0.170000000000000,02_10271696,"2",02_35,New Mexico,U550,BLOOMFIELD BLVD,State,Paved,"4","112","3",7.000000000000000,"0",206.050389385848575,"1",10809.0969695751,-1020953.65661726,-346730.24528345,-1010958.84202972,-342614.390735692
"1635","1635","55295",36.315,-108.048,"189571","603658","0",0.160000000000000,02_10222672,"2",02_35,New Mexico,S371,,State,Paved,"2","104","4",0.000000000000000,"0",199.626680940534726,"1",16881.6689620511,-1020763.30635828,-368636.10577136,-1033183.91758658,-380069.353938864
"1636","1636","56046",36.294,-108.103,"189570","603663","0",0.160000000000000,02_10222657,"2",02_35,New Mexico,S371,,State,Paved,"2","104","4",0.000000000000000,"0",198.480881164276610,"1",12142.6994425092,-1025711.50980153,-370485.751450892,-1033287.65097449,-379975.073590986
"1637","1637","144520",36.1,-107.786,"188024","605792","0",0.150000000000000,02_10274674,"2",02_35,New Mexico,U550,,State,Paved,"4","112","3",7.000000000000000,"0",180.342391717512044,"1",17460.7845026278,-1001807.93675218,-396446.370627741,-993899.081612009,-380879.450385801
"1638","1638","154369",36.3,-108.1,"189569","603660","0",0.160000000000000,02_10222651,"2",02_35,New Mexico,S371,,State,Paved,"2","104","4",0.000000000000000,"0",197.902494285252601,"1",12877.1118275081,-1025369.06080621,-369820.153677346,-1033387.19519695,-379896.339955409
"1639","1639","47013",36.3,-108.191,"189614","603707","0",0.160000000000000,02_10223454,"2",02_35,New Mexico,S371,,State,Paved,"2","104","4",0.000000000000000,"0",199.176886014699278,"1",6270.0512388638,-1033038.1174265,-368832.191752673,-1038004.16280257,-365004.407032917
"1639","1639","47013",36.3,-108.191,"189615","603704","0",0.160000000000000,02_10223470,"2",02_35,New Mexico,S371,,State,Paved,"2","104","4",0.000000000000000,"0",199.041679284118857,"2",6270.0512388638,-1033038.1174265,-368832.191752673,-1038004.16280257,-365004.407032917
"1640","1640","62537",36.288,-108.228,"189508","603601","0",0.160000000000000,02_10221345,"2",02_35,New Mexico,S371,,State,Paved,"2","104","4",0.000000000000000,"0",199.698365647386368,"1",3708.39164925696,-1036337.08883762,-369824.243331959,-1040014.77193186,-369347.991631084
"1641","1641","154663",36.29,-108.54,"188830","602855","0",0.160000000000000,02_10207575,"2",02_35,New Mexico,U666,,State,Paved,"2","104","3",3.000000000000000,"0",201.022215863906212,"1",14061.3850216673,-1062596.03316897,-366137.662660694,-1076593.39292108,-364797.338559056
"1642","1642","169229",36.344,-108.209,"189627","603716","0",0.160000000000000,02_10223904,"2",02_35,New Mexico,S371,,State,Paved,"2","104","4",0.000000000000000,"0",199.429897144965707,"1",3624.97688461876,-1033892.08089128,-363517.347884844,-1037485.88169566,-363042.950169377
"1643","1643","56011",36.388,-108.074,"189594","603736","0",0.160000000000000,02_10224410,"2",02_35,New Mexico,S371,,State,Paved,"2","104","4",0.000000000000000,"0",199.820711977368319,"1",15082.2145593781,-1021866.49073135,-359861.656934933,-1036820.60009271,-357900.0735889
"1644","1644","46991",36.344,-108.084,"189627","603716","0",0.160000000000000,02_10223904,"2",02_35,New Mexico,S371,,State,Paved,"2","104","4",0.000000000000000,"0",199.429897144965707,"1",14239.5913425487,-1023364.42694038,-364873.67990575,-1037481.55277312,-363010.156408333
"1645","1645","154657",36.29,-108.54,"188830","602855","0",0.160000000000000,02_10207575,"2",02_35,New Mexico,U666,,State,Paved,"2","104","3",3.000000000000000,"0",201.022215863906212,"1",14061.3850216673,-1062596.03316897,-366137.662660694,-1076593.39292108,-364797.338559056
"1646","1646","154371",36.3,-108.1,"189569","603660","0",0.160000000000000,02_10222651,"2",02_35,New Mexico,S371,,State,Paved,"2","104","4",0.000000000000000,"0",197.902494285252601,"1",12877.1118275081,-1025369.06080621,-369820.153677346,-1033387.19519695,-379896.339955409
"1647","1647","53980",36.184,-107.888,"188035","605804","0",0.170000000000000,02_10274881,"2",02_35,New Mexico,U550,,State,Paved,"4","112","3",7.000000000000000,"0",207.217316847288600,"1",14977.6043431459,-1009200.65644682,-385591.297286423,-995506.596488919,-379524.88535438
"1648","1648","154379",36.28,-108.1,"189571","603658","0",0.160000000000000,02_10222672,"2",02_35,New Mexico,S371,,State,Paved,"2","104","4",0.000000000000000,"0",199.626680940534726,"1",10918.9985900323,-1025667.67590491,-372146.96642616,-1033216.37065872,-380036.309727282
"1649","1649","100679",36.367,-108.567,"188846","602906","0",0.160000000000000,02_10208285,"2",02_35,New Mexico,U666,,State,Paved,"4","104","3",3.000000000000000,"0",200.650450169903593,"1",12806.2157659565,-1063676.64171575,-356881.563778168,-1076454.98168248,-357726.069514672
"1650","1650","52875",36.408,-108.353,"189415","603761","0",0.160000000000000,02_10224535,"2",02_35,New Mexico,S371,,State,Paved,"2","104","4",0.000000000000000,"0",200.283001028688773,"1",8590.30277215295,-1045042.10841125,-354493.171477371,-1036521.12410806,-355582.266616432
"1650","1650","52875",36.408,-108.353,"189416","603760","0",0.160000000000000,02_10224545,"2",02_35,New Mexico,S371,,State,Paved,"2","104","4",0.000000000000000,"0",200.009878708047580,"2",8590.30277215295,-1045042.10841125,-354493.171477371,-1036521.12410806,-355582.266616432
"1651","1651","199764",36.394,-108.108,"189598","603752","0",0.160000000000000,02_10224455,"2",02_35,New Mexico,S371,,State,Paved,"2","104","4",0.000000000000000,"0",200.391158659032044,"1",12196.5665330124,-1024638.73090732,-358796.472467488,-1036726.30066294,-357169.545118977
"1652","1652","14498",36.3,-108.2,"189613","603706","0",0.160000000000000,02_10223445,"2",02_35,New Mexico,S371,,State,Paved,"2","104","4",0.000000000000000,"0",199.479307235965422,"1",5615.44726450486,-1033796.54394134,-368734.081195956,-1038161.16531755,-365200.905822044
"1653","1653","154372",36.16,-107.929,"188267","603540","0",0.160000000000000,02_10220220,"2",02_35,New Mexico,S371,,State,Paved,"2","104","4",0.000000000000000,"0",198.996998952532550,"1",18926.2213096114,-1013016.10393898,-387946.238782367,-1031619.1750376,-384463.76857284
"1654","1654","154599",36.29,-108.54,"188830","602855","0",0.160000000000000,02_10207575,"2",02_35,New Mexico,U666,,State,Paved,"2","104","3",3.000000000000000,"0",201.022215863906212,"1",14061.3850216673,-1062596.03316897,-366137.662660694,-1076593.39292108,-364797.338559056
"1655","1655","138835",36.344,-108.209,"189627","603716","0",0.160000000000000,02_10223904,"2",02_35,New Mexico,S371,,State,Paved,"2","104","4",0.000000000000000,"0",199.429897144965707,"1",3624.97688461876,-1033892.08089128,-363517.347884844,-1037485.88169566,-363042.950169377
"1656","1656","47201",36.5,-108.083,"191287","605638","0",0.170000000000000,02_10271696,"2",02_35,New Mexico,U550,BLOOMFIELD BLVD,State,Paved,"4","112","3",7.000000000000000,"0",206.050389385848575,"1",10809.0969695751,-1020953.65661726,-346730.24528345,-1010958.84202972,-342614.390735692
"1657","1657","53514",36.485,-108.569,"188723","602977","0",0.160000000000000,02_10209553,"2",02_35,New Mexico,U666,,State,Paved,"4","104","3",3.000000000000000,"0",201.141696325105556,"1",13231.034090498,-1062014.71914059,-343136.170804816,-1075193.8343474,-341965.194515724
"1658","1658","62489",36.303,-108.041,"189571","603658","0",0.160000000000000,02_10222672,"2",02_35,New Mexico,S371,,State,Paved,"2","104","4",0.000000000000000,"0",199.626680940534726,"1",16241.9586524192,-1020351.73393957,-370107.70882983,-1033146.57491801,-380112.371003209
"1659","1659","230006",36.508,-108.321,"189726","603817","0",0.160000000000000,02_10225600,"2",02_35,New Mexico,S371,,State,Paved,"2","104","4",0.000000000000000,"0",199.111723612994638,"1",6099.15921551434,-1040829.55425124,-343211.122105892,-1035701.97159482,-346513.793636289
"1660","1660","230005",36.508,-108.321,"189726","603817","0",0.160000000000000,02_10225600,"2",02_35,New Mexico,S371,,State,Paved,"2","104","4",0.000000000000000,"0",199.111723612994638,"1",6099.15921551434,-1040829.55425124,-343211.122105892,-1035701.97159482,-346513.793636289
"1661","1661","76761",36.344,-108.084,"189627","603716","0",0.160000000000000,02_10223904,"2",02_35,New Mexico,S371,,State,Paved,"2","104","4",0.000000000000000,"0",199.429897144965707,"1",14239.5913425487,-1023364.42694038,-364873.67990575,-1037481.55277312,-363010.156408333
"1662","1662","154632",36.29,-108.54,"188830","602855","0",0.160000000000000,02_10207575,"2",02_35,New Mexico,U666,,State,Paved,"2","104","3",3.000000000000000,"0",201.022215863906212,"1",14061.3850216673,-1062596.03316897,-366137.662660694,-1076593.39292108,-364797.338559056
"1663","1663","76763",36.344,-108.084,"189627","603716","0",0.160000000000000,02_10223904,"2",02_35,New Mexico,S371,,State,Paved,"2","104","4",0.000000000000000,"0",199.429897144965707,"1",14239.5913425487,-1023364.42694038,-364873.67990575,-1037481.55277312,-363010.156408333
"1664","1664","154342",36.2,-108.1,"189533","603687","0",0.160000000000000,02_10223315,"2",02_35,New Mexico,S371,,State,Paved,"2","104","4",0.000000000000000,"0",198.992862777171979,"1",5353.87781356972,-1026862.01844623,-381453.299105475,-1031869.25141083,-383348.457589825
"1665","1665","154659",36.29,-108.54,"188830","602855","0",0.160000000000000,02_10207575,"2",02_35,New Mexico,U666,,State,Paved,"2","104","3",3.000000000000000,"0",201.022215863906212,"1",14061.3850216673,-1062596.03316897,-366137.662660694,-1076593.39292108,-364797.338559056
"1666","1666","154602",36.2,-108.1,"189533","603687","0",0.160000000000000,02_10223315,"2",02_35,New Mexico,S371,,State,Paved,"2","104","4",0.000000000000000,"0",198.992862777171979,"1",5353.87781356972,-1026862.01844623,-381453.299105475,-1031869.25141083,-383348.457589825
"1667","1667","154365",36.5,-108.083,"191287","605638","0",0.170000000000000,02_10271696,"2",02_35,New Mexico,U550,BLOOMFIELD BLVD,State,Paved,"4","112","3",7.000000000000000,"0",206.050389385848575,"1",10809.0969695751,-1020953.65661726,-346730.24528345,-1010958.84202972,-342614.390735692
"1668","1668","154366",36.5,-108.083,"191287","605638","0",0.170000000000000,02_10271696,"2",02_35,New Mexico,U550,BLOOMFIELD BLVD,State,Paved,"4","112","3",7.000000000000000,"0",206.050389385848575,"1",10809.0969695751,-1020953.65661726,-346730.24528345,-1010958.84202972,-342614.390735692
"1669","1669","154569",36.2,-108.1,"189533","603687","0",0.160000000000000,02_10223315,"2",02_35,New Mexico,S371,,State,Paved,"2","104","4",0.000000000000000,"0",198.992862777171979,"1",5353.87781356972,-1026862.01844623,-381453.299105475,-1031869.25141083,-383348.457589825
"1670","1670","47014",36.315,-108.173,"189617","603708","0",0.160000000000000,02_10223506,"2",02_35,New Mexico,S371,,State,Paved,"2","104","4",0.000000000000000,"0",200.288273275489274,"1",7005.48518625946,-1031295.92364011,-367283.200272289,-1037759.34621588,-364581.165612657
"1671","1671","154620",36.29,-108.54,"188830","602855","0",0.160000000000000,02_10207575,"2",02_35,New Mexico,U666,,State,Paved,"2","104","3",3.000000000000000,"0",201.022215863906212,"1",14061.3850216673,-1062596.03316897,-366137.662660694,-1076593.39292108,-364797.338559056
"1672","1672","154700",36.269,-108.167,"189523","603675","0",0.160000000000000,02_10222888,"2",02_35,New Mexico,S371,,State,Paved,"2","104","4",0.000000000000000,"0",198.941816996100101,"1",7210.22897688185,-1031480.99844154,-372699.66057721,-1034100.3636483,-379417.273829899
"1673","1673","172570",36.287,-108.095,"189571","603658","0",0.160000000000000,02_10222672,"2",02_35,New Mexico,S371,,State,Paved,"2","104","4",0.000000000000000,"0",199.626680940534726,"1",11832.8728247364,-1025141.67800003,-371386.672870507,-1033216.37065872,-380036.309727282
"1674","1674","154625",36.29,-108.54,"188830","602855","0",0.160000000000000,02_10207575,"2",02_35,New Mexico,U666,,State,Paved,"2","104","3",3.000000000000000,"0",201.022215863906212,"1",14061.3850216673,-1062596.03316897,-366137.662660694,-1076593.39292108,-364797.338559056
"1675","1675","56652",36.972,-108.175,"188186","605441","0",0.160000000000000,02_10261154,"2",02_35,New Mexico,S170,,State,Paved,"2","88","3",0.000000000000000,"0",201.871398799801881,"1",1203.04238955933,-1021587.77157844,-290781.666833882,-1022525.57540407,-290028.118576823
"1676","1676","154613",36.269,-108.167,"189523","603675","0",0.160000000000000,02_10222888,"2",02_35,New Mexico,S371,,State,Paved,"2","104","4",0.000000000000000,"0",198.941816996100101,"1",7210.22897688185,-1031480.99844154,-372699.66057721,-1034100.3636483,-379417.273829899
"1677","1677","100677",36.3,-108.55,"188831","602848","0",0.160000000000000,02_10207590,"2",02_35,New Mexico,U666,,State,Paved,"2","104","3",3.000000000000000,"0",199.800433787479705,"1",13289.2271449326,-1063283.61437859,-364862.832581093,-1076553.28746733,-364142.184103995
"1678","1678","14518",36.315,-108.048,"189571","603658","0",0.160000000000000,02_10222672,"2",02_35,New Mexico,S371,,State,Paved,"2","104","4",0.000000000000000,"0",199.626680940534726,"1",16881.6689620511,-1020763.30635828,-368636.10577136,-1033183.91758658,-380069.353938864
"1679","1679","196542",36.086,-108.008,"188262","603536","0",0.160000000000000,02_10220141,"2",02_35,New Mexico,S371,,State,Paved,"2","104","4",0.000000000000000,"0",198.808942012543866,"1",15305.4466674201,-1020785.17701882,-395706.687364927,-1031933.87584363,-385220.352819294
"1680","1680","196544",36.184,-107.888,"188035","605804","0",0.170000000000000,02_10274881,"2",02_35,New Mexico,U550,,State,Paved,"4","112","3",7.000000000000000,"0",207.217316847288600,"1",14977.6043431459,-1009200.65644682,-385591.297286423,-995506.596488919,-379524.88535438
"1681","1681","222086",36.508,-108.321,"189726","603817","0",0.160000000000000,02_10225600,"2",02_35,New Mexico,S371,,State,Paved,"2","104","4",0.000000000000000,"0",199.111723612994638,"1",6099.15921551434,-1040829.55425124,-343211.122105892,-1035701.97159482,-346513.793636289
"1682","1682","154660",36.29,-108.54,"188830","602855","0",0.160000000000000,02_10207575,"2",02_35,New Mexico,U666,,State,Paved,"2","104","3",3.000000000000000,"0",201.022215863906212,"1",14061.3850216673,-1062596.03316897,-366137.662660694,-1076593.39292108,-364797.338559056
"1683","1683","154609",36.29,-108.54,"188830","602855","0",0.160000000000000,02_10207575,"2",02_35,New Mexico,U666,,State,Paved,"2","104","3",3.000000000000000,"0",201.022215863906212,"1",14061.3850216673,-1062596.03316897,-366137.662660694,-1076593.39292108,-364797.338559056
"1684","1684","54097",36.169,-107.799,"188033","605802","0",0.150000000000000,02_10274839,"2",02_35,New Mexico,U550,,State,Paved,"4","112","3",7.000000000000000,"0",185.926237181255146,"1",10732.7805948461,-1001902.80739555,-388280.65783822,-995256.856056228,-379853.089381511
"1685","1685","154373",36.16,-107.929,"188267","603540","0",0.160000000000000,02_10220220,"2",02_35,New Mexico,S371,,State,Paved,"2","104","4",0.000000000000000,"0",198.996998952532550,"1",18926.2213096114,-1013016.10393898,-387946.238782367,-1031619.1750376,-384463.76857284
"1686","1686","100582",36.217,-107.9,"188034","605806","0",0.170000000000000,02_10274857,"2",02_35,New Mexico,U550,,State,Paved,"4","112","3",7.000000000000000,"0",214.666038551808242,"1",14346.4630525511,-1009729.48303996,-381623.891919834,-995571.728472801,-379304.627438495
"1687","1687","154590",36.5,-108.083,"191287","605638","0",0.170000000000000,02_10271696,"2",02_35,New Mexico,U550,BLOOMFIELD BLVD,State,Paved,"4","112","3",7.000000000000000,"0",206.050389385848575,"1",10809.0969695751,-1020953.65661726,-346730.24528345,-1010958.84202972,-342614.390735692
"1688","1688","62490",36.486,-108.322,"189724","603813","0",0.160000000000000,02_10225566,"2",02_35,New Mexico,S371,,State,Paved,"2","104","4",0.000000000000000,"0",199.323922539351486,"1",5537.07450252703,-1041248.15815856,-345759.889538612,-1035803.39211276,-346766.724556391
"1689","1689","154630",36.269,-108.167,"189523","603675","0",0.160000000000000,02_10222888,"2",02_35,New Mexico,S371,,State,Paved,"2","104","4",0.000000000000000,"0",198.941816996100101,"1",7210.22897688185,-1031480.99844154,-372699.66057721,-1034100.3636483,-379417.273829899
"1690","1690","56569",36.155,-107.817,"188033","605802","0",0.150000000000000,02_10274839,"2",02_35,New Mexico,U550,,State,Paved,"4","112","3",7.000000000000000,"0",185.926237181255146,"1",12938.3487686631,-1003627.46002506,-389719.248768976,-995277.984623633,-379835.568817636
"1691","1691","56571",36.155,-107.817,"188033","605802","0",0.150000000000000,02_10274839,"2",02_35,New Mexico,U550,,State,Paved,"4","112","3",7.000000000000000,"0",185.926237181255146,"1",12938.3487686631,-1003627.46002506,-389719.248768976,-995277.984623633,-379835.568817636
"1692","1692","76762",36.344,-108.084,"189627","603716","0",0.160000000000000,02_10223904,"2",02_35,New Mexico,S371,,State,Paved,"2","104","4",0.000000000000000,"0",199.429897144965707,"1",14239.5913425487,-1023364.42694038,-364873.67990575,-1037481.55277312,-363010.156408333
"1693","1693","154596",36.3,-108.1,"189569","603660","0",0.160000000000000,02_10222651,"2",02_35,New Mexico,S371,,State,Paved,"2","104","4",0.000000000000000,"0",197.902494285252601,"1",12877.1118275081,-1025369.06080621,-369820.153677346,-1033387.19519695,-379896.339955409
"1694","1694","196541",36.086,-108.008,"188262","603536","0",0.160000000000000,02_10220141,"2",02_35,New Mexico,S371,,State,Paved,"2","104","4",0.000000000000000,"0",198.808942012543866,"1",15305.4466674201,-1020785.17701882,-395706.687364927,-1031933.87584363,-385220.352819294
"1695","1695","76106",36.344,-108.084,"189627","603716","0",0.160000000000000,02_10223904,"2",02_35,New Mexico,S371,,State,Paved,"2","104","4",0.000000000000000,"0",199.429897144965707,"1",14239.5913425487,-1023364.42694038,-364873.67990575,-1037481.55277312,-363010.156408333
"1696","1696","154385",36.29,-108.54,"188830","602855","0",0.160000000000000,02_10207575,"2",02_35,New Mexico,U666,,State,Paved,"2","104","3",3.000000000000000,"0",201.022215863906212,"1",14061.3850216673,-1062596.03316897,-366137.662660694,-1076593.39292108,-364797.338559056
"1697","1697","154601",36.29,-108.54,"188830","602855","0",0.160000000000000,02_10207575,"2",02_35,New Mexico,U666,,State,Paved,"2","104","3",3.000000000000000,"0",201.022215863906212,"1",14061.3850216673,-1062596.03316897,-366137.662660694,-1076593.39292108,-364797.338559056
"1698","1698","222084",36.508,-108.321,"189726","603817","0",0.160000000000000,02_10225600,"2",02_35,New Mexico,S371,,State,Paved,"2","104","4",0.000000000000000,"0",199.111723612994638,"1",6099.15921551434,-1040829.55425124,-343211.122105892,-1035701.97159482,-346513.793636289
"1699","1699","154610",36.269,-108.167,"189523","603675","0",0.160000000000000,02_10222888,"2",02_35,New Mexico,S371,,State,Paved,"2","104","4",0.000000000000000,"0",198.941816996100101,"1",7210.22897688185,-1031480.99844154,-372699.66057721,-1034100.3636483,-379417.273829899
"1700","1700","56009",36.388,-108.074,"189594","603736","0",0.160000000000000,02_10224410,"2",02_35,New Mexico,S371,,State,Paved,"2","104","4",0.000000000000000,"0",199.820711977368319,"1",15082.2145593781,-1021866.49073135,-359861.656934933,-1036820.60009271,-357900.0735889
"1701","1701","54098",36.169,-107.799,"188033","605802","0",0.150000000000000,02_10274839,"2",02_35,New Mexico,U550,,State,Paved,"4","112","3",7.000000000000000,"0",185.926237181255146,"1",10732.7805948461,-1001902.80739555,-388280.65783822,-995256.856056228,-379853.089381511
"1702","1702","62549",36.169,-107.906,"188031","605801","0",0.160000000000000,02_10274800,"2",02_35,New Mexico,U550,,State,Paved,"4","112","3",7.000000000000000,"0",198.914628075291176,"1",17211.9232544566,-1010941.02282435,-387144.702128828,-995493.403249181,-379553.829216038
"1702","1702","62549",36.169,-107.906,"188035","605804","0",0.170000000000000,02_10274881,"2",02_35,New Mexico,U550,,State,Paved,"4","112","3",7.000000000000000,"0",207.217316847288600,"2",17211.9232544566,-1010941.02282435,-387144.702128828,-995493.403249181,-379553.829216038
"1703","1703","56007",36.388,-108.074,"189594","603736","0",0.160000000000000,02_10224410,"2",02_35,New Mexico,S371,,State,Paved,"2","104","4",0.000000000000000,"0",199.820711977368319,"1",15082.2145593781,-1021866.49073135,-359861.656934933,-1036820.60009271,-357900.0735889
"1704","1704","154623",36.29,-108.54,"188830","602855","0",0.160000000000000,02_10207575,"2",02_35,New Mexico,U666,,State,Paved,"2","104","3",3.000000000000000,"0",201.022215863906212,"1",14061.3850216673,-1062596.03316897,-366137.662660694,-1076593.39292108,-364797.338559056
"1705","1705","53515",36.269,-108.167,"189523","603675","0",0.160000000000000,02_10222888,"2",02_35,New Mexico,S371,,State,Paved,"2","104","4",0.000000000000000,"0",198.941816996100101,"1",7210.22897688185,-1031480.99844154,-372699.66057721,-1034100.3636483,-379417.273829899
"1706","1706","56008",36.388,-108.074,"189594","603736","0",0.160000000000000,02_10224410,"2",02_35,New Mexico,S371,,State,Paved,"2","104","4",0.000000000000000,"0",199.820711977368319,"1",15082.2145593781,-1021866.49073135,-359861.656934933,-1036820.60009271,-357900.0735889
"1707","1707","56572",36.169,-107.817,"188032","605803","0",0.150000000000000,02_10274818,"2",02_35,New Mexico,U550,,State,Paved,"4","112","3",7.000000000000000,"0",191.437400687737068,"1",11594.471720574,-1003423.3444649,-388090.276218172,-995318.674120774,-379798.949841036
"1708","1708","222481",36.292,-108.55,"188830","602855","0",0.160000000000000,02_10207575,"2",02_35,New Mexico,U666,,State,Paved,"2","104","3",3.000000000000000,"0",201.022215863906212,"1",13222.3143317346,-1063407.47857539,-365792.991173433,-1076586.12387526,-364719.257338886
"1709","1709","53899",36.5,-108.083,"191287","605638","0",0.170000000000000,02_10271696,"2",02_35,New Mexico,U550,BLOOMFIELD BLVD,State,Paved,"4","112","3",7.000000000000000,"0",206.050389385848575,"1",10809.0969695751,-1020953.65661726,-346730.24528345,-1010958.84202972,-342614.390735692
"1710","1710","154397",36.269,-108.167,"189523","603675","0",0.160000000000000,02_10222888,"2",02_35,New Mexico,S371,,State,Paved,"2","104","4",0.000000000000000,"0",198.941816996100101,"1",7210.22897688185,-1031480.99844154,-372699.66057721,-1034100.3636483,-379417.273829899
"1711","1711","154418",36.29,-108.54,"188830","602855","0",0.160000000000000,02_10207575,"2",02_35,New Mexico,U666,,State,Paved,"2","104","3",3.000000000000000,"0",201.022215863906212,"1",14061.3850216673,-1062596.03316897,-366137.662660694,-1076593.39292108,-364797.338559056
"1712","1712","56570",36.155,-107.817,"188033","605802","0",0.150000000000000,02_10274839,"2",02_35,New Mexico,U550,,State,Paved,"4","112","3",7.000000000000000,"0",185.926237181255146,"1",12938.3487686631,-1003627.46002506,-389719.248768976,-995277.984623633,-379835.568817636
"1713","1713","196540",36.315,-108.031,"189571","603658","0",0.160000000000000,02_10222672,"2",02_35,New Mexico,S371,,State,Paved,"2","104","4",0.000000000000000,"0",199.626680940534726,"1",17844.2451679384,-1019330.73290373,-368819.028050388,-1033146.57491801,-380112.371003209
"1714","1714","76107",36.344,-108.084,"189627","603716","0",0.160000000000000,02_10223904,"2",02_35,New Mexico,S371,,State,Paved,"2","104","4",0.000000000000000,"0",199.429897144965707,"1",14239.5913425487,-1023364.42694038,-364873.67990575,-1037481.55277312,-363010.156408333
"1715","1715","222091",36.508,-108.321,"189726","603817","0",0.160000000000000,02_10225600,"2",02_35,New Mexico,S371,,State,Paved,"2","104","4",0.000000000000000,"0",199.111723612994638,"1",6099.15921551434,-1040829.55425124,-343211.122105892,-1035701.97159482,-346513.793636289
"1716","1716","154370",36.3,-108.1,"189569","603660","0",0.160000000000000,02_10222651,"2",02_35,New Mexico,S371,,State,Paved,"2","104","4",0.000000000000000,"0",197.902494285252601,"1",12877.1118275081,-1025369.06080621,-369820.153677346,-1033387.19519695,-379896.339955409
"1717","1717","154624",36.29,-108.54,"188830","602855","0",0.160000000000000,02_10207575,"2",02_35,New Mexico,U666,,State,Paved,"2","104","3",3.000000000000000,"0",201.022215863906212,"1",14061.3850216673,-1062596.03316897,-366137.662660694,-1076593.39292108,-364797.338559056
"1718","1718","154425",36.29,-108.54,"188830","602855","0",0.160000000000000,02_10207575,"2",02_35,New Mexico,U666,,State,Paved,"2","104","3",3.000000000000000,"0",201.022215863906212,"1",14061.3850216673,-1062596.03316897,-366137.662660694,-1076593.39292108,-364797.338559056
"1719","1719","62530",36.701,-108.296,"190500","604750","0",0.160000000000000,02_10246200,"2",02_35,New Mexico,U64,,State,Paved,"4","88","3",7.000000000000000,"0",193.745586822908052,"1",3833.09325965608,-1035799.69027261,-321023.962913092,-1036733.24005101,-317306.290422341
"1720","1720","154668",36.169,-107.799,"188033","605802","0",0.150000000000000,02_10274839,"2",02_35,New Mexico,U550,,State,Paved,"4","112","3",7.000000000000000,"0",185.926237181255146,"1",10732.7805948461,-1001902.80739555,-388280.65783822,-995256.856056228,-379853.089381511
"1721","1721","194876",36.3,-108.1,"189569","603660","0",0.160000000000000,02_10222651,"2",02_35,New Mexico,S371,,State,Paved,"2","104","4",0.000000000000000,"0",197.902494285252601,"1",12877.1118275081,-1025369.06080621,-369820.153677346,-1033387.19519695,-379896.339955409
"1722","1722","48839",36.371,-108.261,"189581","603734","0",0.160000000000000,02_10224032,"2",02_35,New Mexico,S371,,State,Paved,"2","104","4",0.000000000000000,"0",200.049486816616820,"1",788.631141854135,-1037862.5379235,-359808.102122938,-1037080.27391538,-359908.112619895
"1723","1723","154417",36.29,-108.54,"188830","602855","0",0.160000000000000,02_10207575,"2",02_35,New Mexico,U666,,State,Paved,"2","104","3",3.000000000000000,"0",201.022215863906212,"1",14061.3850216673,-1062596.03316897,-366137.662660694,-1076593.39292108,-364797.338559056
"1724","1724","154594",36.16,-107.929,"188267","603540","0",0.160000000000000,02_10220220,"2",02_35,New Mexico,S371,,State,Paved,"2","104","4",0.000000000000000,"0",198.996998952532550,"1",18926.2213096114,-1013016.10393898,-387946.238782367,-1031619.1750376,-384463.76857284
"1725","1725","154585",36.29,-108.54,"188830","602855","0",0.160000000000000,02_10207575,"2",02_35,New Mexico,U666,,State,Paved,"2","104","3",3.000000000000000,"0",201.022215863906212,"1",14061.3850216673,-1062596.03316897,-366137.662660694,-1076593.39292108,-364797.338559056
"1726","1726","154595",36.28,-108.1,"189571","603658","0",0.160000000000000,02_10222672,"2",02_35,New Mexico,S371,,State,Paved,"2","104","4",0.000000000000000,"0",199.626680940534726,"1",10918.9985900323,-1025667.67590491,-372146.96642616,-1033216.37065872,-380036.309727282
"1727","1727","171030",36.344,-108.084,"189627","603716","0",0.160000000000000,02_10223904,"2",02_35,New Mexico,S371,,State,Paved,"2","104","4",0.000000000000000,"0",199.429897144965707,"1",14239.5913425487,-1023364.42694038,-364873.67990575,-1037481.55277312,-363010.156408333
"1728","1728","154387",36.269,-108.167,"189523","603675","0",0.160000000000000,02_10222888,"2",02_35,New Mexico,S371,,State,Paved,"2","104","4",0.000000000000000,"0",198.941816996100101,"1",7210.22897688185,-1031480.99844154,-372699.66057721,-1034100.3636483,-379417.273829899
"1729","1729","47189",36.344,-108.084,"189627","603716","0",0.160000000000000,02_10223904,"2",02_35,New Mexico,S371,,State,Paved,"2","104","4",0.000000000000000,"0",199.429897144965707,"1",14239.5913425487,-1023364.42694038,-364873.67990575,-1037481.55277312,-363010.156408333
"1730","1730","196543",36.186,-107.889,"188035","605804","0",0.170000000000000,02_10274881,"2",02_35,New Mexico,U550,,State,Paved,"4","112","3",7.000000000000000,"0",207.217316847288600,"1",14931.4355342888,-1009255.76586051,-385347.952304521,-995506.596488919,-379524.88535438
"1731","1731","154600",36.29,-108.54,"188830","602855","0",0.160000000000000,02_10207575,"2",02_35,New Mexico,U666,,State,Paved,"2","104","3",3.000000000000000,"0",201.022215863906212,"1",14061.3850216673,-1062596.03316897,-366137.662660694,-1076593.39292108,-364797.338559056
"1732","1732","154611",36.269,-108.167,"189523","603675","0",0.160000000000000,02_10222888,"2",02_35,New Mexico,S371,,State,Paved,"2","104","4",0.000000000000000,"0",198.941816996100101,"1",7210.22897688185,-1031480.99844154,-372699.66057721,-1034100.3636483,-379417.273829899
"1733","1733","156486",36.151,-107.925,"188265","603538","0",0.160000000000000,02_10220192,"2",02_35,New Mexico,S371,,State,Paved,"2","104","4",0.000000000000000,"0",198.953463311368694,"1",19350.5882209037,-1012810.62437323,-389036.008408359,-1031675.5151138,-384727.741721937
"1734","1734","96813",36.292,-108.55,"188830","602855","0",0.160000000000000,02_10207575,"2",02_35,New Mexico,U666,,State,Paved,"2","104","3",3.000000000000000,"0",201.022215863906212,"1",13222.3143317346,-1063407.47857539,-365792.991173433,-1076586.12387526,-364719.257338886
"1735","1735","154669",36.29,-108.54,"188830","602855","0",0.160000000000000,02_10207575,"2",02_35,New Mexico,U666,,State,Paved,"2","104","3",3.000000000000000,"0",201.022215863906212,"1",14061.3850216673,-1062596.03316897,-366137.662660694,-1076593.39292108,-364797.338559056
"1736","1736","56006",36.388,-108.074,"189594","603736","0",0.160000000000000,02_10224410,"2",02_35,New Mexico,S371,,State,Paved,"2","104","4",0.000000000000000,"0",199.820711977368319,"1",15082.2145593781,-1021866.49073135,-359861.656934933,-1036820.60009271,-357900.0735889
"1737","1737","39231",36.186,-107.889,"188035","605804","0",0.170000000000000,02_10274881,"2",02_35,New Mexico,U550,,State,Paved,"4","112","3",7.000000000000000,"0",207.217316847288600,"1",14931.4355342888,-1009255.76586051,-385347.952304521,-995506.596488919,-379524.88535438
"1738","1738","196539",36.315,-108.031,"189571","603658","0",0.160000000000000,02_10222672,"2",02_35,New Mexico,S371,,State,Paved,"2","104","4",0.000000000000000,"0",199.626680940534726,"1",17844.2451679384,-1019330.73290373,-368819.028050388,-1033146.57491801,-380112.371003209
"1739","1739","62487",36.344,-108.091,"189627","603716","0",0.160000000000000,02_10223904,"2",02_35,New Mexico,S371,,State,Paved,"2","104","4",0.000000000000000,"0",199.429897144965707,"1",13645.174157971,-1023954.02276198,-364798.092239903,-1037481.84360766,-363012.359625952
"1740","1740","56016",36.388,-108.074,"189594","603736","0",0.160000000000000,02_10224410,"2",02_35,New Mexico,S371,,State,Paved,"2","104","4",0.000000000000000,"0",199.820711977368319,"1",15082.2145593781,-1021866.49073135,-359861.656934933,-1036820.60009271,-357900.0735889
"1741","1741","154394",36.29,-108.54,"188830","602855","0",0.160000000000000,02_10207575,"2",02_35,New Mexico,U666,,State,Paved,"2","104","3",3.000000000000000,"0",201.022215863906212,"1",14061.3850216673,-1062596.03316897,-366137.662660694,-1076593.39292108,-364797.338559056
"1742","1742","62314",36.086,-108.008,"188262","603536","0",0.160000000000000,02_10220141,"2",02_35,New Mexico,S371,,State,Paved,"2","104","4",0.000000000000000,"0",198.808942012543866,"1",15305.4466674201,-1020785.17701882,-395706.687364927,-1031933.87584363,-385220.352819294
"1743","1743","154390",36.29,-108.54,"188830","602855","0",0.160000000000000,02_10207575,"2",02_35,New Mexico,U666,,State,Paved,"2","104","3",3.000000000000000,"0",201.022215863906212,"1",14061.3850216673,-1062596.03316897,-366137.662660694,-1076593.39292108,-364797.338559056
"1744","1744","62548",36.169,-107.906,"188031","605801","0",0.160000000000000,02_10274800,"2",02_35,New Mexico,U550,,State,Paved,"4","112","3",7.000000000000000,"0",198.914628075291176,"1",17211.9232544566,-1010941.02282435,-387144.702128828,-995493.403249181,-379553.829216038
"1744","1744","62548",36.169,-107.906,"188035","605804","0",0.170000000000000,02_10274881,"2",02_35,New Mexico,U550,,State,Paved,"4","112","3",7.000000000000000,"0",207.217316847288600,"2",17211.9232544566,-1010941.02282435,-387144.702128828,-995493.403249181,-379553.829216038
"1745","1745","154622",36.29,-108.54,"188830","602855","0",0.160000000000000,02_10207575,"2",02_35,New Mexico,U666,,State,Paved,"2","104","3",3.000000000000000,"0",201.022215863906212,"1",14061.3850216673,-1062596.03316897,-366137.662660694,-1076593.39292108,-364797.338559056
"1746","1746","76753",36.155,-107.817,"188033","605802","0",0.150000000000000,02_10274839,"2",02_35,New Mexico,U550,,State,Paved,"4","112","3",7.000000000000000,"0",185.926237181255146,"1",12938.3487686631,-1003627.46002506,-389719.248768976,-995277.984623633,-379835.568817636
"1747","1747","47822",37.821,-110.353,"149063","563416","0",58.130000000000003,02_8754704,"2",02_49,Utah,S95,,State,Paved,"2","104","4",0.000000000000000,"0",73562.832714214615407,"1",46.7855460709558,-1187998.93000248,-166581.009947133,-1188022.05970555,-166621.678167613
"1748","1748","62547",36.169,-107.888,"188031","605801","0",0.160000000000000,02_10274800,"2",02_35,New Mexico,U550,,State,Paved,"4","112","3",7.000000000000000,"0",198.914628075291176,"1",15952.4536343908,-1009420.66516127,-387336.511192349,-995469.131627533,-379601.170927404
"1749","1749","48838",36.184,-107.888,"188035","605804","0",0.170000000000000,02_10274881,"2",02_35,New Mexico,U550,,State,Paved,"4","112","3",7.000000000000000,"0",207.217316847288600,"1",14977.6043431459,-1009200.65644682,-385591.297286423,-995506.596488919,-379524.88535438
"1750","1750","56017",36.388,-108.074,"189594","603736","0",0.160000000000000,02_10224410,"2",02_35,New Mexico,S371,,State,Paved,"2","104","4",0.000000000000000,"0",199.820711977368319,"1",15082.2145593781,-1021866.49073135,-359861.656934933,-1036820.60009271,-357900.0735889
"1751","1751","154591",36.5,-108.083,"191287","605638","0",0.170000000000000,02_10271696,"2",02_35,New Mexico,U550,BLOOMFIELD BLVD,State,Paved,"4","112","3",7.000000000000000,"0",206.050389385848575,"1",10809.0969695751,-1020953.65661726,-346730.24528345,-1010958.84202972,-342614.390735692
"1752","1752","233506",36.269,-108.167,"189523","603675","0",0.160000000000000,02_10222888,"2",02_35,New Mexico,S371,,State,Paved,"2","104","4",0.000000000000000,"0",198.941816996100101,"1",7210.22897688185,-1031480.99844154,-372699.66057721,-1034100.3636483,-379417.273829899
"1753","1753","56005",36.388,-108.074,"189594","603736","0",0.160000000000000,02_10224410,"2",02_35,New Mexico,S371,,State,Paved,"2","104","4",0.000000000000000,"0",199.820711977368319,"1",15082.2145593781,-1021866.49073135,-359861.656934933,-1036820.60009271,-357900.0735889
"1754","1754","100583",36.333,-108.033,"191366","605544","0",0.170000000000000,02_10269746,"2",02_35,New Mexico,U550,BLOOMFIELD BLVD,State,Paved,"4","112","3",7.000000000000000,"0",211.186737265177555,"1",17371.0828388405,-1019231.98134941,-366703.060446738,-1002479.40811477,-362108.95454765
"1755","1755","62483",36.353,-108.121,"189633","603724","0",0.160000000000000,02_10223946,"2",02_35,New Mexico,S371,,State,Paved,"2","104","4",0.000000000000000,"0",199.728032998229793,"1",11096.7781304004,-1026346.17454566,-363426.495983056,-1037349.64472621,-361990.484541219
"1756","1756","154621",36.29,-108.54,"188830","602855","0",0.160000000000000,02_10207575,"2",02_35,New Mexico,U666,,State,Paved,"2","104","3",3.000000000000000,"0",201.022215863906212,"1",14061.3850216673,-1062596.03316897,-366137.662660694,-1076593.39292108,-364797.338559056
"1757","1757","55296",36.14,-107.799,"188022","605793","0",0.150000000000000,02_10274352,"2",02_35,New Mexico,U550,,State,Paved,"4","112","3",7.000000000000000,"0",184.984768486923883,"1",13665.0732419331,-1002324.9711691,-391654.987799562,-994056.986515487,-380774.976013031
"1758","1758","56015",36.388,-108.074,"189594","603736","0",0.160000000000000,02_10224410,"2",02_35,New Mexico,S371,,State,Paved,"2","104","4",0.000000000000000,"0",199.820711977368319,"1",15082.2145593781,-1021866.49073135,-359861.656934933,-1036820.60009271,-357900.0735889
"1759","1759","154587",36.29,-108.54,"188830","602855","0",0.160000000000000,02_10207575,"2",02_35,New Mexico,U666,,State,Paved,"2","104","3",3.000000000000000,"0",201.022215863906212,"1",14061.3850216673,-1062596.03316897,-366137.662660694,-1076593.39292108,-364797.338559056
"1760","1760","128562",36.169,-107.888,"188031","605801","0",0.160000000000000,02_10274800,"2",02_35,New Mexico,U550,,State,Paved,"4","112","3",7.000000000000000,"0",198.914628075291176,"1",15952.4536343908,-1009420.66516127,-387336.511192349,-995469.131627533,-379601.170927404
"1761","1761","56012",36.388,-108.074,"189594","603736","0",0.160000000000000,02_10224410,"2",02_35,New Mexico,S371,,State,Paved,"2","104","4",0.000000000000000,"0",199.820711977368319,"1",15082.2145593781,-1021866.49073135,-359861.656934933,-1036820.60009271,-357900.0735889
"1762","1762","62479",36.522,-108.411,"189725","603816","0",0.160000000000000,02_10225584,"2",02_35,New Mexico,S371,,State,Paved,"2","104","4",0.000000000000000,"0",200.849901393895493,"1",13801.5963721753,-1048174.6051588,-340590.605357981,-1035746.63080511,-346593.064511075
"1763","1763","154612",36.29,-108.54,"188830","602855","0",0.160000000000000,02_10207575,"2",02_35,New Mexico,U666,,State,Paved,"2","104","3",3.000000000000000,"0",201.022215863906212,"1",14061.3850216673,-1062596.03316897,-366137.662660694,-1076593.39292108,-364797.338559056
"1764","1764","154614",36.3,-108.1,"189569","603660","0",0.160000000000000,02_10222651,"2",02_35,New Mexico,S371,,State,Paved,"2","104","4",0.000000000000000,"0",197.902494285252601,"1",12877.1118275081,-1025369.06080621,-369820.153677346,-1033387.19519695,-379896.339955409
"1765","1765","56567",36.155,-107.817,"188033","605802","0",0.150000000000000,02_10274839,"2",02_35,New Mexico,U550,,State,Paved,"4","112","3",7.000000000000000,"0",185.926237181255146,"1",12938.3487686631,-1003627.46002506,-389719.248768976,-995277.984623633,-379835.568817636
"1766","1766","222074",36.508,-108.321,"189726","603817","0",0.160000000000000,02_10225600,"2",02_35,New Mexico,S371,,State,Paved,"2","104","4",0.000000000000000,"0",199.111723612994638,"1",6099.15921551434,-1040829.55425124,-343211.122105892,-1035701.97159482,-346513.793636289
"1767","1767","128561",36.184,-107.888,"188035","605804","0",0.170000000000000,02_10274881,"2",02_35,New Mexico,U550,,State,Paved,"4","112","3",7.000000000000000,"0",207.217316847288600,"1",14977.6043431459,-1009200.65644682,-385591.297286423,-995506.596488919,-379524.88535438
"1768","1768","210631",36.292,-108.55,"188830","602855","0",0.160000000000000,02_10207575,"2",02_35,New Mexico,U666,,State,Paved,"2","104","3",3.000000000000000,"0",201.022215863906212,"1",13222.3143317346,-1063407.47857539,-365792.991173433,-1076586.12387526,-364719.257338886
"1769","1769","154592",36.29,-108.54,"188830","602855","0",0.160000000000000,02_10207575,"2",02_35,New Mexico,U666,,State,Paved,"2","104","3",3.000000000000000,"0",201.022215863906212,"1",14061.3850216673,-1062596.03316897,-366137.662660694,-1076593.39292108,-364797.338559056
"1770","1770","154570",36.3,-108.1,"189569","603660","0",0.160000000000000,02_10222651,"2",02_35,New Mexico,S371,,State,Paved,"2","104","4",0.000000000000000,"0",197.902494285252601,"1",12877.1118275081,-1025369.06080621,-369820.153677346,-1033387.19519695,-379896.339955409
"1771","1771","222071",35.689,-106.866,"210603","624795","0",0.160000000000000,02_10672009,"2",02_35,New Mexico,U550,,State,Paved,"4","112","3",7.000000000000000,"0",192.532471971964725,"1",3666.33784231205,-929474.69514682,-453644.716492316,-932207.474587083,-456088.882956541
"1772","1772","154584",36.29,-108.54,"188830","602855","0",0.160000000000000,02_10207575,"2",02_35,New Mexico,U666,,State,Paved,"2","104","3",3.000000000000000,"0",201.022215863906212,"1",14061.3850216673,-1062596.03316897,-366137.662660694,-1076593.39292108,-364797.338559056
"1773","1773","154571",36.169,-107.799,"188033","605802","0",0.150000000000000,02_10274839,"2",02_35,New Mexico,U550,,State,Paved,"4","112","3",7.000000000000000,"0",185.926237181255146,"1",10732.7805948461,-1001902.80739555,-388280.65783822,-995256.856056228,-379853.089381511
"1774","1774","62478",36.517,-108.411,"189725","603816","0",0.160000000000000,02_10225584,"2",02_35,New Mexico,S371,,State,Paved,"2","104","4",0.000000000000000,"0",200.849901393895493,"1",13628.8133245978,-1048251.20099178,-341172.319538238,-1035764.83367229,-346634.478799892
"1775","1775","62480",36.406,-108.291,"189414","603762","0",0.160000000000000,02_10224529,"2",02_35,New Mexico,S371,,State,Paved,"2","104","4",0.000000000000000,"0",200.278978503252972,"1",3330.45385746816,-1039856.85236358,-355407.615297297,-1036554.8207374,-355841.792722379
"1776","1776","56566",36.155,-107.817,"188033","605802","0",0.150000000000000,02_10274839,"2",02_35,New Mexico,U550,,State,Paved,"4","112","3",7.000000000000000,"0",185.926237181255146,"1",12938.3487686631,-1003627.46002506,-389719.248768976,-995277.984623633,-379835.568817636
"1777","1777","14566",43.129,-104.495,"245254","667682","0",13.529999999999999,02_12671110,"2",02_56,Wyoming,S270,,State,Paved,"2","104","5",0.000000000000000,"0",18484.580102641943085,"1",8882.2780151406,-648838.073557044,398645.373304262,-650133.062233797,389858.003557556
"1778","1778","14591",43.203,-104.615,"148035","667677","0",3.520000000000000,02_12670749,"2",02_56,Wyoming,S272,,State,Paved,"2","88","6",0.000000000000000,"0",4825.480259964638208,"1",14184.9592179661,-657184.691140908,408183.026359696,-659505.076974488,394189.139208562
"1779","1779","150893",45.393,-103.7,"250308","668455","0",20.760000000000002,02_12846943,"2",02_46,South Dakota,U85,,State,Paved,"2","104","3",7.000000000000000,"0",29652.319543914421956,"1",10481.5242574882,-566546.923659026,660159.364848368,-556104.317010607,659256.969620817
"1780","1780","14585",43.116,-104.637,"148035","667677","0",3.520000000000000,02_12670749,"2",02_56,Wyoming,S272,,State,Paved,"2","88","6",0.000000000000000,"0",4825.480259964638208,"1",3916.71294558207,-659793.887937409,398095.189454755,-659505.076974488,394189.139208562
"1781","1781","45878",43.442,-104.412,"245278","667699","0",5.840000000000000,02_12680739,"2",02_56,Wyoming,U85,,State,Paved,"2","104","3",7.000000000000000,"0",8057.295277948353942,"1",15604.3359186152,-639236.76493942,434931.056430346,-623634.240753491,435168.834664153
"1782","1782","14590",43,-104.5,"245254","667682","0",13.529999999999999,02_12671110,"2",02_56,Wyoming,S270,,State,Paved,"2","104","5",0.000000000000000,"0",18484.580102641943085,"1",6361.00931044692,-650584.23381002,383493.639963334,-649688.971856853,389791.333627113
"1783","1783","14514",41.568,-108.668,"148270","635021","0",14.070000000000000,02_11014276,"2",02_56,Wyoming,I80,,State,Paved,"4","104","1",1.000000000000000,"0",18818.842741010816098,"1",9326.53197676587,-990557.799056382,251381.126042614,-988954.54461505,260568.82291996
"1784","1784","45844",41.568,-108.649,"148270","635021","0",14.070000000000000,02_11014276,"2",02_56,Wyoming,I80,,State,Paved,"4","104","1",1.000000000000000,"0",18818.842741010816098,"1",9293.72734532909,-989080.952722575,251182.741859667,-988038.533286989,260417.823325991
"1785","1785","226054",47.479,-104.484,"245439","669286","0",1.770000000000000,02_13009290,"2",02_30,Montana,S16,,State,Paved,"2","112","3",7.000000000000000,"0",2621.939167048744821,"1",10018.1730883291,-602074.852477554,910360.620547952,-592094.853032838,909486.891121191
"1786","1786","52089",42.09,-106.884,"222425","637860","0",18.250000000000000,02_11225338,"2",02_56,Wyoming,U30,,State,Paved,"2","104","4",0.000000000000000,"0",24460.177858002291032,"1",36481.4147655797,-844659.673772297,295308.012157848,-830146.732963654,261837.604744985
"1787","1787","14538",43.167,-104.533,"148035","667677","0",3.520000000000000,02_12670749,"2",02_56,Wyoming,S272,,State,Paved,"2","88","6",0.000000000000000,"0",4825.480259964638208,"1",12300.8116925539,-651328.901280789,403379.357885037,-659505.076974488,394189.139208562
"1788","1788","57163",43.267,-104.617,"148035","667677","0",3.520000000000000,02_12670749,"2",02_56,Wyoming,S272,,State,Paved,"2","88","6",0.000000000000000,"0",4825.480259964638208,"1",21729.6279258954,-656650.165888021,415730.406870568,-659505.076974488,394189.139208562
"1789","1789","26760",43.505,-104.427,"245278","667699","0",5.840000000000000,02_12680739,"2",02_56,Wyoming,U85,,State,Paved,"2","104","3",7.000000000000000,"0",8057.295277948353942,"1",17176.4072710237,-639712.532029644,442449.645350715,-622752.385705048,439732.587495544
"1790","1790","14505",43.183,-104.533,"148035","667677","0",3.520000000000000,02_12670749,"2",02_56,Wyoming,S272,,State,Paved,"2","88","6",0.000000000000000,"0",4825.480259964638208,"1",13866.7265819365,-651158.903747266,405262.869319026,-659505.076974488,394189.139208562
"1791","1791","14564",43,-104.5,"245254","667682","0",13.529999999999999,02_12671110,"2",02_56,Wyoming,S270,,State,Paved,"2","104","5",0.000000000000000,"0",18484.580102641943085,"1",6361.00931044692,-650584.23381002,383493.639963334,-649688.971856853,389791.333627113
"1792","1792","14557",43.3,-104.367,"245274","667693","0",16.359999999999999,02_12680038,"2",02_56,Wyoming,U18,,State,Paved,"2","104","3",3.000000000000000,"0",22510.612151107587124,"1",5019.5485354773,-637305.571206207,417909.180741167,-632307.321510031,417447.263568192
"1793","1793","14570",43.25,-104.517,"245272","667695","0",9.000000000000000,02_12679796,"2",02_56,Wyoming,U18,,State,Paved,"2","104","3",3.000000000000000,"0",12371.978123299137224,"1",16291.8827167334,-649230.684750205,413040.448748751,-634102.034762903,406994.839431444
"1794","1794","52106",43.152,-104.622,"148035","667677","0",3.520000000000000,02_12670749,"2",02_56,Wyoming,S272,,State,Paved,"2","88","6",0.000000000000000,"0",4825.480259964638208,"1",8134.37488001812,-658264.708521323,402228.389222653,-659505.076974488,394189.139208562
"1795","1795","14526",44.936,-108.854,"147529","662939","0",23.920000000000002,02_12377328,"2",02_56,Wyoming,S295,,State,Paved,"2","104","5",0.000000000000000,"0",33801.189687776262872,"1",2364.31214282439,-951207.426628851,647723.809548798,-948872.726181543,648096.831974462
"1796","1796","22638",43.349,-104.482,"245274","667693","0",16.359999999999999,02_12680038,"2",02_56,Wyoming,U18,,State,Paved,"2","104","3",3.000000000000000,"0",22510.612151107587124,"1",14868.9227966597,-645524.24615442,424456.255537454,-632168.032868171,417922.004869992
"1797","1797","14579",43,-104.5,"245254","667682","0",13.529999999999999,02_12671110,"2",02_56,Wyoming,S270,,State,Paved,"2","104","5",0.000000000000000,"0",18484.580102641943085,"1",6361.00931044692,-650584.23381002,383493.639963334,-649688.971856853,389791.333627113
"1798","1798","14625",43,-104.5,"245254","667682","0",13.529999999999999,02_12671110,"2",02_56,Wyoming,S270,,State,Paved,"2","104","5",0.000000000000000,"0",18484.580102641943085,"1",6361.00931044692,-650584.23381002,383493.639963334,-649688.971856853,389791.333627113
"1799","1799","14519",43.15,-104.567,"148035","667677","0",3.520000000000000,02_12670749,"2",02_56,Wyoming,S272,,State,Paved,"2","88","6",0.000000000000000,"0",4825.480259964638208,"1",9183.39012508842,-654098.426126795,401612.263941497,-659505.076974488,394189.139208562
"1800","1800","14626",43,-104.5,"245254","667682","0",13.529999999999999,02_12671110,"2",02_56,Wyoming,S270,,State,Paved,"2","104","5",0.000000000000000,"0",18484.580102641943085,"1",6361.00931044692,-650584.23381002,383493.639963334,-649688.971856853,389791.333627113
"1801","1801","14606",43.14,-104.577,"148035","667677","0",3.520000000000000,02_12670749,"2",02_56,Wyoming,S272,,State,Paved,"2","88","6",0.000000000000000,"0",4825.480259964638208,"1",7776.68872460143,-654966.646447397,400504.163822141,-659505.076974488,394189.139208562
"1802","1802","14527",43,-104.5,"245254","667682","0",13.529999999999999,02_12671110,"2",02_56,Wyoming,S270,,State,Paved,"2","104","5",0.000000000000000,"0",18484.580102641943085,"1",6361.00931044692,-650584.23381002,383493.639963334,-649688.971856853,389791.333627113
"1803","1803","179991",47.79,-104.56,"245427","669283","0",4.850000000000000,02_13008830,"2",02_30,Montana,S200,,State,Paved,"2","112","4",0.000000000000000,"0",7196.175643581872464,"1",10217.2357549498,-604147.163638512,947364.081260251,-604950.494510341,937178.475437199
"1804","1804","14587",43.116,-104.637,"148035","667677","0",3.520000000000000,02_12670749,"2",02_56,Wyoming,S272,,State,Paved,"2","88","6",0.000000000000000,"0",4825.480259964638208,"1",3916.71294558207,-659793.887937409,398095.189454755,-659505.076974488,394189.139208562
"1805","1805","14577",43.233,-104.583,"148035","667677","0",3.520000000000000,02_12670749,"2",02_56,Wyoming,S272,,State,Paved,"2","88","6",0.000000000000000,"0",4825.480259964638208,"1",18032.8751150397,-654429.686416344,411493.040375551,-659505.076974488,394189.139208562
"1806","1806","225939",43.279,-104.382,"245274","667693","0",16.359999999999999,02_12680038,"2",02_56,Wyoming,U18,,State,Paved,"2","104","3",3.000000000000000,"0",22510.612151107587124,"1",6394.86337199205,-638664.316808546,415537.606609521,-632270.978071973,415677.239506369
"1807","1807","14589",43.107,-104.583,"148035","667677","0",3.520000000000000,02_12670749,"2",02_56,Wyoming,S272,,State,Paved,"2","88","6",0.000000000000000,"0",4825.480259964638208,"1",4473.7997462105,-655776.238603171,396661.111815568,-659505.076974488,394189.139208562
"1808","1808","14565",43.165,-104.569,"148035","667677","0",3.520000000000000,02_12670749,"2",02_56,Wyoming,S272,,State,Paved,"2","88","6",0.000000000000000,"0",4825.480259964638208,"1",10677.2943593506,-654090.669174461,403391.791163907,-659505.076974488,394189.139208562
"1809","1809","60172",43.369,-104.698,"245274","667693","0",16.359999999999999,02_12680038,"2",02_56,Wyoming,U18,,State,Paved,"2","104","3",3.000000000000000,"0",22510.612151107587124,"1",31291.8883004262,-661700.78724574,428299.84541166,-632239.715251978,417753.40002069
"1810","1810","26626",44.24,-109.02,"147497","662912","0",13.949999999999999,02_12370802,"2",02_56,Wyoming,S120,,State,Paved,"2","88","3",7.000000000000000,"0",19491.699744180801645,"1",10423.7191925376,-974677.11700447,567914.890959541,-966072.891660454,573798.871587847
"1811","1811","45845",41.643,-107.649,"148232","635094","0",7.850000000000000,02_11033554,"2",02_56,Wyoming,S789,,State,Paved,"2","104","4",0.000000000000000,"0",10530.560994969646345,"1",7874.59045614726,-910211.669982231,249951.830265461,-917281.725236743,253419.32122438
"1812","1812","14644",43,-104.5,"245254","667682","0",13.529999999999999,02_12671110,"2",02_56,Wyoming,S270,,State,Paved,"2","104","5",0.000000000000000,"0",18484.580102641943085,"1",6361.00931044692,-650584.23381002,383493.639963334,-649688.971856853,389791.333627113
"1813","1813","14596",43.15,-104.567,"148035","667677","0",3.520000000000000,02_12670749,"2",02_56,Wyoming,S272,,State,Paved,"2","88","6",0.000000000000000,"0",4825.480259964638208,"1",9183.39012508842,-654098.426126795,401612.263941497,-659505.076974488,394189.139208562
"1814","1814","50085",43.272,-104.571,"245274","667693","0",16.359999999999999,02_12680038,"2",02_56,Wyoming,U18,,State,Paved,"2","104","3",3.000000000000000,"0",22510.612151107587124,"1",20813.2429333044,-653101.001806138,416001.207840257,-632297.047122759,416622.940043603
"1815","1815","14567",43.149,-104.485,"245257","667684","0",4.200000000000000,02_12671988,"2",02_56,Wyoming,U18,,State,Paved,"2","104","3",3.000000000000000,"0",5762.055349849713821,"1",10597.4326308831,-647865.023863885,400931.451164173,-638208.367111561,396566.298390914
"1816","1816","14524",43.217,-104.567,"148035","667677","0",3.520000000000000,02_12670749,"2",02_56,Wyoming,S272,,State,Paved,"2","88","6",0.000000000000000,"0",4825.480259964638208,"1",16488.4670113557,-653383.731712706,409499.223354987,-659505.076974488,394189.139208562
"1817","1817","14511",43.101,-104.597,"148035","667677","0",3.520000000000000,02_12670749,"2",02_56,Wyoming,S272,,State,Paved,"2","88","6",0.000000000000000,"0",4825.480259964638208,"1",3196.62662313288,-656907.189285814,396051.772109795,-659505.076974488,394189.139208562
"1818","1818","180016",43.184,-104.514,"245258","667670","0",5.690000000000000,02_12672110,"2",02_56,Wyoming,U18,,State,Paved,"2","104","3",3.000000000000000,"0",7817.193367202688023,"1",13917.1900832856,-649702.304654282,405250.227707122,-636772.302994366,400102.098251789
"1819","1819","179970",45.461,-103.842,"250308","668455","0",20.760000000000002,02_12846943,"2",02_46,South Dakota,U85,,State,Paved,"2","104","3",7.000000000000000,"0",29652.319543914421956,"1",21807.6540984182,-576307.455357509,669022.50813948,-554566.856870866,667313.662119852
"1820","1820","46119",42.196,-104.457,"245352","667589","0",7.560000000000000,02_12646086,"2",02_56,Wyoming,U26,,State,Paved,"2","104","3",7.000000000000000,"0",10194.535372418258703,"1",934.659955308124,-655766.959636768,288560.959323987,-656375.095265267,287851.198597118
"1821","1821","57158",43.233,-104.5,"245272","667695","0",9.000000000000000,02_12679796,"2",02_56,Wyoming,U18,,State,Paved,"2","104","3",3.000000000000000,"0",12371.978123299137224,"1",14479.5422621582,-648118.220895204,410922.82447994,-634525.860102081,405932.346327378
"1822","1822","14643",43.2,-104.467,"245272","667695","0",9.000000000000000,02_12679796,"2",02_56,Wyoming,U18,,State,Paved,"2","104","3",3.000000000000000,"0",12371.978123299137224,"1",11020.3607918036,-645956.622362796,406812.635096823,-635727.270805398,402712.791356302
"1823","1823","225936",43.662,-106.319,"247853","664904","0",28.420000000000002,02_12494614,"2",02_56,Wyoming,S192,,State,Paved,"2","88","5",0.000000000000000,"0",39290.657134596222022,"1",3823.10147887011,-780807.010222491,475093.732563384,-778353.207630992,478025.448402221
"1824","1824","14598",43.8,-104.617,"245265","667686","0",5.880000000000000,02_12676261,"2",02_56,Wyoming,S450,,State,Paved,"2","104","4",0.000000000000000,"0",8137.970036365007218,"1",6197.8000610704,-650931.306014117,478472.276181002,-649806.822020821,472377.338827278
"1825","1825","46134",43.231,-104.649,"148035","667677","0",3.520000000000000,02_12670749,"2",02_56,Wyoming,S272,,State,Paved,"2","88","6",0.000000000000000,"0",4825.480259964638208,"1",17525.8907395384,-659469.622277282,411714.994085819,-659505.076974488,394189.139208562
"1826","1826","46136",43.181,-104.551,"148035","667677","0",3.520000000000000,02_12670749,"2",02_56,Wyoming,S272,,State,Paved,"2","88","6",0.000000000000000,"0",4825.480259964638208,"1",12982.2580426552,-652550.066718151,405151.203622728,-659505.076974488,394189.139208562
"1827","1827","46131",43.158,-104.553,"148035","667677","0",3.520000000000000,02_12670749,"2",02_56,Wyoming,S272,,State,Paved,"2","88","6",0.000000000000000,"0",4825.480259964638208,"1",10553.2423619065,-652947.220284455,402457.478823147,-659505.076974488,394189.139208562
"1828","1828","34494",44.767,-100.7,"9747","668703","0",32.189999999999998,02_12986937,"2",02_46,South Dakota,U212,,State,Paved,"2","104","3",7.000000000000000,"0",45497.604010297560308,"1",34579.4366339446,-349719.11628532,571835.110013185,-364577.522154809,603059.542961415
"1829","1829","171094",43.256,-104.608,"148035","667677","0",3.520000000000000,02_12670749,"2",02_56,Wyoming,S272,,State,Paved,"2","88","6",0.000000000000000,"0",4825.480259964638208,"1",20471.9728203728,-656084.115920276,414373.259120603,-659505.076974488,394189.139208562
"1830","1830","50082",45.75,-101.2,"9700","668814","0",38.180000000000000,02_12989859,"2",02_46,South Dakota,S65,,State,Paved,"2","104","4",0.000000000000000,"0",54791.071660368957964,"1",9675.71249434441,-380519.780960773,689752.676873973,-389997.163572941,691701.684594787
"1831","1831","50087",43.274,-104.604,"148035","667677","0",3.520000000000000,02_12670749,"2",02_56,Wyoming,S272,,State,Paved,"2","88","6",0.000000000000000,"0",4825.480259964638208,"1",22617.1949741256,-655587.24496324,416464.419247862,-659505.076974488,394189.139208562
"1832","1832","14510",43,-104.5,"245254","667682","0",13.529999999999999,02_12671110,"2",02_56,Wyoming,S270,,State,Paved,"2","104","5",0.000000000000000,"0",18484.580102641943085,"1",6361.00931044692,-650584.23381002,383493.639963334,-649688.971856853,389791.333627113
"1833","1833","57161",43.067,-104.567,"148036","667674","0",6.560000000000000,02_12670945,"2",02_56,Wyoming,S270,,State,Paved,"2","104","5",0.000000000000000,"0",8957.962050005957281,"1",1347.20735259432,-654983.78172147,391841.985198492,-655087.5875194,390498.78305168
"1834","1834","91359",45.104,-104.917,"245383","662629","0",8.039999999999999,02_12818454,"2",02_30,Montana,U212,,State,Paved,"2","112","3",7.000000000000000,"0",11408.040565000983406,"1",12367.1627150885,-659051.966933544,634008.423762009,-650405.629166038,642850.796567522
"1835","1835","57166",43.267,-104.65,"148035","667677","0",3.520000000000000,02_12670749,"2",02_56,Wyoming,S272,,State,Paved,"2","88","6",0.000000000000000,"0",4825.480259964638208,"1",21773.0555884082,-659157.929448982,415959.427177522,-659505.076974488,394189.139208562
"1836","1836","137798",43.214,-104.554,"148035","667677","0",3.520000000000000,02_12670749,"2",02_56,Wyoming,S272,,State,Paved,"2","88","6",0.000000000000000,"0",4825.480259964638208,"1",16466.3320432191,-652426.901508548,409056.537199835,-659505.076974488,394189.139208562
"1837","1837","57764",42.967,-105.534,"248249","664967","0",14.109999999999999,02_12506725,"2",02_56,Wyoming,S93,,State,Paved,"2","104","5",0.000000000000000,"0",19279.223420547721616,"1",5349.37675017359,-729865.030046147,387139.406103424,-734573.218811107,384599.959280038
"1838","1838","50084",44.998,-103.183,"250309","667939","0",37.039999999999999,02_12847182,"2",02_46,South Dakota,S79,,State,Paved,"2","104","5",0.000000000000000,"0",52490.213659165223362,"1",11430.7785266781,-532115.993722495,610632.526615265,-539131.993953585,619656.85143673
"1839","1839","14586",43.188,-104.459,"245258","667670","0",5.690000000000000,02_12672110,"2",02_56,Wyoming,U18,,State,Paved,"2","104","3",3.000000000000000,"0",7817.193367202688023,"1",10026.717544578,-645474.310977212,405345.411697554,-636160.232451695,401632.864601659
"1840","1840","179969",45.393,-103.967,"250308","668455","0",20.760000000000002,02_12846943,"2",02_46,South Dakota,U85,,State,Paved,"2","104","3",7.000000000000000,"0",29652.319543914421956,"1",30148.2907883798,-586146.62737694,661782.642860494,-556104.317010607,659256.969620817
"1841","1841","47628",45.668,-101.481,"9700","668814","0",38.180000000000000,02_12989859,"2",02_46,South Dakota,S65,,State,Paved,"2","104","4",0.000000000000000,"0",54791.071660368957964,"1",8786.69088635253,-401619.897305246,681240.60397017,-393878.621632248,677083.851910333
"1842","1842","14588",43.118,-104.641,"148035","667677","0",3.520000000000000,02_12670749,"2",02_56,Wyoming,S272,,State,Paved,"2","88","6",0.000000000000000,"0",4825.480259964638208,"1",4208.36458984287,-660077.089955408,398358.447744842,-659505.076974488,394189.139208562
"1843","1843","14592",43.162,-104.619,"148035","667677","0",3.520000000000000,02_12670749,"2",02_56,Wyoming,S272,,State,Paved,"2","88","6",0.000000000000000,"0",4825.480259964638208,"1",9329.60834043016,-657928.982771514,403384.655444705,-659505.076974488,394189.139208562
"1844","1844","142326",45.482,-104.192,"245393","668123","0",3.180000000000000,02_12819120,"2",02_30,Montana,S323,,State,Paved,"2","88","5",0.000000000000000,"0",4544.209595950575022,"1",16533.7803548671,-601752.086366911,673669.445111924,-616664.785591372,680809.283671986
"1845","1845","14601",43,-104.5,"245254","667682","0",13.529999999999999,02_12671110,"2",02_56,Wyoming,S270,,State,Paved,"2","104","5",0.000000000000000,"0",18484.580102641943085,"1",6361.00931044692,-650584.23381002,383493.639963334,-649688.971856853,389791.333627113
"1846","1846","123098",43.021,-104.472,"245254","667682","0",13.529999999999999,02_12671110,"2",02_56,Wyoming,S270,,State,Paved,"2","104","5",0.000000000000000,"0",18484.580102641943085,"1",3763.92415127813,-648225.326968618,385773.968603808,-647701.814879877,389501.308152268
"1847","1847","57159",43.067,-104.6,"148036","667674","0",6.560000000000000,02_12670945,"2",02_56,Wyoming,S270,,State,Paved,"2","104","5",0.000000000000000,"0",8957.962050005957281,"1",1383.10559765613,-657499.861084624,392070.42687461,-657606.679670402,390691.452297614
"1848","1848","46125",42.584,-105.394,"248227","664964","0",21.440000000000001,02_12504859,"2",02_56,Wyoming,S94,,State,Paved,"2","88","6",0.000000000000000,"0",29185.271734483241744,"1",1113.0054867567,-723661.059466828,341025.96455911,-724531.360127409,341719.764223093
"1849","1849","52695",43.184,-104.514,"245258","667670","0",5.690000000000000,02_12672110,"2",02_56,Wyoming,U18,,State,Paved,"2","104","3",3.000000000000000,"0",7817.193367202688023,"1",13917.1900832856,-649702.304654282,405250.227707122,-636772.302994366,400102.098251789
"1850","1850","181269",43.028,-104.644,"148032","667576","0",6.160000000000000,02_12670230,"2",02_56,Wyoming,S270,,State,Paved,"2","88","5",0.000000000000000,"0",8444.689570278209430,"1",68.3179917299074,-661274.243650841,387785.920164035,-661212.866832838,387815.924067212
"1851","1851","46130",43.238,-104.608,"148035","667677","0",3.520000000000000,02_12670749,"2",02_56,Wyoming,S272,,State,Paved,"2","88","6",0.000000000000000,"0",4825.480259964638208,"1",18351.4347793338,-656277.041746948,412254.435968646,-659505.076974488,394189.139208562
"1852","1852","46135",43.238,-104.628,"148035","667677","0",3.520000000000000,02_12670749,"2",02_56,Wyoming,S272,,State,Paved,"2","88","6",0.000000000000000,"0",4825.480259964638208,"1",18283.8131923612,-657797.641314192,412393.05330194,-659505.076974488,394189.139208562
"1853","1853","133002",43,-104.5,"245254","667682","0",13.529999999999999,02_12671110,"2",02_56,Wyoming,S270,,State,Paved,"2","104","5",0.000000000000000,"0",18484.580102641943085,"1",6361.00931044692,-650584.23381002,383493.639963334,-649688.971856853,389791.333627113
"1854","1854","48551",45.928,-103.924,"245580","668461","0",8.600000000000000,02_12849611,"2",02_38,North Dakota,U85,,State,Paved,"2","104","3",7.000000000000000,"0",12390.997299697899507,"1",37789.7803515144,-577713.754577224,724497.88257776,-539974.199753042,726445.57369503
"1855","1855","164993",41.735,-104.371,"177022","661018","0",33.640000000000001,02_11923558,"2",02_56,Wyoming,S313,,State,Paved,"2","104","5",0.000000000000000,"0",45031.073032078136748,"1",648.294494326244,-653919.081436252,233715.416159227,-653863.87450093,234361.35574283
"1856","1856","14642",43,-104.5,"245254","667682","0",13.529999999999999,02_12671110,"2",02_56,Wyoming,S270,,State,Paved,"2","104","5",0.000000000000000,"0",18484.580102641943085,"1",6361.00931044692,-650584.23381002,383493.639963334,-649688.971856853,389791.333627113
"1857","1857","118461",43.242,-104.286,"245272","667695","0",9.000000000000000,02_12679796,"2",02_56,Wyoming,U18,,State,Paved,"2","104","3",3.000000000000000,"0",12371.978123299137224,"1",748.594418461647,-631750.141814345,410537.854088878,-632384.432921106,410935.432251301
"1858","1858","72145",43.384,-104.471,"245274","667693","0",16.359999999999999,02_12680038,"2",02_56,Wyoming,U18,,State,Paved,"2","104","3",3.000000000000000,"0",22510.612151107587124,"1",16074.4498609472,-644320.13481275,428501.937612719,-632000.297233247,418176.748009289
"1859","1859","52107",41.908,-104.198,"147405","661386","0",11.279999999999999,02_11933750,"2",02_56,Wyoming,S161,,State,Paved,"2","104","5",0.000000000000000,"0",15149.480932301059511,"1",1162.21179692376,-638673.642921587,252895.886882614,-639435.712991663,253773.375041624
"1860","1860","142753",45.349,-105.24,"245169","665674","0",8.779999999999999,02_12583367,"2",02_30,Montana,U212,,State,Paved,"2","112","3",7.000000000000000,"0",12481.751697543400951,"1",276.757714368521,-680033.205319679,665106.725402684,-680199.758695187,664885.694170571
"1861","1861","225940",43.14,-104.577,"148035","667677","0",3.520000000000000,02_12670749,"2",02_56,Wyoming,S272,,State,Paved,"2","88","6",0.000000000000000,"0",4825.480259964638208,"1",7776.68872460143,-654966.646447397,400504.163822141,-659505.076974488,394189.139208562
"1862","1862","226055",47.479,-104.484,"245439","669286","0",1.770000000000000,02_13009290,"2",02_30,Montana,S16,,State,Paved,"2","112","3",7.000000000000000,"0",2621.939167048744821,"1",10018.1730883291,-602074.852477554,910360.620547952,-592094.853032838,909486.891121191
"1863","1863","46209",43.27,-104.591,"148035","667677","0",3.520000000000000,02_12670749,"2",02_56,Wyoming,S272,,State,Paved,"2","88","6",0.000000000000000,"0",4825.480259964638208,"1",22252.4332132645,-654642.205035714,415903.725560088,-659505.076974488,394189.139208562
"1864","1864","14656",43,-104.5,"245254","667682","0",13.529999999999999,02_12671110,"2",02_56,Wyoming,S270,,State,Paved,"2","104","5",0.000000000000000,"0",18484.580102641943085,"1",6361.00931044692,-650584.23381002,383493.639963334,-649688.971856853,389791.333627113
"1865","1865","50086",42.649,-105.239,"245632","665125","0",0.020000000000000,02_12516498,"2",02_56,Wyoming,U18,,State,Paved,"2","104","3",3.000000000000000,"0",32.959189864155775,"1",2896.37159737121,-711011.402576004,347497.789068748,-708193.56140897,348167.669347174
"1866","1866","54177",43.489,-104.611,"245260","667688","0",7.900000000000000,02_12672553,"2",02_56,Wyoming,S450,,State,Paved,"2","104","4",0.000000000000000,"0",10909.246733405901978,"1",25992.6208213561,-653813.915335787,441821.370914182,-660174.891916928,467023.638948964
"1867","1867","48549",37.579,-111.831,"148945","563439","0",81.909999999999997,02_8622406,"2",02_49,Utah,S12,,State,Paved,"2","96","4",0.000000000000000,"0",103541.068510340614012,"1",5570.52628540197,-1313977.84980565,-175175.185086079,-1314962.49422205,-169692.37207909
"1868","1868","54178",43.489,-104.611,"245260","667688","0",7.900000000000000,02_12672553,"2",02_56,Wyoming,S450,,State,Paved,"2","104","4",0.000000000000000,"0",10909.246733405901978,"1",25992.6208213561,-653813.915335787,441821.370914182,-660174.891916928,467023.638948964
"1869","1869","54179",43.302,-104.366,"245274","667693","0",16.359999999999999,02_12680038,"2",02_56,Wyoming,U18,,State,Paved,"2","104","3",3.000000000000000,"0",22510.612151107587124,"1",4949.08667471658,-637208.764803644,418137.93898938,-632305.765207724,417464.10378974
"1870","1870","48558",42.053,-106.836,"222425","637860","0",18.250000000000000,02_11225338,"2",02_56,Wyoming,U30,,State,Paved,"2","104","4",0.000000000000000,"0",24460.177858002291032,"1",30841.0035848672,-841449.498155332,290538.101982524,-829807.008024963,261979.041674348
"1871","1871","57162",43.117,-104.583,"148035","667677","0",3.520000000000000,02_12670749,"2",02_56,Wyoming,S272,,State,Paved,"2","88","6",0.000000000000000,"0",4825.480259964638208,"1",5294.20029174808,-655669.370498252,397838.236707575,-659505.076974488,394189.139208562
"1872","1872","48626",43.272,-104.571,"245274","667693","0",16.359999999999999,02_12680038,"2",02_56,Wyoming,U18,,State,Paved,"2","104","3",3.000000000000000,"0",22510.612151107587124,"1",20813.2429333044,-653101.001806138,416001.207840257,-632297.047122759,416622.940043603
"1873","1873","118466",42.758,-104.432,"147849","667584","0",13.350000000000000,02_12653589,"2",02_56,Wyoming,U20,,State,Paved,"2","48","3",7.000000000000000,"0",18160.341891107451374,"1",134.699794245817,-647934.042142797,354539.85602527,-647870.999119905,354658.892203949
"1874","1874","57168",43.283,-104.533,"245274","667693","0",16.359999999999999,02_12680038,"2",02_56,Wyoming,U18,,State,Paved,"2","104","3",3.000000000000000,"0",22510.612151107587124,"1",17783.7574304137,-650096.409161473,417034.926592021,-632314.588777035,417297.399751375
"1875","1875","49238",43.341,-104.531,"245274","667693","0",16.359999999999999,02_12680038,"2",02_56,Wyoming,U18,,State,Paved,"2","104","3",3.000000000000000,"0",22510.612151107587124,"1",18143.2789578585,-649328.338602308,423849.097136955,-632239.715251978,417753.40002069
"1876","1876","55326",45.041,-108.801,"147530","662944","0",0.660000000000000,02_12378210,"2",02_56,Wyoming,S295,,State,Paved,"2","88","5",0.000000000000000,"0",931.350643391714812,"1",8005.88760461755,-945638.848267665,659488.444206135,-949644.833554719,652556.899052443
"1877","1877","230284",43.505,-104.427,"245278","667699","0",5.840000000000000,02_12680739,"2",02_56,Wyoming,U85,,State,Paved,"2","104","3",7.000000000000000,"0",8057.295277948353942,"1",17176.4072710237,-639712.532029644,442449.645350715,-622752.385705048,439732.587495544
"1878","1878","115750",44.967,-110.667,"172913","588917","0",29.230000000000000,02_9853479,"2",02_56,Wyoming,,GRAND CANYON RD,Municipal,Paved,"2","88","4",0.000000000000000,"0",41275.704332279747177,"1",1366.36873060007,-1083801.19546029,670808.993336982,-1084963.46250846,670090.593158329
"1879","1879","46120",42.584,-105.394,"248227","664964","0",21.440000000000001,02_12504859,"2",02_56,Wyoming,S94,,State,Paved,"2","88","6",0.000000000000000,"0",29185.271734483241744,"1",1113.0054867567,-723661.059466828,341025.96455911,-724531.360127409,341719.764223093
"1880","1880","14641",43,-104.5,"245254","667682","0",13.529999999999999,02_12671110,"2",02_56,Wyoming,S270,,State,Paved,"2","104","5",0.000000000000000,"0",18484.580102641943085,"1",6361.00931044692,-650584.23381002,383493.639963334,-649688.971856853,389791.333627113
"1881","1881","14522",43.25,-104.65,"148035","667677","0",3.520000000000000,02_12670749,"2",02_56,Wyoming,S272,,State,Paved,"2","88","6",0.000000000000000,"0",4825.480259964638208,"1",19769.9353688129,-659341.024051295,413958.393901782,-659505.076974488,394189.139208562
"1882","1882","14578",43,-104.5,"245254","667682","0",13.529999999999999,02_12671110,"2",02_56,Wyoming,S270,,State,Paved,"2","104","5",0.000000000000000,"0",18484.580102641943085,"1",6361.00931044692,-650584.23381002,383493.639963334,-649688.971856853,389791.333627113
"1883","1883","137795",43.067,-104.6,"148036","667674","0",6.560000000000000,02_12670945,"2",02_56,Wyoming,S270,,State,Paved,"2","104","5",0.000000000000000,"0",8957.962050005957281,"1",1383.10559765613,-657499.861084624,392070.42687461,-657606.679670402,390691.452297614
"1884","1884","137796",43.067,-104.6,"148036","667674","0",6.560000000000000,02_12670945,"2",02_56,Wyoming,S270,,State,Paved,"2","104","5",0.000000000000000,"0",8957.962050005957281,"1",1383.10559765613,-657499.861084624,392070.42687461,-657606.679670402,390691.452297614
"1885","1885","137797",43.067,-104.6,"148036","667674","0",6.560000000000000,02_12670945,"2",02_56,Wyoming,S270,,State,Paved,"2","104","5",0.000000000000000,"0",8957.962050005957281,"1",1383.10559765613,-657499.861084624,392070.42687461,-657606.679670402,390691.452297614
"1886","1886","57169",43.15,-104.583,"148035","667677","0",3.520000000000000,02_12670749,"2",02_56,Wyoming,S272,,State,Paved,"2","88","6",0.000000000000000,"0",4825.480259964638208,"1",8619.62742109369,-655316.704322997,401722.764591517,-659505.076974488,394189.139208562
"1887","1887","57170",43.267,-104.6,"148035","667677","0",3.520000000000000,02_12670749,"2",02_56,Wyoming,S272,,State,Paved,"2","88","6",0.000000000000000,"0",4825.480259964638208,"1",21821.2732033466,-655358.256616753,415612.767405853,-659505.076974488,394189.139208562
"1888","1888","191272",45.92,-101.526,"9701","668829","0",15.619999999999999,02_12990468,"2",02_46,South Dakota,U12,,State,Paved,"2","104","3",7.000000000000000,"0",22422.790367481484282,"1",11.8514199421312,-403179.357765428,711148.436329707,-403178.684085076,711160.268586864
"1889","1889","122902",43.021,-104.472,"245254","667682","0",13.529999999999999,02_12671110,"2",02_56,Wyoming,S270,,State,Paved,"2","104","5",0.000000000000000,"0",18484.580102641943085,"1",3763.92415127813,-648225.326968618,385773.968603808,-647701.814879877,389501.308152268
"1890","1890","14609",43.233,-104.533,"245272","667695","0",9.000000000000000,02_12679796,"2",02_56,Wyoming,U18,,State,Paved,"2","104","3",3.000000000000000,"0",12371.978123299137224,"1",16922.1660020212,-650627.658521042,411148.875057538,-634604.961845513,405705.264725786
"1891","1891","179968",45.482,-104.192,"245393","668123","0",3.180000000000000,02_12819120,"2",02_30,Montana,S323,,State,Paved,"2","88","5",0.000000000000000,"0",4544.209595950575022,"1",16533.7803548671,-601752.086366911,673669.445111924,-616664.785591372,680809.283671986
"1892","1892","142375",45.327,-103.977,"250711","668116","0",9.920000000000000,02_12820927,"2",02_30,Montana,S323,,State,Paved,"2","88","5",0.000000000000000,"0",14079.772774550909162,"1",27552.2351416824,-587536.024236124,654073.948680928,-611399.38430769,640302.031334481
"1893","1893","175972",42.883,-105.854,"248216","664951","0",5.660000000000000,02_12502917,"2",02_56,Wyoming,S95,,State,Paved,"2","88","5",0.000000000000000,"0",7721.627541937747992,"1",346.876410949565,-755305.564764637,379769.803395574,-755076.742891561,379509.104728766
"1894","1894","14593",43,-104.5,"245254","667682","0",13.529999999999999,02_12671110,"2",02_56,Wyoming,S270,,State,Paved,"2","104","5",0.000000000000000,"0",18484.580102641943085,"1",6361.00931044692,-650584.23381002,383493.639963334,-649688.971856853,389791.333627113
"1895","1895","191271",43.327,-104.352,"245274","667693","0",16.359999999999999,02_12680038,"2",02_56,Wyoming,U18,,State,Paved,"2","104","3",3.000000000000000,"0",22510.612151107587124,"1",4791.31838632936,-635885.189704122,420987.464515622,-632061.311927975,418100.478088174
"1896","1896","52694",43.312,-104.42,"245274","667693","0",16.359999999999999,02_12680038,"2",02_56,Wyoming,U18,,State,Paved,"2","104","3",3.000000000000000,"0",22510.612151107587124,"1",9161.88216145591,-641206.12080305,419679.423515762,-632279.904894902,417614.779647794
"1897","1897","189403",45.169,-109.109,"246484","663058","0",1.190000000000000,02_12396160,"2",02_30,Montana,S72,,State,Paved,"2","48","4",0.000000000000000,"0",1694.020854354412904,"1",7691.78481261195,-966163.07506932,677578.722991095,-958714.334563358,675660.437694697
"1898","1898","46126",43.122,-104.647,"148035","667677","0",3.520000000000000,02_12670749,"2",02_56,Wyoming,S272,,State,Paved,"2","88","6",0.000000000000000,"0",4825.480259964638208,"1",4784.62251859654,-660491.087217165,398871.061511077,-659505.076974488,394189.139208562
"1899","1899","64644",43.442,-104.412,"245278","667699","0",5.840000000000000,02_12680739,"2",02_56,Wyoming,U85,,State,Paved,"2","104","3",7.000000000000000,"0",8057.295277948353942,"1",15604.3359186152,-639236.76493942,434931.056430346,-623634.240753491,435168.834664153
"1900","1900","46129",43.144,-104.911,"148028","667675","0",13.560000000000000,02_12669004,"2",02_56,Wyoming,,20 MILE RD,Municipal,Paved,"2","88","6",0.000000000000000,"0",18534.632254366264533,"1",12437.1478171503,-680353.80838185,403327.282899857,-675335.963667424,391947.305736104
"1901","1901","46132",43.192,-104.644,"148035","667677","0",3.520000000000000,02_12670749,"2",02_56,Wyoming,S272,,State,Paved,"2","88","6",0.000000000000000,"0",4825.480259964638208,"1",12900.4841265435,-659509.186306633,407089.62268061,-659505.076974488,394189.139208562
"1902","1902","46133",43.228,-104.572,"148035","667677","0",3.520000000000000,02_12670749,"2",02_56,Wyoming,S272,,State,Paved,"2","88","6",0.000000000000000,"0",4825.480259964638208,"1",17640.6400520309,-653646.622723344,410828.571146959,-659505.076974488,394189.139208562
"1903","1903","128559",43.312,-104.574,"245274","667693","0",16.359999999999999,02_12680038,"2",02_56,Wyoming,U18,,State,Paved,"2","104","3",3.000000000000000,"0",22510.612151107587124,"1",20852.7474088366,-652901.936958422,420730.559374139,-632299.506205673,417509.236419992
"1904","1904","164992",41.908,-104.198,"147405","661386","0",11.279999999999999,02_11933750,"2",02_56,Wyoming,S161,,State,Paved,"2","104","5",0.000000000000000,"0",15149.480932301059511,"1",1162.21179692376,-638673.642921587,252895.886882614,-639435.712991663,253773.375041624
"1905","1905","99864",43.433,-105.05,"245531","665182","0",21.489999999999998,02_12534394,"2",02_56,Wyoming,S59,,State,Paved,"2","104","3",7.000000000000000,"0",29554.922573158641171,"1",26169.5293924606,-687678.304761804,438336.858209226,-711900.568027545,428430.98970071
"1906","1906","49005",48.287,-105.84,"63859","667447","0",5.330000000000000,02_12639837,"2",02_30,Montana,S13,,State,Paved,"2","112","4",0.000000000000000,"0",8011.319619027177396,"1",24400.6910575108,-688115.487809126,1014378.2522359,-664426.633111747,1008527.44996522
"1907","1907","137531",44.367,-107.6,"245894","664265","0",10.980000000000000,02_12430399,"2",02_56,Wyoming,S31,,State,Paved,"2","88","5",0.000000000000000,"0",15317.987405841218788,"1",13410.8054668063,-867107.522547587,569005.645994311,-869130.64057931,555748.319842397
"1908","1908","142325",43.422,-104.495,"245274","667693","0",16.359999999999999,02_12680038,"2",02_56,Wyoming,U18,,State,Paved,"2","104","3",3.000000000000000,"0",22510.612151107587124,"1",19978.8191757422,-645738.774154669,433138.931643595,-629594.539972416,421369.610578828
"1909","1909","48559",44.292,-108.844,"147497","662912","0",13.949999999999999,02_12370802,"2",02_56,Wyoming,S120,,State,Paved,"2","88","3",7.000000000000000,"0",19491.699744180801645,"1",3352.37993369206,-960752.831545451,572207.492872437,-963382.95796982,570128.818724895
"1910","1910","150895",45.708,-102.055,"250203","668729","0",19.800000000000001,02_12979014,"2",02_46,South Dakota,S73,,State,Paved,"2","104","4",10.000000000000000,"0",28378.070855496662261,"1",8278.0967081778,-443323.605442204,688515.177222919,-451005.236177832,691600.535281783
"1911","1911","52689",43.157,-104.479,"245258","667670","0",5.690000000000000,02_12672110,"2",02_56,Wyoming,U18,,State,Paved,"2","104","3",3.000000000000000,"0",7817.193367202688023,"1",10437.948017051,-647323.659682368,401832.261283579,-637642.588785672,397930.002309625
"1912","1912","52691",43.193,-104.463,"245258","667670","0",5.690000000000000,02_12672110,"2",02_56,Wyoming,U18,,State,Paved,"2","104","3",3.000000000000000,"0",7817.193367202688023,"1",10489.1387041183,-645726.035032844,405961.291638982,-635996.166874122,402043.16755109
"1913","1913","52692",43.188,-104.474,"245258","667670","0",5.690000000000000,02_12672110,"2",02_56,Wyoming,U18,,State,Paved,"2","104","3",3.000000000000000,"0",7817.193367202688023,"1",11124.5327260922,-646615.856744791,405447.635392739,-636297.107713895,401290.876221068
"1914","1914","52693",43.158,-104.544,"148035","667677","0",3.520000000000000,02_12670749,"2",02_56,Wyoming,S272,,State,Paved,"2","88","6",0.000000000000000,"0",4825.480259964638208,"1",10945.6257456741,-652262.01085681,402395.52185741,-659505.076974488,394189.139208562
"1915","1915","189513",43.34,-104.53,"245274","667693","0",16.359999999999999,02_12680038,"2",02_56,Wyoming,U18,,State,Paved,"2","104","3",3.000000000000000,"0",22510.612151107587124,"1",18040.1861335567,-649263.051545973,423724.525304496,-632239.715251978,417753.40002069
"1916","1916","128558",43.329,-104.598,"245274","667693","0",16.359999999999999,02_12680038,"2",02_56,Wyoming,U18,,State,Paved,"2","104","3",3.000000000000000,"0",22510.612151107587124,"1",22880.7310872904,-654542.508644614,422897.234510093,-632279.904894902,417614.779647794
"1917","1917","52683",43.2,-104.658,"148035","667677","0",3.520000000000000,02_12670749,"2",02_56,Wyoming,S272,,State,Paved,"2","88","6",0.000000000000000,"0",4825.480259964638208,"1",13974.2261476658,-660488.131002146,408128.74469813,-659505.076974488,394189.139208562
"1918","1918","69214",45.673,-101.39,"9700","668814","0",38.180000000000000,02_12989859,"2",02_46,South Dakota,S65,,State,Paved,"2","104","4",0.000000000000000,"0",54791.071660368957964,"1",2733.42254702839,-394925.560838438,681447.982788314,-392298.188260028,680693.985338172
"1919","1919","54176",43.489,-104.611,"245260","667688","0",7.900000000000000,02_12672553,"2",02_56,Wyoming,S450,,State,Paved,"2","104","4",0.000000000000000,"0",10909.246733405901978,"1",25992.6208213561,-653813.915335787,441821.370914182,-660174.891916928,467023.638948964
"1920","1920","164991",41.908,-104.198,"147405","661386","0",11.279999999999999,02_11933750,"2",02_56,Wyoming,S161,,State,Paved,"2","104","5",0.000000000000000,"0",15149.480932301059511,"1",1162.21179692376,-638673.642921587,252895.886882614,-639435.712991663,253773.375041624
"1921","1921","52871",43.128,-104.072,"245272","667695","0",9.000000000000000,02_12679796,"2",02_56,Wyoming,U18,,State,Paved,"2","104","3",3.000000000000000,"0",12371.978123299137224,"1",20344.5050789338,-616620.058632041,395704.331300566,-635522.911963458,403226.367117929
"1922","1922","50930",43.284,-104.668,"148035","667677","0",3.520000000000000,02_12670749,"2",02_56,Wyoming,S272,,State,Paved,"2","88","6",0.000000000000000,"0",4825.480259964638208,"1",23911.2408751838,-660342.291834982,418085.718701628,-659505.076974488,394189.139208562
"1923","1923","50931",43.139,-104.707,"148035","667677","0",3.520000000000000,02_12670749,"2",02_56,Wyoming,S272,,State,Paved,"2","88","6",0.000000000000000,"0",4825.480259964638208,"1",8905.04077535702,-664876.973983581,401291.425723091,-659505.076974488,394189.139208562
"1924","1924","14561",43,-104.5,"245254","667682","0",13.529999999999999,02_12671110,"2",02_56,Wyoming,S270,,State,Paved,"2","104","5",0.000000000000000,"0",18484.580102641943085,"1",6361.00931044692,-650584.23381002,383493.639963334,-649688.971856853,389791.333627113
"1925","1925","150894",45.335,-103.721,"250307","668454","0",11.550000000000001,02_12846810,"2",02_46,South Dakota,U85,,State,Paved,"2","104","3",7.000000000000000,"0",16446.984911083240149,"1",12704.2119105449,-568646.165137695,653454.845017298,-555981.563734702,652452.412190958
"1926","1926","52684",43.219,-104.548,"148035","667677","0",3.520000000000000,02_12670749,"2",02_56,Wyoming,S272,,State,Paved,"2","88","6",0.000000000000000,"0",4825.480259964638208,"1",17181.0293585072,-651917.295814426,409603.851235872,-659505.076974488,394189.139208562
"1927","1927","150933",44.613,-107.977,"245891","662893","0",13.490000000000000,02_12428752,"2",02_56,Wyoming,U14,,State,Paved,"2","80","3",7.000000000000000,"0",18898.711151867020817,"1",11197.0447470822,-891477.119869867,601353.505508259,-890539.838963536,590195.758622315
"1928","1928","52686",43.158,-104.553,"148035","667677","0",3.520000000000000,02_12670749,"2",02_56,Wyoming,S272,,State,Paved,"2","88","6",0.000000000000000,"0",4825.480259964638208,"1",10553.2423619065,-652947.220284455,402457.478823147,-659505.076974488,394189.139208562
"1929","1929","48327",44.094,-109.177,"147495","662914","0",4.670000000000000,02_12370378,"2",02_56,Wyoming,S120,,State,Paved,"2","104","3",7.000000000000000,"0",6516.648920974583234,"1",24023.9966440592,-988745.836801544,552447.962502401,-965195.463922332,557194.787968319
"1930","1930","150891",45.603,-103.627,"245575","668451","0",4.290000000000000,02_12847886,"2",02_46,South Dakota,U85,,State,Paved,"2","104","3",7.000000000000000,"0",6135.653723059096592,"1",5953.59981923785,-559193.453811409,684455.311967595,-553260.776852991,683956.618760611
"1931","1931","46127",43.121,-104.645,"148035","667677","0",3.520000000000000,02_12670749,"2",02_56,Wyoming,S272,,State,Paved,"2","88","6",0.000000000000000,"0",4825.480259964638208,"1",4627.97399613664,-660349.50711206,398739.422831774,-659505.076974488,394189.139208562
"1932","1932","150976",43.341,-104.531,"245274","667693","0",16.359999999999999,02_12680038,"2",02_56,Wyoming,U18,,State,Paved,"2","104","3",3.000000000000000,"0",22510.612151107587124,"1",18143.2789578585,-649328.338602308,423849.097136955,-632239.715251978,417753.40002069
"1933","1933","150889",45.429,-103.381,"250308","668455","0",20.760000000000002,02_12846943,"2",02_46,South Dakota,U85,,State,Paved,"2","104","3",7.000000000000000,"0",29652.319543914421956,"1",12125.5401984764,-542793.334343687,662532.865232703,-554826.716345823,664024.992135997
"1934","1934","52690",43.209,-104.466,"245272","667695","0",9.000000000000000,02_12679796,"2",02_56,Wyoming,U18,,State,Paved,"2","104","3",3.000000000000000,"0",12371.978123299137224,"1",11251.6808389307,-645785.658947884,407865.369295185,-635352.887503421,403651.392350686
"1935","1935","52682",43.256,-104.625,"148035","667677","0",3.520000000000000,02_12670749,"2",02_56,Wyoming,S272,,State,Paved,"2","88","6",0.000000000000000,"0",4825.480259964638208,"1",20413.1975678358,-657376.247457546,414491.028771637,-659505.076974488,394189.139208562
"1936","1936","52687",43.132,-104.563,"148035","667677","0",3.520000000000000,02_12670749,"2",02_56,Wyoming,S272,,State,Paved,"2","88","6",0.000000000000000,"0",4825.480259964638208,"1",7635.82558999607,-653985.770279443,399465.79402453,-659505.076974488,394189.139208562
"1937","1937","52688",43.165,-104.477,"245258","667670","0",5.690000000000000,02_12672110,"2",02_56,Wyoming,U18,,State,Paved,"2","104","3",3.000000000000000,"0",7817.193367202688023,"1",10563.568866422,-647086.936013862,402760.40954329,-637282.433468393,398828.397713256
"1938","1938","52685",43.214,-104.554,"148035","667677","0",3.520000000000000,02_12670749,"2",02_56,Wyoming,S272,,State,Paved,"2","88","6",0.000000000000000,"0",4825.480259964638208,"1",16466.3320432191,-652426.901508548,409056.537199835,-659505.076974488,394189.139208562
"1939","1939","60555",43.284,-104.671,"148035","667677","0",3.520000000000000,02_12670749,"2",02_56,Wyoming,S272,,State,Paved,"2","88","6",0.000000000000000,"0",4825.480259964638208,"1",23941.1851928768,-660570.199095131,418106.619496162,-659505.076974488,394189.139208562
"1940","1940","150890",45.516,-103.504,"250308","668455","0",20.760000000000002,02_12846943,"2",02_46,South Dakota,U85,,State,Paved,"2","104","3",7.000000000000000,"0",29652.319543914421956,"1",3067.4376489037,-551007.131758826,673489.555287103,-554068.467311874,673682.94184702
"1941","1941","46128",43.166,-104.911,"148028","667675","0",13.560000000000000,02_12669004,"2",02_56,Wyoming,,20 MILE RD,Municipal,Paved,"2","88","6",0.000000000000000,"0",18534.632254366264533,"1",14760.1733096699,-680109.7378511,405916.14936217,-675312.970848086,391957.147161071
"1942","1942","150892",45.408,-103.72,"250308","668455","0",20.760000000000002,02_12846943,"2",02_46,South Dakota,U85,,State,Paved,"2","104","3",7.000000000000000,"0",29652.319543914421956,"1",12068.9333037544,-567871.057362515,662045.442337025,-556005.856347827,659837.240359957
"1943","1943","123570",43.214,-104.554,"148035","667677","0",3.520000000000000,02_12670749,"2",02_56,Wyoming,S272,,State,Paved,"2","88","6",0.000000000000000,"0",4825.480259964638208,"1",16466.3320432191,-652426.901508548,409056.537199835,-659505.076974488,394189.139208562
"1944","1944","150931",45.904,-107.65,"245068","664486","0",1.610000000000000,02_12454565,"2",02_30,Montana,S47,,State,Paved,"2","112","4",0.000000000000000,"0",2317.777989368339604,"1",4293.82199628095,-848563.194654345,749710.756674183,-844301.429780093,749187.051134462
"1945","1945","64645",43.158,-104.553,"148035","667677","0",3.520000000000000,02_12670749,"2",02_56,Wyoming,S272,,State,Paved,"2","88","6",0.000000000000000,"0",4825.480259964638208,"1",10553.2423619065,-652947.220284455,402457.478823147,-659505.076974488,394189.139208562
"1946","1946","46138",43.179,-104.605,"148035","667677","0",3.520000000000000,02_12670749,"2",02_56,Wyoming,S272,,State,Paved,"2","88","6",0.000000000000000,"0",4825.480259964638208,"1",11453.1343227946,-656681.093644153,405288.661899469,-659505.076974488,394189.139208562
"1947","1947","150932",43.737,-106.77,"248073","664810","0",17.039999999999999,02_12482357,"2",02_56,Wyoming,S191,,State,Paved,"2","88","6",0.000000000000000,"0",23613.569221939811541,"1",5993.48390764852,-813783.929692944,487697.35065667,-810483.387398876,492700.176849564
"1948","1948","52681",43.298,-104.662,"148035","667677","0",3.520000000000000,02_12670749,"2",02_56,Wyoming,S272,,State,Paved,"2","88","6",0.000000000000000,"0",4825.480259964638208,"1",25503.7386349651,-659735.482241641,419691.837061406,-659505.076974488,394189.139208562
"1949","1949","48562",47.403,-108.268,"147615","665939","0",2.710000000000000,02_12592099,"2",02_30,Montana,U191,,State,Paved,"2","112","3",7.000000000000000,"0",4009.074391733643552,"1",34396.9745201971,-870498.55569142,930843.146148652,-904579.646478634,935494.071529344
"1950","1950","165888",45.8,-110.5,"173277","589452","0",2.740000000000000,02_9870993,"2",02_30,Montana,U89,,State,Paved,"2","112","4",0.000000000000000,"0",3934.825836105270355,"1",1083.36605170375,-1056562.60755154,766181.45734988,-1057561.32442513,765761.639998641
"1951","1951","49552",39.941,-105.135,"222762","638099","0",1.230000000000000,02_11266743,"2",02_08,Colorado,U36,,State,Paved,"4","88","2",7.000000000000000,"0",1603.687953580510566,"1",260.236549757388,-733799.978452297,28423.1139870812,-733984.985122038,28240.0959716263
"1952","1952","14640",40.386,-104.492,"177197","660672","0",38.390000000000001,02_11897936,"2",02_08,Colorado,U34,,State,Paved,"2","104","3",7.000000000000000,"0",50310.449472143911407,"1",2015.73428987249,-677595.52363535,75911.759672114,-678978.508332352,74445.2883784212
"1953","1953","96083",40.8,-104.65,"243838","660670","0",33.049999999999997,02_11904193,"2",02_08,Colorado,U85,,State,Paved,"2","88","4",10.000000000000000,"0",43787.527060836509918,"1",11218.1696642793,-685715.497277704,125712.875522367,-696886.962805561,126735.464675672
"1954","1954","49524",40.285,-106.861,"219324","634391","0",3.260000000000000,02_11199967,"2",02_08,Colorado,S131,,State,Paved,"2","88","4",0.000000000000000,"0",4272.678854976776165,"1",7108.23074026436,-867248.690561755,83358.3447616947,-874055.36822307,81309.9103664084
"1955","1955","182584",40.76,-104.158,"243953","661012","0",30.649999999999999,02_11908246,"2",02_08,Colorado,C390,,Municipal,Paved,"2","88","5",0.000000000000000,"0",40498.294464400671131,"1",1046.83927893273,-647218.049047686,117550.465626041,-646243.611645593,117933.015263759
"1956","1956","96082",40.95,-104.917,"222368","639176","0",9.609999999999999,02_11327604,"2",02_08,Colorado,I25,,State,Paved,"4","104","1",1.000000000000000,"0",12751.040010305368924,"1",578.859714059404,-705156.700805818,145304.562765259,-705721.702667686,145430.4653651
"1957","1957","176740",39.733,-105.05,"219577","636617","0",0.770000000000000,02_11163383,"2",02_08,Colorado,S95,SHERIDAN BLVD,State,Paved,"5","56","3",10.000000000000000,"0",1009.505883454499894,"1",261.658489860719,-729331.282619337,3348.29524482598,-729591.593463801,3374.81749154335
"1958","1958","231021",39.971,-105.214,"219221","638076","0",2.740000000000000,02_11265854,"2",02_08,Colorado,U36,,State,Paved,"2","80","3",7.000000000000000,"0",3578.893740433966286,"1",588.248836952368,-739782.610890127,32559.2328743135,-739407.468512114,33012.3387012399
"1959","1959","176844",39.5,-104.7,"177469","660066","0",3.570000000000000,02_11851629,"2",02_08,Colorado,S83,,State,Paved,"6","88","3",10.000000000000000,"0",4631.995993349292803,"1",4949.13713240852,-703723.706860026,-26650.126561542,-708668.116871555,-26866.3856498336
"1960","1960","176846",39.5,-104.7,"177469","660066","0",3.570000000000000,02_11851629,"2",02_08,Colorado,S83,,State,Paved,"6","88","3",10.000000000000000,"0",4631.995993349292803,"1",4949.13713240852,-703723.706860026,-26650.126561542,-708668.116871555,-26866.3856498336
"1961","1961","49530",39.397,-104.001,"242431","660462","0",13.000000000000000,02_11870665,"2",02_08,Colorado,I70,,State,Paved,"4","120","1",1.000000000000000,"0",16861.274290416738950,"1",7755.03902322907,-648346.952806886,-43730.3161962993,-641416.145923935,-40251.1573607404
"1962","1962","49529",40.67,-104.333,"243845","660674","0",16.309999999999999,02_11905357,"2",02_08,Colorado,S14,,State,Paved,"2","104","4",10.000000000000000,"0",21461.923480601115443,"1",3589.31556554933,-661999.001908576,108175.130524753,-662280.39757784,104596.862409251
"1962","1962","49529",40.67,-104.333,"243844","660673","0",28.930000000000000,02_11905017,"2",02_08,Colorado,S392,,State,Paved,"2","88","5",0.000000000000000,"0",38083.265483805487747,"2",3589.31556554933,-661999.001908576,108175.130524753,-662280.39757784,104596.862409251
"1962","1962","49529",40.67,-104.333,"243952","661011","0",26.829999999999998,02_11907987,"2",02_08,Colorado,S14,,State,Paved,"2","104","4",10.000000000000000,"0",35306.691463464885601,"3",3589.31556554933,-661999.001908576,108175.130524753,-662280.39757784,104596.862409251
"1963","1963","46210",40.908,-104.762,"243838","660670","0",33.049999999999997,02_11904193,"2",02_08,Colorado,U85,,State,Paved,"2","88","4",10.000000000000000,"0",43787.527060836509918,"1",2852.8383451892,-693392.198965048,139224.033948099,-696195.008945729,138692.110235543
"1964","1964","49540",39.751,-105.228,"220675","635933","0",1.590000000000000,02_11139859,"2",02_08,Colorado,U6,,State,Paved,"4","88","2",7.000000000000000,"0",2064.806227134207802,"1",90.1934920501763,-743424.938115534,6843.81319170581,-743475.249888412,6768.95605097675
"1965","1965","96081",40.8,-104.467,"243845","660674","0",16.309999999999999,02_11905357,"2",02_08,Colorado,S14,,State,Paved,"2","104","4",10.000000000000000,"0",21461.923480601115443,"1",19004.2951964284,-671247.467386189,124403.130630176,-672743.245125356,105457.791233163
"1966","1966","96084",40.8,-104.467,"243845","660674","0",16.309999999999999,02_11905357,"2",02_08,Colorado,S14,,State,Paved,"2","104","4",10.000000000000000,"0",21461.923480601115443,"1",19004.2951964284,-671247.467386189,124403.130630176,-672743.245125356,105457.791233163
"1967","1967","176848",39.5,-104.7,"177469","660066","0",3.570000000000000,02_11851629,"2",02_08,Colorado,S83,,State,Paved,"6","88","3",10.000000000000000,"0",4631.995993349292803,"1",4949.13713240852,-703723.706860026,-26650.126561542,-708668.116871555,-26866.3856498336
"1968","1968","86892",39.845,-105.184,"219213","638075","0",6.800000000000000,02_11265323,"2",02_08,Colorado,S72,COAL CREEK CANYON RD,State,Paved,"2","96","3",0.000000000000000,"0",8854.388609612220534,"1",891.515157920032,-738819.025494516,17533.5237086691,-738363.01376954,18299.5867501261
"1969","1969","176847",39.5,-104.7,"177469","660066","0",3.570000000000000,02_11851629,"2",02_08,Colorado,S83,,State,Paved,"6","88","3",10.000000000000000,"0",4631.995993349292803,"1",4949.13713240852,-703723.706860026,-26650.126561542,-708668.116871555,-26866.3856498336
"1970","1970","49545",39.956,-105.229,"219217","638086","0",2.150000000000000,02_11265658,"2",02_08,Colorado,S93,,State,Paved,"4","64","3",7.000000000000000,"0",2812.296844033302023,"1",184.766938994176,-741155.122344711,30915.4091979368,-741339.780303975,30921.754261046
"1971","1971","49546",39.956,-105.229,"219217","638086","0",2.150000000000000,02_11265658,"2",02_08,Colorado,S93,,State,Paved,"4","64","3",7.000000000000000,"0",2812.296844033302023,"1",184.766938994176,-741155.122344711,30915.4091979368,-741339.780303975,30921.754261046
"1972","1972","176845",39.5,-104.7,"177469","660066","0",3.570000000000000,02_11851629,"2",02_08,Colorado,S83,,State,Paved,"6","88","3",10.000000000000000,"0",4631.995993349292803,"1",4949.13713240852,-703723.706860026,-26650.126561542,-708668.116871555,-26866.3856498336
"1973","1973","228914",40.84,-104.58,"243838","660670","0",33.049999999999997,02_11904193,"2",02_08,Colorado,U85,,State,Paved,"2","88","4",10.000000000000000,"0",43787.527060836509918,"1",16783.4001131145,-679754.768667564,129911.419837427,-696508.840351768,130903.186623243
"1974","1974","49536",39.845,-105.184,"219213","638075","0",6.800000000000000,02_11265323,"2",02_08,Colorado,S72,COAL CREEK CANYON RD,State,Paved,"2","96","3",0.000000000000000,"0",8854.388609612220534,"1",891.515157920032,-738819.025494516,17533.5237086691,-738363.01376954,18299.5867501261
"1975","1975","150887",39.097,-110.168,"148652","575891","0",60.859999999999999,02_8981973,"2",02_49,Utah,U6,,State,Paved,"2","104","3",3.000000000000000,"0",78710.158237411567825,"1",12370.5694368057,-1150433.45647906,-20335.6484630502,-1162799.58607808,-20667.049928141
"1976","1976","167663",39.97,-74.902,"659737","1054310","0",0.950000000000000,02_43131185,"2",02_34,New Jersey,S700,NEW JERSEY TPKE,State,Paved,"6","104","2",7.000000000000000,"0",1239.671525734125680,"1",169.671674744791,1682661.70843083,184480.923920513,1682506.17099162,184548.722019422
"1977","1977","167495",38.07,-110.925,"148698","575887","0",16.030000000000001,02_8972648,"2",02_49,Utah,S95,,State,Paved,"2","104","4",0.000000000000000,"0",20412.104177195669763,"1",25225.6548114273,-1230366.45300655,-130341.023172639,-1205141.28135791,-130497.151203194
"1978","1978","167526",38.078,-110.928,"148698","575887","0",16.030000000000001,02_8972648,"2",02_49,Utah,S95,,State,Paved,"2","104","4",0.000000000000000,"0",20412.104177195669763,"1",25347.7829439461,-1230464.09869557,-129372.419120847,-1205141.28135791,-130497.151203194
"1979","1979","167530",38.068,-110.913,"148698","575887","0",16.030000000000001,02_8972648,"2",02_49,Utah,S95,,State,Paved,"2","104","4",0.000000000000000,"0",20412.104177195669763,"1",24282.0846191086,-1229422.25788768,-130729.12579278,-1205141.28135791,-130497.151203194
"1980","1980","167493",38.074,-110.92,"148698","575887","0",16.030000000000001,02_8972648,"2",02_49,Utah,S95,,State,Paved,"2","104","4",0.000000000000000,"0",20412.104177195669763,"1",24748.877247419,-1229883.91051971,-129941.069222325,-1205141.28135791,-130497.151203194
"1981","1981","167522",38.078,-110.928,"148698","575887","0",16.030000000000001,02_8972648,"2",02_49,Utah,S95,,State,Paved,"2","104","4",0.000000000000000,"0",20412.104177195669763,"1",25347.7829439461,-1230464.09869557,-129372.419120847,-1205141.28135791,-130497.151203194
"1982","1982","167492",38.064,-110.966,"148695","573054","0",75.379999999999995,02_8968369,"2",02_49,Utah,S24,,State,Paved,"2","88","4",0.000000000000000,"0",96070.873606692606700,"1",25677.6707436163,-1233829.25774259,-130505.366686464,-1238975.56399604,-105348.691493522
"1983","1983","167424",38.054,-110.937,"148698","575887","0",16.030000000000001,02_8972648,"2",02_49,Utah,S95,,State,Paved,"2","104","4",0.000000000000000,"0",20412.104177195669763,"1",26544.9238702931,-1231642.90015665,-132044.481742565,-1205137.79628312,-130591.054092786
"1984","1984","167502",38.052,-110.933,"148698","575887","0",16.030000000000001,02_8972648,"2",02_49,Utah,S95,,State,Paved,"2","104","4",0.000000000000000,"0",20412.104177195669763,"1",26272.085508083,-1231352.72496974,-132328.850069057,-1205130.40240479,-130712.596300805
"1985","1985","167421",38.068,-110.93,"148698","575887","0",16.030000000000001,02_8972648,"2",02_49,Utah,S95,,State,Paved,"2","104","4",0.000000000000000,"0",20412.104177195669763,"1",25670.853109825,-1230812.13194489,-130508.532196176,-1205141.28135791,-130497.151203194
"1986","1986","167489",38.084,-111.005,"148695","573054","0",75.379999999999995,02_8968369,"2",02_49,Utah,S24,,State,Paved,"2","88","4",0.000000000000000,"0",96070.873606692606700,"1",22440.3692480486,-1236646.71149881,-127673.256560166,-1239055.60711481,-105362.555228743
"1987","1987","167529",38.051,-110.934,"148698","575887","0",16.030000000000001,02_8972648,"2",02_49,Utah,S95,,State,Paved,"2","104","4",0.000000000000000,"0",20412.104177195669763,"1",26378.6571843369,-1231452.95904634,-132432.063282374,-1205130.40240479,-130712.596300805
"1988","1988","167517",38.073,-110.981,"148695","573054","0",75.379999999999995,02_8968369,"2",02_49,Utah,S24,,State,Paved,"2","88","4",0.000000000000000,"0",96070.873606692606700,"1",24262.1617921473,-1234888.93162543,-129264.270825824,-1239029.5696198,-105358.045447737
"1989","1989","167498",38.084,-111.003,"148695","573054","0",75.379999999999995,02_8968369,"2",02_49,Utah,S24,,State,Paved,"2","88","4",0.000000000000000,"0",96070.873606692606700,"1",22484.4200149595,-1236483.25877279,-127699.344779088,-1239055.60711481,-105362.555228743
"1990","1990","167500",38.07,-110.929,"148698","575887","0",16.030000000000001,02_8972648,"2",02_49,Utah,S95,,State,Paved,"2","104","4",0.000000000000000,"0",20412.104177195669763,"1",25553.0349931107,-1230693.46937832,-130289.101380566,-1205141.28135791,-130497.151203194
"1991","1991","167501",38.071,-110.99,"148695","573054","0",75.379999999999995,02_8968369,"2",02_49,Utah,S24,,State,Paved,"2","88","4",0.000000000000000,"0",96070.873606692606700,"1",24255.4555778187,-1235661.66921559,-129379.389133813,-1239055.60711481,-105362.555228743
"1992","1992","167528",38.09,-110.962,"148695","573054","0",75.379999999999995,02_8968369,"2",02_49,Utah,S24,,State,Paved,"2","88","4",0.000000000000000,"0",96070.873606692606700,"1",22972.514316928,-1233021.39181453,-127536.171018568,-1238975.56399604,-105348.691493522
"1993","1993","167499",38.076,-110.921,"148698","575887","0",16.030000000000001,02_8972648,"2",02_49,Utah,S95,,State,Paved,"2","104","4",0.000000000000000,"0",20412.104177195669763,"1",24800.4461516925,-1229928.77350493,-129695.676072952,-1205141.28135791,-130497.151203194
"1994","1994","167381",37.047,-108.067,"187946","605428","0",25.120000000000001,02_10261394,"2",02_08,Colorado,S140,,State,Paved,"2","88","5",0.000000000000000,"0",31561.711387249266409,"1",9236.82009147254,-1011456.57149119,-283202.60503998,-1020105.79310025,-279960.721180312
"1995","1995","179269",36.972,-108.085,"188188","605444","0",0.160000000000000,02_10261182,"2",02_35,New Mexico,S170,,State,Paved,"2","88","3",0.000000000000000,"0",200.896892555048794,"1",8563.76143193343,-1014077.10019587,-291747.976488173,-1022405.098484,-289752.367714903
"1996","1996","130797",37.004,-108.085,"187946","605428","0",25.120000000000001,02_10261394,"2",02_08,Colorado,S140,,State,Paved,"2","88","5",0.000000000000000,"0",31561.711387249266409,"1",8172.73476844294,-1013599.27610965,-288020.093142956,-1021632.93417327,-286518.783144282
"1997","1997","167380",37.004,-108.085,"187946","605428","0",25.120000000000001,02_10261394,"2",02_08,Colorado,S140,,State,Paved,"2","88","5",0.000000000000000,"0",31561.711387249266409,"1",8172.73476844294,-1013599.27610965,-288020.093142956,-1021632.93417327,-286518.783144282
"1998","1998","55289",33.154,-107.192,"42967","460502","0",0.160000000000000,02_3588260,"2",02_35,New Mexico,S195,,State,Paved,"2","40","5",0.000000000000000,"0",192.473182692340600,"1",6.95325933015042,-992111.956702686,-744460.407920938,-992105.932804321,-744456.93510309
"1999","1999","55293",33.154,-107.192,"42967","460502","0",0.160000000000000,02_3588260,"2",02_35,New Mexico,S195,,State,Paved,"2","40","5",0.000000000000000,"0",192.473182692340600,"1",6.95325933015042,-992111.956702686,-744460.407920938,-992105.932804321,-744456.93510309
"2000","2000","55291",33.154,-107.192,"42967","460502","0",0.160000000000000,02_3588260,"2",02_35,New Mexico,S195,,State,Paved,"2","40","5",0.000000000000000,"0",192.473182692340600,"1",6.95325933015042,-992111.956702686,-744460.407920938,-992105.932804321,-744456.93510309
"2001","2001","55288",33.154,-107.192,"42967","460502","0",0.160000000000000,02_3588260,"2",02_35,New Mexico,S195,,State,Paved,"2","40","5",0.000000000000000,"0",192.473182692340600,"1",6.95325933015042,-992111.956702686,-744460.407920938,-992105.932804321,-744456.93510309
"2002","2002","55290",33.154,-107.192,"42967","460502","0",0.160000000000000,02_3588260,"2",02_35,New Mexico,S195,,State,Paved,"2","40","5",0.000000000000000,"0",192.473182692340600,"1",6.95325933015042,-992111.956702686,-744460.407920938,-992105.932804321,-744456.93510309
"2003","2003","55292",33.154,-107.192,"42967","460502","0",0.160000000000000,02_3588260,"2",02_35,New Mexico,S195,,State,Paved,"2","40","5",0.000000000000000,"0",192.473182692340600,"1",6.95325933015042,-992111.956702686,-744460.407920938,-992105.932804321,-744456.93510309
"2004","2004","70341",41.8,-107,"219106","635189","0",7.120000000000000,02_11043187,"2",02_56,Wyoming,I80,,State,Paved,"4","104","1",1.000000000000000,"0",9533.943490472609483,"1",4478.0247120213,-857588.431791743,262315.087187006,-859223.691588372,258146.318697512
"2005","2005","70340",41.8,-107,"219106","635189","0",7.120000000000000,02_11043187,"2",02_56,Wyoming,I80,,State,Paved,"4","104","1",1.000000000000000,"0",9533.943490472609483,"1",4478.0247120213,-857588.431791743,262315.087187006,-859223.691588372,258146.318697512
"2006","2006","165877",41.835,-106.623,"222425","637860","0",18.250000000000000,02_11225338,"2",02_56,Wyoming,U30,,State,Paved,"2","104","4",0.000000000000000,"0",24460.177858002291032,"1",685.353987733389,-827859.491087105,263071.671976711,-827692.623462093,262406.942494723
"2007","2007","179276",44.113,-108.798,"147494","662911","0",11.170000000000000,02_12369704,"2",02_56,Wyoming,S120,,State,Paved,"2","104","3",7.000000000000000,"0",15554.576350957613613,"1",781.93661431914,-960180.587081553,550776.893650172,-959515.078448568,551187.409335908
"2008","2008","179275",43.497,-108.784,"246286","662737","0",4.980000000000000,02_12336406,"2",02_56,Wyoming,S170,,State,Paved,"2","104","5",0.000000000000000,"0",6873.532266729055664,"1",31510.3584735924,-968926.017756998,478483.137457746,-946839.634689711,500957.442210938
"2008","2008","179275",43.497,-108.784,"246193","662732","0",9.070000000000000,02_12327711,"2",02_56,Wyoming,S170,,State,Paved,"2","104","5",0.000000000000000,"0",12562.776802960914210,"2",31510.3584735924,-968926.017756998,478483.137457746,-946839.634689711,500957.442210938
"2009","2009","219263",36.086,-108.158,"189350","603473","0",0.160000000000000,02_10218811,"2",02_35,New Mexico,S371,,State,Paved,"2","104","4",0.000000000000000,"0",198.365283132776909,"1",3086.58704295637,-1033466.93690226,-394081.465762381,-1036505.08961543,-393536.812051107
"2010","2010","13000",35.7,-107.2,"210618","624807","0",0.180000000000000,02_10672507,"2",02_35,New Mexico,U550,,State,Paved,"4","112","3",7.000000000000000,"0",217.555110703002413,"1",22367.9461113702,-957762.00953477,-449040.140287484,-935413.775297203,-448101.290084318
"2011","2011","195787",35.46,-108.52,"183357","597582","0",0.160000000000000,02_10098837,"2",02_35,New Mexico,S400,,State,Paved,"2","88","6",0.000000000000000,"0",200.582130464375410,"1",3402.57843301847,-1073720.60697933,-462787.337912585,-1075532.48673879,-459907.297681946
"2012","2012","219262",36.086,-108.158,"189350","603473","0",0.160000000000000,02_10218811,"2",02_35,New Mexico,S371,,State,Paved,"2","104","4",0.000000000000000,"0",198.365283132776909,"1",3086.58704295637,-1033466.93690226,-394081.465762381,-1036505.08961543,-393536.812051107
"2013","2013","51983",35.398,-108.667,"182704","597196","0",0.160000000000000,02_10090473,"2",02_35,New Mexico,S602,,State,Paved,"2","88","4",0.000000000000000,"0",198.990926286231002,"1",6875.73369595848,-1087219.82511693,-468307.315589026,-1092956.91320417,-464517.654108494
"2014","2014","51985",35.32,-106.941,"200189","614065","0",4.010000000000000,02_10456336,"2",02_35,New Mexico,,,Municipal,Paved,"4","64","3",0.000000000000000,"0",4902.206434718357741,"1",16673.6124540055,-940837.915118591,-495831.297629378,-928058.437226634,-506540.83996672
"2015","2015","51987",35.32,-106.941,"200189","614065","0",4.010000000000000,02_10456336,"2",02_35,New Mexico,,,Municipal,Paved,"4","64","3",0.000000000000000,"0",4902.206434718357741,"1",16673.6124540055,-940837.915118591,-495831.297629378,-928058.437226634,-506540.83996672
"2016","2016","51986",35.32,-106.941,"200189","614065","0",4.010000000000000,02_10456336,"2",02_35,New Mexico,,,Municipal,Paved,"4","64","3",0.000000000000000,"0",4902.206434718357741,"1",16673.6124540055,-940837.915118591,-495831.297629378,-928058.437226634,-506540.83996672
"2017","2017","51984",35.32,-106.941,"200189","614065","0",4.010000000000000,02_10456336,"2",02_35,New Mexico,,,Municipal,Paved,"4","64","3",0.000000000000000,"0",4902.206434718357741,"1",16673.6124540055,-940837.915118591,-495831.297629378,-928058.437226634,-506540.83996672
"2018","2018","51982",35.32,-106.941,"200189","614065","0",4.010000000000000,02_10456336,"2",02_35,New Mexico,,,Municipal,Paved,"4","64","3",0.000000000000000,"0",4902.206434718357741,"1",16673.6124540055,-940837.915118591,-495831.297629378,-928058.437226634,-506540.83996672
"2019","2019","24924",35.7,-107.2,"210618","624807","0",0.180000000000000,02_10672507,"2",02_35,New Mexico,U550,,State,Paved,"4","112","3",7.000000000000000,"0",217.555110703002413,"1",22367.9461113702,-957762.00953477,-449040.140287484,-935413.775297203,-448101.290084318
"2020","2020","219763",36.086,-108.158,"189350","603473","0",0.160000000000000,02_10218811,"2",02_35,New Mexico,S371,,State,Paved,"2","104","4",0.000000000000000,"0",198.365283132776909,"1",3086.58704295637,-1033466.93690226,-394081.465762381,-1036505.08961543,-393536.812051107
"2021","2021","14458",42.854,-107.278,"246271","662854","0",28.289999999999999,02_12364315,"2",02_56,Wyoming,U20,,State,Paved,"2","104","3",7.000000000000000,"0",38713.170279172481969,"1",26175.1916588499,-864378.756725735,388528.57392346,-858804.246240662,414103.278051354
"2022","2022","45870",39.937,-107.957,"219180","634390","0",32.420000000000002,02_11018471,"2",02_08,Colorado,S13,,State,Paved,"2","104","4",10.000000000000000,"0",42352.231465072014544,"1",756.081220919221,-959485.530070138,53159.1675199644,-960233.043696053,53272.6672631304
"2023","2023","64640",40.677,-108.25,"219257","634989","0",66.879999999999995,02_11006407,"2",02_08,Colorado,S318,,State,Paved,"2","88","5",0.000000000000000,"0",88073.768622858246090,"1",10635.258530483,-971615.770346639,142751.280246343,-978384.859641322,134548.344544364
"2024","2024","45871",38.945,-107.926,"178465","634402","0",30.739999999999998,02_10976763,"2",02_08,Colorado,S65,,State,Paved,"2","88","4",0.000000000000000,"0",39583.178235153922287,"1",5.73516196115057,-971684.030275853,-63172.0755168934,-971678.347535743,-63171.3018583327
"2025","2025","14433",43.2,-107.1,"246272","662884","0",13.680000000000000,02_12364909,"2",02_56,Wyoming,U20,,State,Paved,"2","104","3",7.000000000000000,"0",18691.099085683013982,"1",16635.6081322861,-846021.727393736,427533.543674569,-852971.181443192,412419.029248181
"2026","2026","14465",44.117,-107.757,"246270","662649","0",37.770000000000003,02_12362722,"2",02_56,Wyoming,U16,,State,Paved,"2","104","3",7.000000000000000,"0",52463.243663860579545,"1",9488.34308728787,-882438.937342193,541128.593980082,-885291.504923191,532079.201031495
"2027","2027","14479",44.117,-107.777,"246270","662649","0",37.770000000000003,02_12362722,"2",02_56,Wyoming,U16,,State,Paved,"2","104","3",7.000000000000000,"0",52463.243663860579545,"1",9301.30104135124,-883932.342870701,541314.922565229,-886260.093589852,532309.603156606
"2028","2028","14487",44.103,-107.757,"246270","662649","0",37.770000000000003,02_12362722,"2",02_56,Wyoming,U16,,State,Paved,"2","104","3",7.000000000000000,"0",52463.243663860579545,"1",7865.93944437949,-882643.643082544,539486.487398186,-885258.664087096,532067.951930292
"2029","2029","128462",40.315,-109.335,"148550","563396","0",28.260000000000002,02_9034976,"2",02_49,Utah,U40,,State,Paved,"2","104","3",7.000000000000000,"0",37040.978710147501261,"1",4339.11071497396,-1063118.0486609,112059.993491591,-1059616.98084797,114623.273805196
"2030","2030","64641",39.937,-107.957,"219180","634390","0",32.420000000000002,02_11018471,"2",02_08,Colorado,S13,,State,Paved,"2","104","4",10.000000000000000,"0",42352.231465072014544,"1",756.081220919221,-959485.530070138,53159.1675199644,-960233.043696053,53272.6672631304
"2031","2031","14473",44.103,-107.757,"246270","662649","0",37.770000000000003,02_12362722,"2",02_56,Wyoming,U16,,State,Paved,"2","104","3",7.000000000000000,"0",52463.243663860579545,"1",7865.93944437949,-882643.643082544,539486.487398186,-885258.664087096,532067.951930292
"2032","2032","14431",44,-108,"246250","662668","0",3.030000000000000,02_12361692,"2",02_56,Wyoming,U20,,State,Paved,"2","104","3",7.000000000000000,"0",4215.730192485657426,"1",671.091544284382,-902327.070569525,529694.862159615,-901981.430580842,529119.62580903
"2033","2033","14480",44.117,-107.777,"246270","662649","0",37.770000000000003,02_12362722,"2",02_56,Wyoming,U16,,State,Paved,"2","104","3",7.000000000000000,"0",52463.243663860579545,"1",9301.30104135124,-883932.342870701,541314.922565229,-886260.093589852,532309.603156606
"2034","2034","14439",44.103,-107.757,"246270","662649","0",37.770000000000003,02_12362722,"2",02_56,Wyoming,U16,,State,Paved,"2","104","3",7.000000000000000,"0",52463.243663860579545,"1",7865.93944437949,-882643.643082544,539486.487398186,-885258.664087096,532067.951930292
"2035","2035","14440",44.103,-107.757,"246270","662649","0",37.770000000000003,02_12362722,"2",02_56,Wyoming,U16,,State,Paved,"2","104","3",7.000000000000000,"0",52463.243663860579545,"1",7865.93944437949,-882643.643082544,539486.487398186,-885258.664087096,532067.951930292
"2036","2036","14486",44.103,-107.757,"246270","662649","0",37.770000000000003,02_12362722,"2",02_56,Wyoming,U16,,State,Paved,"2","104","3",7.000000000000000,"0",52463.243663860579545,"1",7865.93944437949,-882643.643082544,539486.487398186,-885258.664087096,532067.951930292
"2037","2037","14478",44.132,-107.777,"245890","664251","0",22.930000000000000,02_12427840,"2",02_56,Wyoming,S31,,State,Paved,"2","88","5",0.000000000000000,"0",31986.912556088565907,"1",9657.40512678374,-883712.644490773,543074.273115687,-880287.35655985,552103.828828628
"2038","2038","14469",43.836,-108.44,"246288","662811","0",19.430000000000000,02_12337303,"2",02_56,Wyoming,S120,,State,Paved,"2","104","3",7.000000000000000,"0",26926.541375522097951,"1",2047.8534831825,-937762.20625597,514740.647016486,-939792.610069116,515007.41328899
"2039","2039","14477",44.103,-107.757,"246270","662649","0",37.770000000000003,02_12362722,"2",02_56,Wyoming,U16,,State,Paved,"2","104","3",7.000000000000000,"0",52463.243663860579545,"1",7865.93944437949,-882643.643082544,539486.487398186,-885258.664087096,532067.951930292
"2040","2040","189417",33.477,-92.132,"257879","709653","0",2.460000000000000,02_15469254,"2",02_05,Arkansas,S15,,State,Paved,"3","72","4",0.000000000000000,"0",2954.376520787267509,"1",501.079808012566,342045.416887549,-758485.290299479,341673.461824131,-758149.536811343
"2041","2041","52054",32.421,-87.201,"317509","717639","0",9.289999999999999,02_16280846,"2",02_01,Alabama,U80,,State,Paved,"4","104","3",3.000000000000000,"0",10998.003489838501991,"1",2613.265262882,788581.395358417,-851742.691406155,788288.380923667,-849145.905339646
"2042","2042","52055",32.42,-87.194,"317509","717639","0",9.289999999999999,02_16280846,"2",02_01,Alabama,U80,,State,Paved,"4","104","3",3.000000000000000,"0",10998.003489838501991,"1",2750.72859637989,789217.72263219,-851800.155206678,788779.825298153,-849084.505425174
"2043","2043","126598",39.557,-75.632,"625853","1025676","0",1.110000000000000,02_41380360,"2",02_10,Delaware,U13,,State,Paved,"2","88","3",3.000000000000000,"0",1444.474348743749715,"1",1606.30859262006,1635740.26243092,124158.644858953,1634440.22512878,123215.177685301
"2044","2044","46617",40.117,-74.55,"651800","1055187","0",1.460000000000000,02_43183148,"2",02_34,New Jersey,S537,,State,Paved,"4","80","4",0.000000000000000,"0",1914.882328833312158,"1",3527.90393671497,1706368.24566567,207679.215931954,1709331.45752395,205764.671163707
"2045","2045","14504",40.3,-74.3,"662370","1057450","0",1.130000000000000,02_43403424,"2",02_34,New Jersey,U9,,State,Paved,"4","88","3",7.000000000000000,"0",1490.338661933800040,"1",226.603562382685,1721010.06432661,233233.363995282,1720816.24914831,233115.955089544
"2046","2046","167743",40.365,-74.122,"662253","1057895","0",2.000000000000000,02_43429560,"2",02_34,New Jersey,S444,GARDEN STATE PKWY,State,Paved,"10","104","2",7.000000000000000,"0",2625.358491958596915,"1",1033.89216229961,1733122.16677481,243944.606801299,1732818.46732817,242956.325642228
"2047","2047","53122",39.748,-75.31,"651736","1048738","0",2.350000000000000,02_42845849,"2",02_34,New Jersey,S700,NEW JERSEY TPKE,State,Paved,"4","104","3",7.000000000000000,"0",3056.589412203803477,"1",1313.41070764079,1656314.71048281,151745.592677935,1657379.32669328,150976.41128753
"2048","2048","167741",40.297,-74.343,"662490","1057383","0",0.580000000000000,02_43397499,"2",02_34,New Jersey,,MAIN ST,Municipal,Paved,"2","56","4",0.000000000000000,"0",763.504637062612915,"1",1226.36385881989,1717739.53319181,232108.691055744,1716516.57838263,232200.0685635
"2049","2049","167631",40.337,-74.25,"651549","1057056","0",5.430000000000000,02_43408483,"2",02_34,New Jersey,S79,,State,Paved,"2","48","3",10.000000000000000,"0",7148.359165156158269,"1",245.675631905544,1723912.84098692,238393.698193398,1724137.12922281,238493.954382017
"2050","2050","189419",40.352,-74.104,"662753","1057881","0",1.600000000000000,02_43432461,"2",02_34,New Jersey,S444,GARDEN STATE PKWY,State,Paved,"10","104","2",7.000000000000000,"0",2100.626254379741567,"1",1020.45970082781,1734873.8313386,242780.497172361,1734071.91478962,242149.412511261
"2051","2051","48570",39.733,-75.16,"652967","1048984","0",1.770000000000000,02_42863699,"2",02_34,New Jersey,S55,,State,Paved,"4","104","2",7.000000000000000,"0",2311.256503280166271,"1",783.647276245019,1668515.18529444,152649.381566476,1669298.0988314,152683.285065031
"2052","2052","127082",40.25,-74.117,"662684","1057753","0",3.470000000000000,02_43425785,"2",02_34,New Jersey,,SHAFTO RD,Municipal,Paved,"2","56","4",0.000000000000000,"0",4550.550452606387807,"1",1341.52766586977,1736615.86517753,230826.117276232,1737924.73287606,230531.903364186
"2053","2053","52926",39.289,-111.106,"157462","573058","0",23.710000000000001,02_8842852,"2",02_49,Utah,S29,,State,Paved,"2","56","5",0.000000000000000,"0",30638.428058779125422,"1",3219.05913996003,-1222382.67634784,13761.8346914513,-1224687.92070475,11515.0168969982
"2054","2054","14599",39,-111,"157459","573057","0",30.859999999999999,02_8842196,"2",02_49,Utah,S10,,State,Paved,"2","104","4",10.000000000000000,"0",39745.293670499821019,"1",11239.0976225416,-1219243.38504628,-21231.3044947143,-1229276.03795052,-16165.4194711339
"2055","2055","14607",39.167,-111.267,"157575","575906","0",12.260000000000000,02_8974118,"2",02_49,Utah,S10,,State,Paved,"2","104","4",10.000000000000000,"0",15818.110016394153718,"1",13169.6387993742,-1237604.21009904,1656.53126575561,-1227090.29852226,-6274.23474149089
"2056","2056","45721",39.17,-111.273,"157462","573058","0",23.710000000000001,02_8842852,"2",02_49,Utah,S29,,State,Paved,"2","56","5",0.000000000000000,"0",30638.428058779125422,"1",13059.591474817,-1238029.66692385,2083.83766256194,-1231989.28721573,13662.5570421296
"2057","2057","224185",39.05,-111.271,"157459","573057","0",30.859999999999999,02_8842196,"2",02_49,Utah,S10,,State,Paved,"2","104","4",10.000000000000000,"0",39745.293670499821019,"1",10733.185981184,-1240136.98643293,-11899.7025231199,-1232246.65151853,-19175.9581704546
"2058","2058","94148",39.3,-111.15,"157462","573058","0",23.710000000000001,02_8842852,"2",02_49,Utah,S29,,State,Paved,"2","56","5",0.000000000000000,"0",30638.428058779125422,"1",3101.00527179156,-1225706.53422206,15610.0073597851,-1227007.98453464,12795.3207378724
"2059","2059","52925",39.289,-111.106,"157462","573058","0",23.710000000000001,02_8842852,"2",02_49,Utah,S29,,State,Paved,"2","56","5",0.000000000000000,"0",30638.428058779125422,"1",3219.05913996003,-1222382.67634784,13761.8346914513,-1224687.92070475,11515.0168969982
"2060","2060","14603",39,-111,"157459","573057","0",30.859999999999999,02_8842196,"2",02_49,Utah,S10,,State,Paved,"2","104","4",10.000000000000000,"0",39745.293670499821019,"1",11239.0976225416,-1219243.38504628,-21231.3044947143,-1229276.03795052,-16165.4194711339
"2061","2061","13294",39.267,-111.254,"157462","573058","0",23.710000000000001,02_8842852,"2",02_49,Utah,S29,,State,Paved,"2","56","5",0.000000000000000,"0",30638.428058779125422,"1",2492.05116883638,-1234671.29081923,13120.0067117496,-1232596.99912012,14501.1775828146
"2062","2062","48842",39.214,-111.254,"157462","573058","0",23.710000000000001,02_8842852,"2",02_49,Utah,S29,,State,Paved,"2","56","5",0.000000000000000,"0",30638.428058779125422,"1",7652.71153905128,-1235672.06772875,6954.269511559,-1231989.28721573,13662.5570421296
"2063","2063","45724",39.214,-111.198,"157462","573058","0",23.710000000000001,02_8842852,"2",02_49,Utah,S29,,State,Paved,"2","56","5",0.000000000000000,"0",30638.428058779125422,"1",6926.48476424946,-1231174.71164541,6225.65518026938,-1230108.11365445,13069.5254241491
"2064","2064","192252",39,-111,"157459","573057","0",30.859999999999999,02_8842196,"2",02_49,Utah,S10,,State,Paved,"2","104","4",10.000000000000000,"0",39745.293670499821019,"1",11239.0976225416,-1219243.38504628,-21231.3044947143,-1229276.03795052,-16165.4194711339
"2065","2065","45719",39.228,-111.254,"157462","573058","0",23.710000000000001,02_8842852,"2",02_49,Utah,S29,,State,Paved,"2","56","5",0.000000000000000,"0",30638.428058779125422,"1",6122.78007629397,-1235407.71807435,8582.91469964911,-1231989.28721573,13662.5570421296
"2066","2066","45720",39.214,-111.254,"157462","573058","0",23.710000000000001,02_8842852,"2",02_49,Utah,S29,,State,Paved,"2","56","5",0.000000000000000,"0",30638.428058779125422,"1",7652.71153905128,-1235672.06772875,6954.269511559,-1231989.28721573,13662.5570421296
"2067","2067","52971",39.289,-111.106,"157462","573058","0",23.710000000000001,02_8842852,"2",02_49,Utah,S29,,State,Paved,"2","56","5",0.000000000000000,"0",30638.428058779125422,"1",3219.05913996003,-1222382.67634784,13761.8346914513,-1224687.92070475,11515.0168969982
"2068","2068","45722",39.183,-111.309,"157462","573058","0",23.710000000000001,02_8842852,"2",02_49,Utah,S29,,State,Paved,"2","56","5",0.000000000000000,"0",30638.428058779125422,"1",12935.9902947556,-1240676.11523778,4066.61619141426,-1235196.87862752,15784.8844540369
"2069","2069","45718",39.199,-111.235,"157462","573058","0",23.710000000000001,02_8842852,"2",02_49,Utah,S29,,State,Paved,"2","56","5",0.000000000000000,"0",30638.428058779125422,"1",8975.77835400248,-1234429.10413657,4961.76168387591,-1231563.19237097,13467.7094154345
"2070","2070","52970",39.289,-111.106,"157462","573058","0",23.710000000000001,02_8842852,"2",02_49,Utah,S29,,State,Paved,"2","56","5",0.000000000000000,"0",30638.428058779125422,"1",3219.05913996003,-1222382.67634784,13761.8346914513,-1224687.92070475,11515.0168969982
"2071","2071","138836",36.287,-108.095,"189571","603658","0",0.160000000000000,02_10222672,"2",02_35,New Mexico,S371,,State,Paved,"2","104","4",0.000000000000000,"0",199.626680940534726,"1",11832.8728247364,-1025141.67800003,-371386.672870507,-1033216.37065872,-380036.309727282
"2072","2072","47008",36.169,-107.959,"188267","603540","0",0.160000000000000,02_10220220,"2",02_35,New Mexico,S371,,State,Paved,"2","104","4",0.000000000000000,"0",198.996998952532550,"1",16336.390522393,-1015417.4196394,-386578.254653849,-1031606.34715344,-384388.213274086
"2073","2073","46992",36.315,-108.031,"189571","603658","0",0.160000000000000,02_10222672,"2",02_35,New Mexico,S371,,State,Paved,"2","104","4",0.000000000000000,"0",199.626680940534726,"1",17844.2451679384,-1019330.73290373,-368819.028050388,-1033146.57491801,-380112.371003209
"2074","2074","47819",36.344,-108.102,"189627","603716","0",0.160000000000000,02_10223904,"2",02_35,New Mexico,S371,,State,Paved,"2","104","4",0.000000000000000,"0",199.429897144965707,"1",12711.08968375,-1024880.51920036,-364679.223661942,-1037482.28902787,-363015.733907663
"2075","2075","47010",36.344,-108.102,"189627","603716","0",0.160000000000000,02_10223904,"2",02_35,New Mexico,S371,,State,Paved,"2","104","4",0.000000000000000,"0",199.429897144965707,"1",12711.08968375,-1024880.51920036,-364679.223661942,-1037482.28902787,-363015.733907663
"2076","2076","59068",36.237,-108.893,"188791","602819","0",0.160000000000000,02_10206971,"2",02_35,New Mexico,U666,,State,Paved,"2","104","3",3.000000000000000,"0",200.492580825412745,"1",15698.2979163995,-1093168.75729305,-368284.43654939,-1077721.32108255,-371079.659616427
"2077","2077","62531",36.314,-108,"191391","605579","0",0.170000000000000,02_10270324,"2",02_35,New Mexico,U550,BLOOMFIELD BLVD,State,Paved,"4","112","3",7.000000000000000,"0",205.579598224651960,"1",15714.6080043675,-1016733.11745433,-369268.292755635,-1002024.69487016,-363735.552944635
"2078","2078","154429",36.269,-108.167,"189523","603675","0",0.160000000000000,02_10222888,"2",02_35,New Mexico,S371,,State,Paved,"2","104","4",0.000000000000000,"0",198.941816996100101,"1",7210.22897688185,-1031480.99844154,-372699.66057721,-1034100.3636483,-379417.273829899
"2079","2079","194877",36.344,-108.084,"189627","603716","0",0.160000000000000,02_10223904,"2",02_35,New Mexico,S371,,State,Paved,"2","104","4",0.000000000000000,"0",199.429897144965707,"1",14239.5913425487,-1023364.42694038,-364873.67990575,-1037481.55277312,-363010.156408333
"2080","2080","47016",36.315,-108.031,"189571","603658","0",0.160000000000000,02_10222672,"2",02_35,New Mexico,S371,,State,Paved,"2","104","4",0.000000000000000,"0",199.626680940534726,"1",17844.2451679384,-1019330.73290373,-368819.028050388,-1033146.57491801,-380112.371003209
"2081","2081","171027",36.344,-108.102,"189627","603716","0",0.160000000000000,02_10223904,"2",02_35,New Mexico,S371,,State,Paved,"2","104","4",0.000000000000000,"0",199.429897144965707,"1",12711.08968375,-1024880.51920036,-364679.223661942,-1037482.28902787,-363015.733907663
"2082","2082","62529",36.304,-108.027,"189513","603669","0",0.160000000000000,02_10222736,"2",02_35,New Mexico,S371,,State,Paved,"2","104","4",0.000000000000000,"0",198.949716313623924,"1",17177.272630731,-1019156.9110688,-370141.953388899,-1033121.82496169,-380143.946939919
"2083","2083","154616",36.269,-108.167,"189523","603675","0",0.160000000000000,02_10222888,"2",02_35,New Mexico,S371,,State,Paved,"2","104","4",0.000000000000000,"0",198.941816996100101,"1",7210.22897688185,-1031480.99844154,-372699.66057721,-1034100.3636483,-379417.273829899
"2084","2084","171031",36.344,-108.084,"189627","603716","0",0.160000000000000,02_10223904,"2",02_35,New Mexico,S371,,State,Paved,"2","104","4",0.000000000000000,"0",199.429897144965707,"1",14239.5913425487,-1023364.42694038,-364873.67990575,-1037481.55277312,-363010.156408333
"2085","2085","97795",36.344,-108.066,"189627","603716","0",0.160000000000000,02_10223904,"2",02_35,New Mexico,S371,,State,Paved,"2","104","4",0.000000000000000,"0",199.429897144965707,"1",15768.0919055757,-1021848.29778516,-365067.848276575,-1037480.77853677,-363004.291179423
"2086","2086","68042",36.344,-108.084,"189627","603716","0",0.160000000000000,02_10223904,"2",02_35,New Mexico,S371,,State,Paved,"2","104","4",0.000000000000000,"0",199.429897144965707,"1",14239.5913425487,-1023364.42694038,-364873.67990575,-1037481.55277312,-363010.156408333
"2087","2087","47015",36.683,-108.266,"190627","604795","0",0.160000000000000,02_10248993,"2",02_35,New Mexico,S371,,State,Paved,"2","72","4",0.000000000000000,"0",200.299807776429816,"1",3621.87987704818,-1033559.29456049,-323446.629547778,-1030460.49419851,-321571.676172268
"2088","2088","70335",36.315,-108.031,"189571","603658","0",0.160000000000000,02_10222672,"2",02_35,New Mexico,S371,,State,Paved,"2","104","4",0.000000000000000,"0",199.626680940534726,"1",17844.2451679384,-1019330.73290373,-368819.028050388,-1033146.57491801,-380112.371003209
"2089","2089","138834",36.287,-108.095,"189571","603658","0",0.160000000000000,02_10222672,"2",02_35,New Mexico,S371,,State,Paved,"2","104","4",0.000000000000000,"0",199.626680940534726,"1",11832.8728247364,-1025141.67800003,-371386.672870507,-1033216.37065872,-380036.309727282
"2090","2090","62534",36.323,-108.031,"191430","605578","0",0.170000000000000,02_10270437,"2",02_35,New Mexico,U550,BLOOMFIELD BLVD,State,Paved,"4","112","3",7.000000000000000,"0",211.380354376860794,"1",17663.4517917981,-1019211.95756831,-367888.163253934,-1002168.79156029,-363248.333340624
"2091","2091","62488",36.325,-108.03,"191418","605543","0",0.170000000000000,02_10269611,"2",02_35,New Mexico,U550,BLOOMFIELD BLVD,State,Paved,"4","112","3",7.000000000000000,"0",211.218153188205832,"1",17495.7336154344,-1019098.00566974,-367666.195342168,-1002223.05551171,-363047.023132107
"2092","2092","14573",36.3,-108.2,"189613","603706","0",0.160000000000000,02_10223445,"2",02_35,New Mexico,S371,,State,Paved,"2","104","4",0.000000000000000,"0",199.479307235965422,"1",5615.44726450486,-1033796.54394134,-368734.081195956,-1038161.16531755,-365200.905822044
"2093","2093","179272",36.344,-108.084,"189627","603716","0",0.160000000000000,02_10223904,"2",02_35,New Mexico,S371,,State,Paved,"2","104","4",0.000000000000000,"0",199.429897144965707,"1",14239.5913425487,-1023364.42694038,-364873.67990575,-1037481.55277312,-363010.156408333
"2094","2094","138833",36.287,-108.095,"189571","603658","0",0.160000000000000,02_10222672,"2",02_35,New Mexico,S371,,State,Paved,"2","104","4",0.000000000000000,"0",199.626680940534726,"1",11832.8728247364,-1025141.67800003,-371386.672870507,-1033216.37065872,-380036.309727282
"2095","2095","47018",35.966,-107.478,"192152","606587","0",0.150000000000000,02_10291033,"2",02_35,New Mexico,U550,,State,Paved,"4","112","3",7.000000000000000,"0",181.713738376889751,"1",27133.899253135,-977655.194104489,-415253.352350531,-964549.882964653,-391494.158159495
"2096","2096","171032",36.2,-108.1,"189533","603687","0",0.160000000000000,02_10223315,"2",02_35,New Mexico,S371,,State,Paved,"2","104","4",0.000000000000000,"0",198.992862777171979,"1",5353.87781356972,-1026862.01844623,-381453.299105475,-1031869.25141083,-383348.457589825
"2097","2097","47017",36.315,-108.013,"191394","605583","0",0.100000000000000,02_10270368,"2",02_35,New Mexico,U550,BLOOMFIELD BLVD,State,Paved,"4","112","3",7.000000000000000,"0",123.097642174322985,"1",16645.8742586976,-1017813.85469444,-369012.430448547,-1002055.92793973,-363648.395192376
"2098","2098","47817",36.332,-108.067,"189620","603711","0",0.160000000000000,02_10223555,"2",02_35,New Mexico,S371,,State,Paved,"2","104","4",0.000000000000000,"0",200.408567258464558,"1",15689.5672405482,-1022111.22803418,-366453.350075511,-1037625.33398735,-364113.470448352
"2099","2099","62545",36.315,-108.031,"189571","603658","0",0.160000000000000,02_10222672,"2",02_35,New Mexico,S371,,State,Paved,"2","104","4",0.000000000000000,"0",199.626680940534726,"1",17844.2451679384,-1019330.73290373,-368819.028050388,-1033146.57491801,-380112.371003209
"2100","2100","14619",36.3,-108.2,"189613","603706","0",0.160000000000000,02_10223445,"2",02_35,New Mexico,S371,,State,Paved,"2","104","4",0.000000000000000,"0",199.479307235965422,"1",5615.44726450486,-1033796.54394134,-368734.081195956,-1038161.16531755,-365200.905822044
"2101","2101","76747",36.269,-108.167,"189523","603675","0",0.160000000000000,02_10222888,"2",02_35,New Mexico,S371,,State,Paved,"2","104","4",0.000000000000000,"0",198.941816996100101,"1",7210.22897688185,-1031480.99844154,-372699.66057721,-1034100.3636483,-379417.273829899
"2102","2102","194978",36.269,-108.167,"189523","603675","0",0.160000000000000,02_10222888,"2",02_35,New Mexico,S371,,State,Paved,"2","104","4",0.000000000000000,"0",198.941816996100101,"1",7210.22897688185,-1031480.99844154,-372699.66057721,-1034100.3636483,-379417.273829899
"2103","2103","97796",36.344,-108.066,"189627","603716","0",0.160000000000000,02_10223904,"2",02_35,New Mexico,S371,,State,Paved,"2","104","4",0.000000000000000,"0",199.429897144965707,"1",15768.0919055757,-1021848.29778516,-365067.848276575,-1037480.77853677,-363004.291179423
"2104","2104","117451",36.315,-108.031,"189571","603658","0",0.160000000000000,02_10222672,"2",02_35,New Mexico,S371,,State,Paved,"2","104","4",0.000000000000000,"0",199.626680940534726,"1",17844.2451679384,-1019330.73290373,-368819.028050388,-1033146.57491801,-380112.371003209
"2105","2105","121581",36.344,-108.066,"189627","603716","0",0.160000000000000,02_10223904,"2",02_35,New Mexico,S371,,State,Paved,"2","104","4",0.000000000000000,"0",199.429897144965707,"1",15768.0919055757,-1021848.29778516,-365067.848276575,-1037480.77853677,-363004.291179423
"2106","2106","171028",36.315,-108.084,"189619","603710","0",0.160000000000000,02_10223540,"2",02_35,New Mexico,S371,,State,Paved,"2","104","4",0.000000000000000,"0",197.889369349506524,"1",14417.7882324907,-1023796.88290435,-368247.892927016,-1037670.72370743,-364324.991081751
"2107","2107","179273",36.357,-108.136,"189636","603727","0",0.160000000000000,02_10223971,"2",02_35,New Mexico,S371,,State,Paved,"2","104","4",0.000000000000000,"0",199.739324034602419,"1",9822.50239622599,-1027549.45093449,-362798.598214361,-1037291.29914165,-361542.434676968
"2108","2108","62532",36.325,-108.017,"191393","605582","0",0.170000000000000,02_10270358,"2",02_35,New Mexico,U550,BLOOMFIELD BLVD,State,Paved,"4","112","3",7.000000000000000,"0",211.086497046033173,"1",16475.5222801718,-1018002.64429495,-367805.871839105,-1002122.80890019,-363415.693911078
"2109","2109","62544",36.315,-108.031,"189571","603658","0",0.160000000000000,02_10222672,"2",02_35,New Mexico,S371,,State,Paved,"2","104","4",0.000000000000000,"0",199.626680940534726,"1",17844.2451679384,-1019330.73290373,-368819.028050388,-1033146.57491801,-380112.371003209
"2110","2110","121580",36.344,-108.066,"189627","603716","0",0.160000000000000,02_10223904,"2",02_35,New Mexico,S371,,State,Paved,"2","104","4",0.000000000000000,"0",199.429897144965707,"1",15768.0919055757,-1021848.29778516,-365067.848276575,-1037480.77853677,-363004.291179423
"2111","2111","62486",36.321,-108.041,"189571","603658","0",0.160000000000000,02_10222672,"2",02_35,New Mexico,S371,,State,Paved,"2","104","4",0.000000000000000,"0",199.626680940534726,"1",17803.0521108428,-1020084.27217227,-368013.319993956,-1033183.91758658,-380069.353938864
"2112","2112","62542",36.314,-108,"191391","605579","0",0.170000000000000,02_10270324,"2",02_35,New Mexico,U550,BLOOMFIELD BLVD,State,Paved,"4","112","3",7.000000000000000,"0",205.579598224651960,"1",15714.6080043675,-1016733.11745433,-369268.292755635,-1002024.69487016,-363735.552944635
"2113","2113","62546",36.314,-108,"191391","605579","0",0.170000000000000,02_10270324,"2",02_35,New Mexico,U550,BLOOMFIELD BLVD,State,Paved,"4","112","3",7.000000000000000,"0",205.579598224651960,"1",15714.6080043675,-1016733.11745433,-369268.292755635,-1002024.69487016,-363735.552944635
"2114","2114","54100",36.169,-107.799,"188033","605802","0",0.150000000000000,02_10274839,"2",02_35,New Mexico,U550,,State,Paved,"4","112","3",7.000000000000000,"0",185.926237181255146,"1",10732.7805948461,-1001902.80739555,-388280.65783822,-995256.856056228,-379853.089381511
"2115","2115","62543",36.314,-108,"191391","605579","0",0.170000000000000,02_10270324,"2",02_35,New Mexico,U550,BLOOMFIELD BLVD,State,Paved,"4","112","3",7.000000000000000,"0",205.579598224651960,"1",15714.6080043675,-1016733.11745433,-369268.292755635,-1002024.69487016,-363735.552944635
"2116","2116","54103",36.169,-107.799,"188033","605802","0",0.150000000000000,02_10274839,"2",02_35,New Mexico,U550,,State,Paved,"4","112","3",7.000000000000000,"0",185.926237181255146,"1",10732.7805948461,-1001902.80739555,-388280.65783822,-995256.856056228,-379853.089381511
"2117","2117","45893",49.074,-110.716,"176676","29274","0",14.890000000000001,01_29274,"1",01_48,Alberta,"889",Highway 889,Provincial,Paved,"2","60","2",0.000000000000000,"0",22865.076964170413703,"1",22174.9958942942,-1012488.10163734,1150015.86660541,-1006549.96841931,1171381.00214902
"2117","2117","45893",49.074,-110.716,"176657","29271","0",32.530000000000001,01_29271,"1",01_48,Alberta,"501",Highway 501,Provincial,Paved,"2","60","2",0.000000000000000,"0",49750.205365787616756,"2",22174.9958942942,-1012488.10163734,1150015.86660541,-1006549.96841931,1171381.00214902
"2118","2118","47809",50.765,-111.524,"63257","29526","0",18.120000000000001,01_29526,"1",01_48,Alberta,"36",Highway 36,Provincial,Paved,"2","80","2",0.000000000000000,"0",28694.157322619819752,"1",27581.5240096485,-1035228.21918828,1354763.07776134,-1061859.1878495,1361941.65525692
"2119","2119","47794",50.755,-111.531,"63257","29526","0",18.120000000000001,01_29526,"1",01_48,Alberta,"36",Highway 36,Provincial,Paved,"2","80","2",0.000000000000000,"0",28694.157322619819752,"1",27257.7934005849,-1035881.93823745,1353683.53357374,-1061876.16570539,1361886.4257109
"2120","2120","45670",49.082,-110.84,"176676","29274","0",14.890000000000001,01_29274,"1",01_48,Alberta,"889",Highway 889,Provincial,Paved,"2","60","2",0.000000000000000,"0",22865.076964170413703,"1",23836.6796469703,-1020803.31866355,1152275.26208465,-1006549.96841931,1171381.00214902
"2120","2120","45670",49.082,-110.84,"176657","29271","0",32.530000000000001,01_29271,"1",01_48,Alberta,"501",Highway 501,Provincial,Paved,"2","60","2",0.000000000000000,"0",49750.205365787616756,"2",23836.6796469703,-1020803.31866355,1152275.26208465,-1006549.96841931,1171381.00214902
"2121","2121","70054",50.6,-111.62,"63256","29534","0",8.410000000000000,01_29534,"1",01_48,Alberta,"1",Highway 1,Provincial,Paved,"4","100","1",1.000000000000000,"0",13197.923511066590436,"1",12520.0460202854,-1044743.93321055,1336739.61390734,-1052528.17402814,1326933.63882866
"2122","2122","45892",49.076,-110.701,"176676","29274","0",14.890000000000001,01_29274,"1",01_48,Alberta,"889",Highway 889,Provincial,Paved,"2","60","2",0.000000000000000,"0",22865.076964170413703,"1",21844.4545691784,-1011428.02859979,1150088.16945113,-1006549.96841931,1171381.00214902
"2122","2122","45892",49.076,-110.701,"176657","29271","0",32.530000000000001,01_29271,"1",01_48,Alberta,"501",Highway 501,Provincial,Paved,"2","60","2",0.000000000000000,"0",49750.205365787616756,"2",21844.4545691784,-1011428.02859979,1150088.16945113,-1006549.96841931,1171381.00214902
"2123","2123","34375",50.755,-111.617,"63257","29526","0",18.120000000000001,01_29526,"1",01_48,Alberta,"36",Highway 36,Provincial,Paved,"2","80","2",0.000000000000000,"0",28694.157322619819752,"1",21568.8358497353,-1041566.10167692,1354625.84866275,-1061876.16570539,1361886.4257109
"2124","2124","67892",50.751,-111.408,"63256","29534","0",8.410000000000000,01_29534,"1",01_48,Alberta,"1",Highway 1,Provincial,Paved,"4","100","1",1.000000000000000,"0",13197.923511066590436,"1",34972.9492060028,-1027826.62454979,1351882.25757543,-1050235.42696709,1325031.6942594
"2125","2125","45822",49.076,-110.701,"176676","29274","0",14.890000000000001,01_29274,"1",01_48,Alberta,"889",Highway 889,Provincial,Paved,"2","60","2",0.000000000000000,"0",22865.076964170413703,"1",21844.4545691784,-1011428.02859979,1150088.16945113,-1006549.96841931,1171381.00214902
"2125","2125","45822",49.076,-110.701,"176657","29271","0",32.530000000000001,01_29271,"1",01_48,Alberta,"501",Highway 501,Provincial,Paved,"2","60","2",0.000000000000000,"0",49750.205365787616756,"2",21844.4545691784,-1011428.02859979,1150088.16945113,-1006549.96841931,1171381.00214902
"2126","2126","45821",49.162,-110.719,"176676","29274","0",14.890000000000001,01_29274,"1",01_48,Alberta,"889",Highway 889,Provincial,Paved,"2","60","2",0.000000000000000,"0",22865.076964170413703,"1",12000.3097910792,-1011092.26762819,1160273.57431992,-1006549.96841931,1171381.00214902
"2126","2126","45821",49.162,-110.719,"176657","29271","0",32.530000000000001,01_29271,"1",01_48,Alberta,"501",Highway 501,Provincial,Paved,"2","60","2",0.000000000000000,"0",49750.205365787616756,"2",12000.3097910792,-1011092.26762819,1160273.57431992,-1006549.96841931,1171381.00214902
"2127","2127","45899",49.073,-110.659,"176657","29271","0",32.530000000000001,01_29271,"1",01_48,Alberta,"501",Highway 501,Provincial,Paved,"2","60","2",0.000000000000000,"0",49750.205365787616756,"1",22141.9989329795,-1008615.88152316,1149292.03122285,-1005140.92668596,1171159.65124944
"2128","2128","45894",49.076,-110.703,"176676","29274","0",14.890000000000001,01_29274,"1",01_48,Alberta,"889",Highway 889,Provincial,Paved,"2","60","2",0.000000000000000,"0",22865.076964170413703,"1",21854.568618293,-1011564.5234717,1150109.50932134,-1006549.96841931,1171381.00214902
"2128","2128","45894",49.076,-110.703,"176657","29271","0",32.530000000000001,01_29271,"1",01_48,Alberta,"501",Highway 501,Provincial,Paved,"2","60","2",0.000000000000000,"0",49750.205365787616756,"2",21854.568618293,-1011564.5234717,1150109.50932134,-1006549.96841931,1171381.00214902
"2129","2129","179241",50.728,-111.5,"63256","29534","0",8.410000000000000,01_29534,"1",01_48,Alberta,"1",Highway 1,Provincial,Paved,"4","100","1",1.000000000000000,"0",13197.923511066590436,"1",29544.7302893037,-1034347.76758146,1350223.59409611,-1052716.97286155,1327083.51230616
"2130","2130","45898",49.194,-110.734,"176676","29274","0",14.890000000000001,01_29274,"1",01_48,Alberta,"889",Highway 889,Provincial,Paved,"2","60","2",0.000000000000000,"0",22865.076964170413703,"1",8779.74703406539,-1011531.8083785,1164151.53269386,-1006549.96841931,1171381.00214902
"2130","2130","45898",49.194,-110.734,"176657","29271","0",32.530000000000001,01_29271,"1",01_48,Alberta,"501",Highway 501,Provincial,Paved,"2","60","2",0.000000000000000,"0",49750.205365787616756,"2",8779.74703406539,-1011531.8083785,1164151.53269386,-1006549.96841931,1171381.00214902
"2131","2131","45820",49.138,-110.848,"176657","29271","0",32.530000000000001,01_29271,"1",01_48,Alberta,"501",Highway 501,Provincial,Paved,"2","60","2",0.000000000000000,"0",49750.205365787616756,"1",18607.8227500094,-1020321.69083836,1158867.38040677,-1006549.96841931,1171381.00214902
"2131","2131","45820",49.138,-110.848,"176676","29274","0",14.890000000000001,01_29274,"1",01_48,Alberta,"889",Highway 889,Provincial,Paved,"2","60","2",0.000000000000000,"0",22865.076964170413703,"2",18607.8227500094,-1020321.69083836,1158867.38040677,-1006549.96841931,1171381.00214902
"2132","2132","67880",50.733,-110.075,"63206","29510","0",26.750000000000000,01_29510,"1",01_48,Alberta,"41",Highway 41,Provincial,Paved,"3","80","2",0.000000000000000,"0",42291.740753151236277,"1",388.774515433543,-939903.439003371,1335963.7887587,-939722.939826241,1335619.45509652
"2133","2133","179240",50.786,-111.351,"63257","29526","0",18.120000000000001,01_29526,"1",01_48,Alberta,"36",Highway 36,Provincial,Paved,"2","80","2",0.000000000000000,"0",28694.157322619819752,"1",39024.8643404756,-1023396.50271335,1355312.56654413,-1061837.3718607,1362038.60668591
"2134","2134","189514",50.813,-111.631,"63257","29526","0",18.120000000000001,01_29526,"1",01_48,Alberta,"36",Highway 36,Provincial,Paved,"2","80","2",0.000000000000000,"0",28694.157322619819752,"1",20349.746499031,-1041375.95605843,1361482.94839334,-1060513.44351887,1368401.67344037
"2135","2135","14471",49.3,-110.6,"176657","29271","0",32.530000000000001,01_29271,"1",01_48,Alberta,"501",Highway 501,Provincial,Paved,"2","60","2",0.000000000000000,"0",49750.205365787616756,"1",4565.17790076975,-1000493.49110307,1175044.69734689,-1001210.6635186,1170536.20391869
"2136","2136","206061",49.076,-110.679,"176676","29274","0",14.890000000000001,01_29274,"1",01_48,Alberta,"889",Highway 889,Provincial,Paved,"2","60","2",0.000000000000000,"0",22865.076964170413703,"1",21790.5823867133,-1009926.55531006,1149853.62093994,-1006549.96841931,1171381.00214902
"2136","2136","206061",49.076,-110.679,"176657","29271","0",32.530000000000001,01_29271,"1",01_48,Alberta,"501",Highway 501,Provincial,Paved,"2","60","2",0.000000000000000,"0",49750.205365787616756,"2",21790.5823867133,-1009926.55531006,1149853.62093994,-1006549.96841931,1171381.00214902
"2137","2137","45671",49.075,-110.684,"176676","29274","0",14.890000000000001,01_29274,"1",01_48,Alberta,"889",Highway 889,Provincial,Paved,"2","60","2",0.000000000000000,"0",22865.076964170413703,"1",21911.1749186027,-1010285.95100991,1149790.67977078,-1006549.96841931,1171381.00214902
"2137","2137","45671",49.075,-110.684,"176657","29271","0",32.530000000000001,01_29271,"1",01_48,Alberta,"501",Highway 501,Provincial,Paved,"2","60","2",0.000000000000000,"0",49750.205365787616756,"2",21911.1749186027,-1010285.95100991,1149790.67977078,-1006549.96841931,1171381.00214902
"2138","2138","146193",49.1,-110.94,"176676","29274","0",14.890000000000001,01_29274,"1",01_48,Alberta,"889",Highway 889,Provincial,Paved,"2","60","2",0.000000000000000,"0",22865.076964170413703,"1",26156.7222421853,-1027292.91345171,1155446.62579356,-1006549.96841931,1171381.00214902
"2138","2138","146193",49.1,-110.94,"176657","29271","0",32.530000000000001,01_29271,"1",01_48,Alberta,"501",Highway 501,Provincial,Paved,"2","60","2",0.000000000000000,"0",49750.205365787616756,"2",26156.7222421853,-1027292.91345171,1155446.62579356,-1006549.96841931,1171381.00214902
"2139","2139","14485",50.9,-111.8,"63258","29525","0",12.859999999999999,01_29525,"1",01_48,Alberta,"36",Highway 36,Provincial,Paved,"2","80","2",0.000000000000000,"0",20426.334411487259786,"1",6700.16482896669,-1050840.59314063,1373399.21589531,-1057274.63345284,1375268.79713081
"2140","2140","52474",50.6,-111.62,"63256","29534","0",8.410000000000000,01_29534,"1",01_48,Alberta,"1",Highway 1,Provincial,Paved,"4","100","1",1.000000000000000,"0",13197.923511066590436,"1",12520.0460202854,-1044743.93321055,1336739.61390734,-1052528.17402814,1326933.63882866
"2141","2141","45819",49.159,-110.722,"176676","29274","0",14.890000000000001,01_29274,"1",01_48,Alberta,"889",Highway 889,Provincial,Paved,"2","60","2",0.000000000000000,"0",22865.076964170413703,"1",12391.9386877775,-1011351.25909878,1159957.00318838,-1006549.96841931,1171381.00214902
"2141","2141","45819",49.159,-110.722,"176657","29271","0",32.530000000000001,01_29271,"1",01_48,Alberta,"501",Highway 501,Provincial,Paved,"2","60","2",0.000000000000000,"0",49750.205365787616756,"2",12391.9386877775,-1011351.25909878,1159957.00318838,-1006549.96841931,1171381.00214902
"2142","2142","146194",49.1,-110.94,"176676","29274","0",14.890000000000001,01_29274,"1",01_48,Alberta,"889",Highway 889,Provincial,Paved,"2","60","2",0.000000000000000,"0",22865.076964170413703,"1",26156.7222421853,-1027292.91345171,1155446.62579356,-1006549.96841931,1171381.00214902
"2142","2142","146194",49.1,-110.94,"176657","29271","0",32.530000000000001,01_29271,"1",01_48,Alberta,"501",Highway 501,Provincial,Paved,"2","60","2",0.000000000000000,"0",49750.205365787616756,"2",26156.7222421853,-1027292.91345171,1155446.62579356,-1006549.96841931,1171381.00214902
"2143","2143","45565",49.098,-110.939,"176676","29274","0",14.890000000000001,01_29274,"1",01_48,Alberta,"889",Highway 889,Provincial,Paved,"2","60","2",0.000000000000000,"0",22865.076964170413703,"1",26280.906617263,-1027261.63976347,1155203.46455034,-1006549.96841931,1171381.00214902
"2143","2143","45565",49.098,-110.939,"176657","29271","0",32.530000000000001,01_29271,"1",01_48,Alberta,"501",Highway 501,Provincial,Paved,"2","60","2",0.000000000000000,"0",49750.205365787616756,"2",26280.906617263,-1027261.63976347,1155203.46455034,-1006549.96841931,1171381.00214902
"2144","2144","70052",50.6,-111.62,"63256","29534","0",8.410000000000000,01_29534,"1",01_48,Alberta,"1",Highway 1,Provincial,Paved,"4","100","1",1.000000000000000,"0",13197.923511066590436,"1",12520.0460202854,-1044743.93321055,1336739.61390734,-1052528.17402814,1326933.63882866
"2145","2145","45566",49.1,-110.94,"176676","29274","0",14.890000000000001,01_29274,"1",01_48,Alberta,"889",Highway 889,Provincial,Paved,"2","60","2",0.000000000000000,"0",22865.076964170413703,"1",26156.7222421853,-1027292.91345171,1155446.62579356,-1006549.96841931,1171381.00214902
"2145","2145","45566",49.1,-110.94,"176657","29271","0",32.530000000000001,01_29271,"1",01_48,Alberta,"501",Highway 501,Provincial,Paved,"2","60","2",0.000000000000000,"0",49750.205365787616756,"2",26156.7222421853,-1027292.91345171,1155446.62579356,-1006549.96841931,1171381.00214902
"2146","2146","45567",49.102,-110.941,"176676","29274","0",14.890000000000001,01_29274,"1",01_48,Alberta,"889",Highway 889,Provincial,Paved,"2","60","2",0.000000000000000,"0",22865.076964170413703,"1",26034.2509588799,-1027324.18226799,1155689.78607253,-1006549.96841931,1171381.00214902
"2146","2146","45567",49.102,-110.941,"176657","29271","0",32.530000000000001,01_29271,"1",01_48,Alberta,"501",Highway 501,Provincial,Paved,"2","60","2",0.000000000000000,"0",49750.205365787616756,"2",26034.2509588799,-1027324.18226799,1155689.78607253,-1006549.96841931,1171381.00214902
"2147","2147","45240",50.752,-111.512,"63257","29526","0",18.120000000000001,01_29526,"1",01_48,Alberta,"36",Highway 36,Provincial,Paved,"2","80","2",0.000000000000000,"0",28694.157322619819752,"1",28568.1904939087,-1034683.28174446,1353129.22467498,-1061876.16570539,1361886.4257109
"2148","2148","35379",50.63,-111.62,"63256","29534","0",8.410000000000000,01_29534,"1",01_48,Alberta,"1",Highway 1,Provincial,Paved,"4","100","1",1.000000000000000,"0",13197.923511066590436,"1",15595.5309831957,-1044167.14847611,1340208.41901396,-1053860.2527555,1327991.04138712
"2149","2149","70055",50.6,-111.62,"63256","29534","0",8.410000000000000,01_29534,"1",01_48,Alberta,"1",Highway 1,Provincial,Paved,"4","100","1",1.000000000000000,"0",13197.923511066590436,"1",12520.0460202854,-1044743.93321055,1336739.61390734,-1052528.17402814,1326933.63882866
"2150","2150","53049",49.283,-112.2,"63324","29300","0",8.369999999999999,01_29300,"1",01_48,Alberta,"4",Highway 4,Provincial,Paved,"4","100","1",1.000000000000000,"0",12840.387783708250936,"1",167.671856828226,-1109460.60081322,1190878.34982402,-1109295.54797297,1190848.83014417
"2151","2151","52991",49.283,-112.577,"160715","29321","0",42.240000000000002,01_29321,"1",01_48,Alberta,"62",Highway 62,Provincial,Paved,"2","80","2",0.000000000000000,"0",64690.280051977337280,"1",17178.4805415549,-1135018.86969736,1195341.33099036,-1151375.79992132,1190092.42373601
"2152","2152","52476",50.6,-111.62,"63256","29534","0",8.410000000000000,01_29534,"1",01_48,Alberta,"1",Highway 1,Provincial,Paved,"4","100","1",1.000000000000000,"0",13197.923511066590436,"1",12520.0460202854,-1044743.93321055,1336739.61390734,-1052528.17402814,1326933.63882866
"2153","2153","191269",50.65,-111.62,"63256","29534","0",8.410000000000000,01_29534,"1",01_48,Alberta,"1",Highway 1,Provincial,Paved,"4","100","1",1.000000000000000,"0",13197.923511066590436,"1",17645.5638101379,-1043782.65057104,1342520.80388993,-1054755.38039641,1328701.79081528
"2154","2154","144509",49.036,-110.694,"176676","29274","0",14.890000000000001,01_29274,"1",01_48,Alberta,"889",Highway 889,Provincial,Paved,"2","60","2",0.000000000000000,"0",22865.076964170413703,"1",26516.6006061616,-1011676.69038006,1145364.72206051,-1006549.96841931,1171381.00214902
"2154","2154","144509",49.036,-110.694,"176657","29271","0",32.530000000000001,01_29271,"1",01_48,Alberta,"501",Highway 501,Provincial,Paved,"2","60","2",0.000000000000000,"0",49750.205365787616756,"2",26516.6006061616,-1011676.69038006,1145364.72206051,-1006549.96841931,1171381.00214902
"2155","2155","53050",49.283,-112.2,"63324","29300","0",8.369999999999999,01_29300,"1",01_48,Alberta,"4",Highway 4,Provincial,Paved,"4","100","1",1.000000000000000,"0",12840.387783708250936,"1",167.671856828226,-1109460.60081322,1190878.34982402,-1109295.54797297,1190848.83014417
"2156","2156","45897",49.187,-110.732,"176676","29274","0",14.890000000000001,01_29274,"1",01_48,Alberta,"889",Highway 889,Provincial,Paved,"2","60","2",0.000000000000000,"0",22865.076964170413703,"1",9474.20968311055,-1011523.02185602,1163316.92200091,-1006549.96841931,1171381.00214902
"2156","2156","45897",49.187,-110.732,"176657","29271","0",32.530000000000001,01_29271,"1",01_48,Alberta,"501",Highway 501,Provincial,Paved,"2","60","2",0.000000000000000,"0",49750.205365787616756,"2",9474.20968311055,-1011523.02185602,1163316.92200091,-1006549.96841931,1171381.00214902
"2157","2157","47795",50.829,-111.322,"63258","29525","0",12.859999999999999,01_29525,"1",01_48,Alberta,"36",Highway 36,Provincial,Paved,"2","80","2",0.000000000000000,"0",20426.334411487259786,"1",39667.1736220041,-1020669.38128319,1359971.76642943,-1057303.12551558,1375185.36057002
"2158","2158","172610",50.755,-111.531,"63257","29526","0",18.120000000000001,01_29526,"1",01_48,Alberta,"36",Highway 36,Provincial,Paved,"2","80","2",0.000000000000000,"0",28694.157322619819752,"1",27257.7934005849,-1035881.93823745,1353683.53357374,-1061876.16570539,1361886.4257109
"2159","2159","191268",50.688,-111.617,"63255","29538","0",9.199999999999999,01_29538,"1",01_48,Alberta,"1",Highway 1,Provincial,Paved,"4","100","1",1.000000000000000,"0",14461.455303759805247,"1",21190.78129971,-1042853.64607315,1346880.99344468,-1059700.90294626,1334027.23337443
"2160","2160","144510",49.179,-110.683,"176676","29274","0",14.890000000000001,01_29274,"1",01_48,Alberta,"889",Highway 889,Provincial,Paved,"2","60","2",0.000000000000000,"0",22865.076964170413703,"1",9680.7935508596,-1008330.73029073,1161865.40175117,-1006549.96841931,1171381.00214902
"2160","2160","144510",49.179,-110.683,"176657","29271","0",32.530000000000001,01_29271,"1",01_48,Alberta,"501",Highway 501,Provincial,Paved,"2","60","2",0.000000000000000,"0",49750.205365787616756,"2",9680.7935508596,-1008330.73029073,1161865.40175117,-1006549.96841931,1171381.00214902
"2161","2161","11915",50.752,-111.485,"63257","29526","0",18.120000000000001,01_29526,"1",01_48,Alberta,"36",Highway 36,Provincial,Paved,"2","80","2",0.000000000000000,"0",28694.157322619819752,"1",30358.5893868019,-1032898.38491731,1352834.7866243,-1061876.16570539,1361886.4257109
"2162","2162","191267",50.688,-111.617,"63255","29538","0",9.199999999999999,01_29538,"1",01_48,Alberta,"1",Highway 1,Provincial,Paved,"4","100","1",1.000000000000000,"0",14461.455303759805247,"1",21190.78129971,-1042853.64607315,1346880.99344468,-1059700.90294626,1334027.23337443
"2163","2163","117928",50.81,-111.6,"63257","29526","0",18.120000000000001,01_29526,"1",01_48,Alberta,"36",Highway 36,Provincial,Paved,"2","80","2",0.000000000000000,"0",28694.157322619819752,"1",22453.8495758236,-1039386.92942764,1360796.03322231,-1060513.44351887,1368401.67344037
"2164","2164","45674",49.078,-110.684,"176676","29274","0",14.890000000000001,01_29274,"1",01_48,Alberta,"889",Highway 889,Provincial,Paved,"2","60","2",0.000000000000000,"0",22865.076964170413703,"1",21558.3481392734,-1010231.51014129,1150139.33025053,-1006549.96841931,1171381.00214902
"2164","2164","45674",49.078,-110.684,"176657","29271","0",32.530000000000001,01_29271,"1",01_48,Alberta,"501",Highway 501,Provincial,Paved,"2","60","2",0.000000000000000,"0",49750.205365787616756,"2",21558.3481392734,-1010231.51014129,1150139.33025053,-1006549.96841931,1171381.00214902
"2165","2165","52470",50.772,-111.489,"63257","29526","0",18.120000000000001,01_29526,"1",01_48,Alberta,"36",Highway 36,Provincial,Paved,"2","80","2",0.000000000000000,"0",28694.157322619819752,"1",29850.0598274591,-1032781.64105569,1355190.53804306,-1061848.23405756,1361984.59743096
"2166","2166","179245",50.778,-111.51,"63257","29526","0",18.120000000000001,01_29526,"1",01_48,Alberta,"36",Highway 36,Provincial,Paved,"2","80","2",0.000000000000000,"0",28694.157322619819752,"1",28406.7862868605,-1034054.8764035,1356113.07484643,-1061848.23405756,1361984.59743096
"2167","2167","64335",50.713,-110.132,"63206","29510","0",26.750000000000000,01_29510,"1",01_48,Alberta,"41",Highway 41,Provincial,Paved,"3","80","2",0.000000000000000,"0",42291.740753151236277,"1",1820.18767071326,-944029.696222116,1334212.43932876,-942216.542013408,1334372.29855453
"2168","2168","14451",50.78,-110.5,"63206","29510","0",26.750000000000000,01_29510,"1",01_48,Alberta,"41",Highway 41,Provincial,Paved,"3","80","2",0.000000000000000,"0",42291.740753151236277,"1",25708.7287304908,-967226.745777221,1345683.39590051,-941518.615994238,1345507.90801127
"2169","2169","58808",50.721,-111.397,"63260","29490","0",45.340000000000003,01_29490,"1",01_48,Alberta,"1",Highway 1,Provincial,Paved,"4","100","1",1.000000000000000,"0",71005.866205162252299,"1",32319.6545403894,-1027667.75085099,1348293.99569836,-1048368.47336884,1323473.83943678
"2170","2170","52483",50.688,-111.617,"63255","29538","0",9.199999999999999,01_29538,"1",01_48,Alberta,"1",Highway 1,Provincial,Paved,"4","100","1",1.000000000000000,"0",14461.455303759805247,"1",21190.78129971,-1042853.64607315,1346880.99344468,-1059700.90294626,1334027.23337443
"2171","2171","52471",50.806,-111.626,"63257","29526","0",18.120000000000001,01_29526,"1",01_48,Alberta,"36",Highway 36,Provincial,Paved,"2","80","2",0.000000000000000,"0",28694.157322619819752,"1",20700.43981185,-1041180.4310431,1360619.07186621,-1061824.86966565,1362140.70334706
"2172","2172","13340",50.73,-111.8,"63257","29526","0",18.120000000000001,01_29526,"1",01_48,Alberta,"36",Highway 36,Provincial,Paved,"2","80","2",0.000000000000000,"0",28694.157322619819752,"1",10185.672223008,-1054144.59163207,1353759.38970077,-1063610.89640112,1357519.3089358
"2173","2173","177143",50.73,-111.8,"63257","29526","0",18.120000000000001,01_29526,"1",01_48,Alberta,"36",Highway 36,Provincial,Paved,"2","80","2",0.000000000000000,"0",28694.157322619819752,"1",10185.672223008,-1054144.59163207,1353759.38970077,-1063610.89640112,1357519.3089358
"2174","2174","116537",50.7,-111.5,"63256","29534","0",8.410000000000000,01_29534,"1",01_48,Alberta,"1",Highway 1,Provincial,Paved,"4","100","1",1.000000000000000,"0",13197.923511066590436,"1",26693.8875002038,-1034881.86149893,1346986.21150687,-1051998.13480988,1326502.14897478
"2175","2175","52473",50.6,-111.62,"63256","29534","0",8.410000000000000,01_29534,"1",01_48,Alberta,"1",Highway 1,Provincial,Paved,"4","100","1",1.000000000000000,"0",13197.923511066590436,"1",12520.0460202854,-1044743.93321055,1336739.61390734,-1052528.17402814,1326933.63882866
"2176","2176","118024",50.9,-111.8,"63258","29525","0",12.859999999999999,01_29525,"1",01_48,Alberta,"36",Highway 36,Provincial,Paved,"2","80","2",0.000000000000000,"0",20426.334411487259786,"1",6700.16482896669,-1050840.59314063,1373399.21589531,-1057274.63345284,1375268.79713081
"2177","2177","179244",50.822,-111.569,"63258","29525","0",12.859999999999999,01_29525,"1",01_48,Alberta,"36",Highway 36,Provincial,Paved,"2","80","2",0.000000000000000,"0",20426.334411487259786,"1",24177.9935120954,-1037110.25908809,1361843.38128226,-1057590.2125215,1374694.32979341
"2178","2178","221937",49.226,-110.691,"176676","29274","0",14.890000000000001,01_29274,"1",01_48,Alberta,"889",Highway 889,Provincial,Paved,"2","60","2",0.000000000000000,"0",22865.076964170413703,"1",4234.06106392056,-1008022.61409166,1167411.29336667,-1006549.96841931,1171381.00214902
"2178","2178","221937",49.226,-110.691,"176657","29271","0",32.530000000000001,01_29271,"1",01_48,Alberta,"501",Highway 501,Provincial,Paved,"2","60","2",0.000000000000000,"0",49750.205365787616756,"2",4234.06106392056,-1008022.61409166,1167411.29336667,-1006549.96841931,1171381.00214902
"2179","2179","59041",50.753,-111.514,"63257","29526","0",18.120000000000001,01_29526,"1",01_48,Alberta,"36",Highway 36,Provincial,Paved,"2","80","2",0.000000000000000,"0",28694.157322619819752,"1",28418.5482243449,-1034796.40309678,1353266.66119901,-1061876.16570539,1361886.4257109
"2180","2180","168226",49.059,-110.722,"176676","29274","0",14.890000000000001,01_29274,"1",01_48,Alberta,"889",Highway 889,Provincial,Paved,"2","60","2",0.000000000000000,"0",22865.076964170413703,"1",23976.3915202513,-1013170.49785847,1148336.78508101,-1006549.96841931,1171381.00214902
"2180","2180","168226",49.059,-110.722,"176657","29271","0",32.530000000000001,01_29271,"1",01_48,Alberta,"501",Highway 501,Provincial,Paved,"2","60","2",0.000000000000000,"0",49750.205365787616756,"2",23976.3915202513,-1013170.49785847,1148336.78508101,-1006549.96841931,1171381.00214902
"2181","2181","52485",50.688,-111.617,"63255","29538","0",9.199999999999999,01_29538,"1",01_48,Alberta,"1",Highway 1,Provincial,Paved,"4","100","1",1.000000000000000,"0",14461.455303759805247,"1",21190.78129971,-1042853.64607315,1346880.99344468,-1059700.90294626,1334027.23337443
"2182","2182","117923",50.811,-111.577,"63257","29526","0",18.120000000000001,01_29526,"1",01_48,Alberta,"36",Highway 36,Provincial,Paved,"2","80","2",0.000000000000000,"0",28694.157322619819752,"1",23948.49021415,-1037849.16331466,1360659.61738929,-1060416.3661728,1368675.32314092
"2183","2183","117927",50.738,-111.554,"63257","29526","0",18.120000000000001,01_29526,"1",01_48,Alberta,"36",Highway 36,Provincial,Paved,"2","80","2",0.000000000000000,"0",28694.157322619819752,"1",26102.4076239465,-1037727.56778675,1351969.84512364,-1061980.00334028,1361621.5316855
"2184","2184","117930",50.723,-111.554,"63257","29526","0",18.120000000000001,01_29526,"1",01_48,Alberta,"36",Highway 36,Provincial,Paved,"2","80","2",0.000000000000000,"0",28694.157322619819752,"1",26476.5625913347,-1038014.66474102,1350235.77271283,-1062619.06130768,1360014.93608416
"2185","2185","67884",50.73,-110.089,"63206","29510","0",26.750000000000000,01_29510,"1",01_48,Alberta,"41",Highway 41,Provincial,Paved,"3","80","2",0.000000000000000,"0",42291.740753151236277,"1",319.172647660475,-940883.497084527,1335755.00399801,-940740.237567544,1336040.21951268
"2186","2186","179246",50.778,-111.51,"63257","29526","0",18.120000000000001,01_29526,"1",01_48,Alberta,"36",Highway 36,Provincial,Paved,"2","80","2",0.000000000000000,"0",28694.157322619819752,"1",28406.7862868605,-1034054.8764035,1356113.07484643,-1061848.23405756,1361984.59743096
"2187","2187","60364",49.286,-112.206,"63324","29300","0",8.369999999999999,01_29300,"1",01_48,Alberta,"4",Highway 4,Provincial,Paved,"4","100","1",1.000000000000000,"0",12840.387783708250936,"1",573.470479475166,-1109807.49570519,1191296.17092846,-1109234.70346839,1191268.28824039
"2188","2188","72144",50.45,-111.12,"63260","29490","0",45.340000000000003,01_29490,"1",01_48,Alberta,"1",Highway 1,Provincial,Paved,"4","100","1",1.000000000000000,"0",71005.866205162252299,"1",21739.8333322533,-1014383.30102001,1313953.65547051,-1032100.77585061,1301355.58264404
"2189","2189","14476",50.5,-110.3,"63228","29503","0",19.440000000000001,01_29503,"1",01_48,Alberta,"41",Highway 41,Provincial,Paved,"2","80","2",0.000000000000000,"0",30636.621325782813074,"1",13692.1044354014,-958919.428308183,1311211.61773686,-945378.152155362,1309184.90512207
"2190","2190","117922",50.696,-111.632,"63255","29538","0",9.199999999999999,01_29538,"1",01_48,Alberta,"1",Highway 1,Provincial,Paved,"4","100","1",1.000000000000000,"0",14461.455303759805247,"1",21185.2374789368,-1043692.31264308,1347970.88993466,-1060533.52302979,1335118.3446712
"2191","2191","11904",50.742,-111.512,"63257","29526","0",18.120000000000001,01_29526,"1",01_48,Alberta,"36",Highway 36,Provincial,Paved,"2","80","2",0.000000000000000,"0",28694.157322619819752,"1",28764.2406387921,-1034874.15907637,1351973.14282717,-1061876.16570539,1361886.4257109
"2192","2192","118189",50.811,-111.589,"63257","29526","0",18.120000000000001,01_29526,"1",01_48,Alberta,"36",Highway 36,Provincial,Paved,"2","80","2",0.000000000000000,"0",28694.157322619819752,"1",23157.8686373945,-1038641.47060829,1360791.04261069,-1060455.40976803,1368565.29100922
"2193","2193","117929",50.81,-111.623,"63257","29526","0",18.120000000000001,01_29526,"1",01_48,Alberta,"36",Highway 36,Provincial,Paved,"2","80","2",0.000000000000000,"0",28694.157322619819752,"1",20941.4263377967,-1040905.47064492,1361048.39275513,-1060513.44351887,1368401.67344037
"2194","2194","52477",50.9,-111.8,"63258","29525","0",12.859999999999999,01_29525,"1",01_48,Alberta,"36",Highway 36,Provincial,Paved,"2","80","2",0.000000000000000,"0",20426.334411487259786,"1",6700.16482896669,-1050840.59314063,1373399.21589531,-1057274.63345284,1375268.79713081
"2195","2195","191266",50.688,-111.617,"63255","29538","0",9.199999999999999,01_29538,"1",01_48,Alberta,"1",Highway 1,Provincial,Paved,"4","100","1",1.000000000000000,"0",14461.455303759805247,"1",21190.78129971,-1042853.64607315,1346880.99344468,-1059700.90294626,1334027.23337443
"2196","2196","123351",50.759,-111.393,"63256","29534","0",8.410000000000000,01_29534,"1",01_48,Alberta,"1",Highway 1,Provincial,Paved,"4","100","1",1.000000000000000,"0",13197.923511066590436,"1",36290.9339160383,-1026683.29081755,1352644.73962747,-1049936.58761198,1324782.29047654
"2197","2197","67879",50.644,-110.91,"63260","29490","0",45.340000000000003,01_29490,"1",01_48,Alberta,"1",Highway 1,Provincial,Paved,"4","100","1",1.000000000000000,"0",71005.866205162252299,"1",47752.4223264702,-996849.438901879,1334184.92350385,-1035769.10203388,1306516.28313723
"2198","2198","14481",50.9,-111.8,"63258","29525","0",12.859999999999999,01_29525,"1",01_48,Alberta,"36",Highway 36,Provincial,Paved,"2","80","2",0.000000000000000,"0",20426.334411487259786,"1",6700.16482896669,-1050840.59314063,1373399.21589531,-1057274.63345284,1375268.79713081
"2199","2199","123097",50.719,-111.531,"63256","29534","0",8.410000000000000,01_29534,"1",01_48,Alberta,"1",Highway 1,Provincial,Paved,"4","100","1",1.000000000000000,"0",13197.923511066590436,"1",27613.3257748952,-1036569.94919421,1349521.66524636,-1053732.48418741,1327889.67151121
"2200","2200","52484",50.65,-111.62,"63256","29534","0",8.410000000000000,01_29534,"1",01_48,Alberta,"1",Highway 1,Provincial,Paved,"4","100","1",1.000000000000000,"0",13197.923511066590436,"1",17645.5638101379,-1043782.65057104,1342520.80388993,-1054755.38039641,1328701.79081528
"2201","2201","11903",49.084,-110.682,"176676","29274","0",14.890000000000001,01_29274,"1",01_48,Alberta,"889",Highway 889,Provincial,Paved,"2","60","2",0.000000000000000,"0",22865.076964170413703,"1",20850.7746294253,-1009986.1498223,1150815.31567828,-1006549.96841931,1171381.00214902
"2201","2201","11903",49.084,-110.682,"176657","29271","0",32.530000000000001,01_29271,"1",01_48,Alberta,"501",Highway 501,Provincial,Paved,"2","60","2",0.000000000000000,"0",49750.205365787616756,"2",20850.7746294253,-1009986.1498223,1150815.31567828,-1006549.96841931,1171381.00214902
"2202","2202","61433",50.859,-111.144,"63258","29525","0",12.859999999999999,01_29525,"1",01_48,Alberta,"36",Highway 36,Provincial,Paved,"2","80","2",0.000000000000000,"0",20426.334411487259786,"1",50792.2961797165,-1008354.59830838,1361535.86145482,-1056748.23713278,1376960.29248294
"2203","2203","179243",50.742,-111.477,"63257","29526","0",18.120000000000001,01_29526,"1",01_48,Alberta,"36",Highway 36,Provincial,Paved,"2","80","2",0.000000000000000,"0",28694.157322619819752,"1",31071.297645311,-1032559.96099044,1351591.49110817,-1061876.16570539,1361886.4257109
"2204","2204","61469",50.815,-111.581,"63257","29526","0",18.120000000000001,01_29526,"1",01_48,Alberta,"36",Highway 36,Provincial,Paved,"2","80","2",0.000000000000000,"0",28694.157322619819752,"1",23602.4782160762,-1038036.59375554,1361165.70934105,-1060277.74169823,1369065.60276638
"2205","2205","116538",50.48,-111.38,"63260","29490","0",45.340000000000003,01_29490,"1",01_48,Alberta,"1",Highway 1,Provincial,Paved,"4","100","1",1.000000000000000,"0",71005.866205162252299,"1",11749.467570893,-1031106.17924312,1320231.07102454,-1040678.40750219,1313417.66993876
"2206","2206","118190",50.814,-111.629,"63257","29526","0",18.120000000000001,01_29526,"1",01_48,Alberta,"36",Highway 36,Provincial,Paved,"2","80","2",0.000000000000000,"0",28694.157322619819752,"1",20460.6508473809,-1041224.69364475,1361576.54332924,-1060511.34145624,1368407.60834826
"2207","2207","64338",49.286,-112.206,"63324","29300","0",8.369999999999999,01_29300,"1",01_48,Alberta,"4",Highway 4,Provincial,Paved,"4","100","1",1.000000000000000,"0",12840.387783708250936,"1",573.470479475166,-1109807.49570519,1191296.17092846,-1109234.70346839,1191268.28824039
"2208","2208","69151",49.121,-110.863,"176676","29274","0",14.890000000000001,01_29274,"1",01_48,Alberta,"889",Highway 889,Provincial,Paved,"2","60","2",0.000000000000000,"0",22865.076964170413703,"1",20819.7228725994,-1021656.19812978,1157054.01068445,-1006549.96841931,1171381.00214902
"2208","2208","69151",49.121,-110.863,"176657","29271","0",32.530000000000001,01_29271,"1",01_48,Alberta,"501",Highway 501,Provincial,Paved,"2","60","2",0.000000000000000,"0",49750.205365787616756,"2",20819.7228725994,-1021656.19812978,1157054.01068445,-1006549.96841931,1171381.00214902
"2209","2209","64336",50.728,-110.063,"63206","29510","0",26.750000000000000,01_29510,"1",01_48,Alberta,"41",Highway 41,Provincial,Paved,"3","80","2",0.000000000000000,"0",42291.740753151236277,"1",559.304280314588,-939194.586094004,1335265.40464444,-939456.09136873,1335759.8096093
"2210","2210","61470",50.791,-111.618,"63257","29526","0",18.120000000000001,01_29526,"1",01_48,Alberta,"36",Highway 36,Provincial,Paved,"2","80","2",0.000000000000000,"0",28694.157322619819752,"1",21146.7710810798,-1040940.4283367,1358797.66877992,-1061837.3718607,1362038.60668591
"2211","2211","117921",50.7,-111.5,"63256","29534","0",8.410000000000000,01_29534,"1",01_48,Alberta,"1",Highway 1,Provincial,Paved,"4","100","1",1.000000000000000,"0",13197.923511066590436,"1",26693.8875002038,-1034881.86149893,1346986.21150687,-1051998.13480988,1326502.14897478
"2212","2212","52481",50.688,-111.617,"63255","29538","0",9.199999999999999,01_29538,"1",01_48,Alberta,"1",Highway 1,Provincial,Paved,"4","100","1",1.000000000000000,"0",14461.455303759805247,"1",21190.78129971,-1042853.64607315,1346880.99344468,-1059700.90294626,1334027.23337443
"2213","2213","61471",50.742,-111.489,"63257","29526","0",18.120000000000001,01_29526,"1",01_48,Alberta,"36",Highway 36,Provincial,Paved,"2","80","2",0.000000000000000,"0",28694.157322619819752,"1",30279.6593514171,-1033353.41620594,1351722.24687396,-1061876.16570539,1361886.4257109
"2214","2214","64399",49.36,-110.575,"176676","29274","0",14.890000000000001,01_29274,"1",01_48,Alberta,"889",Highway 889,Provincial,Paved,"2","60","2",0.000000000000000,"0",22865.076964170413703,"1",7115.31092981615,-997713.595439644,1181751.81204906,-1004742.35489629,1182858.24330701
"2215","2215","162171",49.067,-110.45,"176670","29259","0",18.579999999999998,01_29259,"1",01_48,Alberta,"41",Highway 41,Provincial,Paved,"2","80","2",0.000000000000000,"1",28427.478658220854413,"1",13704.5571435537,-994455.110540894,1146386.51588816,-980900.215355295,1144366.68841822
"2216","2216","61493",50.753,-111.419,"63257","29526","0",18.120000000000001,01_29526,"1",01_48,Alberta,"36",Highway 36,Provincial,Paved,"2","80","2",0.000000000000000,"0",28694.157322619819752,"1",34727.9610193103,-1028515.97731275,1352232.8145609,-1061859.1878495,1361941.65525692
"2217","2217","188846",50.865,-111.162,"63258","29525","0",12.859999999999999,01_29525,"1",01_48,Alberta,"36",Highway 36,Provincial,Paved,"2","80","2",0.000000000000000,"0",20426.334411487259786,"1",49500.5820896287,-1009430.95740879,1362421.28747113,-1056748.23713278,1376960.29248294
"2218","2218","128457",50.737,-111.51,"63257","29526","0",18.120000000000001,01_29526,"1",01_48,Alberta,"36",Highway 36,Provincial,Paved,"2","80","2",0.000000000000000,"0",28694.157322619819752,"1",29009.8541181294,-1034837.35137306,1351373.25657716,-1061897.94218553,1361827.73221371
"2219","2219","163047",50.742,-110.086,"63206","29510","0",26.750000000000000,01_29510,"1",01_48,Alberta,"41",Highway 41,Provincial,Paved,"3","80","2",0.000000000000000,"0",42291.740753151236277,"1",1095.45340724078,-940476.464058856,1337115.85959546,-940813.571616308,1336073.56565316
"2220","2220","52482",50.65,-111.62,"63256","29534","0",8.410000000000000,01_29534,"1",01_48,Alberta,"1",Highway 1,Provincial,Paved,"4","100","1",1.000000000000000,"0",13197.923511066590436,"1",17645.5638101379,-1043782.65057104,1342520.80388993,-1054755.38039641,1328701.79081528
"2221","2221","163048",49.283,-112.2,"63324","29300","0",8.369999999999999,01_29300,"1",01_48,Alberta,"4",Highway 4,Provincial,Paved,"4","100","1",1.000000000000000,"0",12840.387783708250936,"1",167.671856828226,-1109460.60081322,1190878.34982402,-1109295.54797297,1190848.83014417
"2222","2222","61468",50.473,-110.385,"63227","29504","0",6.480000000000000,01_29504,"1",01_48,Alberta,"41",Highway 41,Provincial,Paved,"2","80","2",0.000000000000000,"0",10185.405378803434360,"1",19418.7456385537,-965054.1660479,1308944.49159312,-945847.242409009,1306084.11285864
"2223","2223","123086",50.798,-111.619,"63257","29526","0",18.120000000000001,01_29526,"1",01_48,Alberta,"36",Highway 36,Provincial,Paved,"2","80","2",0.000000000000000,"0",28694.157322619819752,"1",21103.0852662662,-1040871.96397654,1359617.65207445,-1061829.53694467,1362091.58478181
"2224","2224","230768",50.742,-110.086,"63206","29510","0",26.750000000000000,01_29510,"1",01_48,Alberta,"41",Highway 41,Provincial,Paved,"3","80","2",0.000000000000000,"0",42291.740753151236277,"1",1095.45340724078,-940476.464058856,1337115.85959546,-940813.571616308,1336073.56565316
"2225","2225","11919",50.77,-111.53,"63257","29526","0",18.120000000000001,01_29526,"1",01_48,Alberta,"36",Highway 36,Provincial,Paved,"2","80","2",0.000000000000000,"0",28694.157322619819752,"1",27128.6067502456,-1035529.20496851,1355406.60290231,-1061848.23405756,1361984.59743096
"2226","2226","171408",49.121,-110.863,"176676","29274","0",14.890000000000001,01_29274,"1",01_48,Alberta,"889",Highway 889,Provincial,Paved,"2","60","2",0.000000000000000,"0",22865.076964170413703,"1",20819.7228725994,-1021656.19812978,1157054.01068445,-1006549.96841931,1171381.00214902
"2226","2226","171408",49.121,-110.863,"176657","29271","0",32.530000000000001,01_29271,"1",01_48,Alberta,"501",Highway 501,Provincial,Paved,"2","60","2",0.000000000000000,"0",49750.205365787616756,"2",20819.7228725994,-1021656.19812978,1157054.01068445,-1006549.96841931,1171381.00214902
"2227","2227","52478",50.721,-111.477,"63256","29534","0",8.410000000000000,01_29534,"1",01_48,Alberta,"1",Highway 1,Provincial,Paved,"4","100","1",1.000000000000000,"0",13197.923511066590436,"1",29597.0062261705,-1032959.92362854,1349163.47056984,-1051937.69326772,1326451.64463985
"2228","2228","59105",50.762,-111.499,"63257","29526","0",18.120000000000001,01_29526,"1",01_48,Alberta,"36",Highway 36,Provincial,Paved,"2","80","2",0.000000000000000,"0",28694.157322619819752,"1",29283.4248810808,-1033633.18377262,1354143.47171085,-1061859.1878495,1361941.65525692
"2229","2229","150748",49.775,-113.324,"160816","29400","0",26.899999999999999,01_29400,"1",01_48,Alberta,"3",Highway 3,Provincial,Paved,"4","100","1",1.000000000000000,"0",41586.849973028292879,"1",2402.2733317125,-1175100.18445539,1261339.78234644,-1173499.67018001,1259548.33845544
"2230","2230","152258",49.084,-110.682,"176676","29274","0",14.890000000000001,01_29274,"1",01_48,Alberta,"889",Highway 889,Provincial,Paved,"2","60","2",0.000000000000000,"0",22865.076964170413703,"1",20850.7746294253,-1009986.1498223,1150815.31567828,-1006549.96841931,1171381.00214902
"2230","2230","152258",49.084,-110.682,"176657","29271","0",32.530000000000001,01_29271,"1",01_48,Alberta,"501",Highway 501,Provincial,Paved,"2","60","2",0.000000000000000,"0",49750.205365787616756,"2",20850.7746294253,-1009986.1498223,1150815.31567828,-1006549.96841931,1171381.00214902
"2231","2231","128459",50.796,-111.6,"63257","29526","0",18.120000000000001,01_29526,"1",01_48,Alberta,"36",Highway 36,Provincial,Paved,"2","80","2",0.000000000000000,"0",28694.157322619819752,"1",22364.5148707832,-1039655.61943752,1359178.01175348,-1061829.53694467,1362091.58478181
"2232","2232","60363",50.748,-111.524,"63257","29526","0",18.120000000000001,01_29526,"1",01_48,Alberta,"36",Highway 36,Provincial,Paved,"2","80","2",0.000000000000000,"0",28694.157322619819752,"1",27848.0555766251,-1035552.9511441,1352797.82985899,-1061876.16570539,1361886.4257109
"2233","2233","116536",49.956,-110.262,"62909","29491","0",24.829999999999998,01_29491,"1",01_48,Alberta,"1",Highway 1,Provincial,Paved,"4","100","1",1.000000000000000,"0",38519.276643709454220,"1",271.784271546446,-965956.771168212,1247721.92592582,-966046.044781744,1247465.22198704
"2234","2234","128460",50.737,-111.51,"63257","29526","0",18.120000000000001,01_29526,"1",01_48,Alberta,"36",Highway 36,Provincial,Paved,"2","80","2",0.000000000000000,"0",28694.157322619819752,"1",29009.8541181294,-1034837.35137306,1351373.25657716,-1061897.94218553,1361827.73221371
"2235","2235","201612",34.098,-79.621,"596706","993583","0",0.350000000000000,02_37971038,"2",02_45,South Carolina,S51,,State,Paved,"2","80","4",0.000000000000000,"0",420.399474372667157,"1",6136.43822897236,1429139.35574601,-569262.964981057,1424741.90596784,-573542.954418718
"2235","2235","201612",34.098,-79.621,"596704","993582","0",0.220000000000000,02_37971021,"2",02_45,South Carolina,S51,,State,Paved,"2","80","4",0.000000000000000,"0",260.985926576540351,"2",6136.43822897236,1429139.35574601,-569262.964981057,1424741.90596784,-573542.954418718
"2236","2236","201611",34.137,-79.772,"552749","948754","0",0.330000000000000,02_34935850,"2",02_45,South Carolina,U52,,State,Paved,"4","88","3",7.000000000000000,"0",395.550330032000716,"1",115.624027664893,1415317.96770441,-567042.892228244,1415425.53846399,-567085.28854243
"2237","2237","201609",34.052,-80.016,"552217","947795","0",5.030000000000000,02_34908185,"2",02_45,South Carolina,S341,,State,Paved,"2","72","4",0.000000000000000,"0",6065.228608790475846,"1",2087.02669124014,1395906.22560162,-580439.754368835,1394798.38583536,-582208.474658263
"2238","2238","201614",33.857,-79.381,"596668","993696","0",5.640000000000000,02_37975388,"2",02_45,South Carolina,U378,,State,Paved,"2","88","3",7.000000000000000,"0",6800.894563197321077,"1",2944.53396091719,1454772.03060055,-593310.779305014,1456068.77248128,-590667.156650062
"2239","2239","201617",33.695,-78.947,"598003","994623","0",1.740000000000000,02_38008345,"2",02_45,South Carolina,U17,,State,Paved,"4","88","2",3.000000000000000,"0",2091.582658797978183,"1",169.697439956098,1495738.22010532,-605154.655813555,1495869.62387249,-605262.034913476
"2240","2240","79362",33.671,-79.829,"552390","947872","0",0.140000000000000,02_34910933,"2",02_45,South Carolina,U52,,State,Paved,"4","88","3",7.000000000000000,"0",171.250807236803610,"1",598.725460167442,1419624.68538003,-621472.673951538,1419077.21198116,-621715.047741733
"2241","2241","57142",47.654,-106.882,"248652","666609","0",6.930000000000000,02_12615312,"2",02_30,Montana,S200,,State,Paved,"2","112","3",7.000000000000000,"0",10202.649353385324503,"1",37830.4687015834,-769222.327113414,948234.621505309,-770958.158564565,910443.997650248
"2242","2242","167918",43.16,-103.615,"250542","667582","0",18.489999999999998,02_12751840,"2",02_46,South Dakota,U18,,State,Paved,"2","104","3",3.000000000000000,"0",25452.417450540193386,"1",23655.7648902893,-581483.711307634,396585.838668862,-594940.27919526,416041.326152612
"2243","2243","53824",44.06,-110.376,"147889","585855","0",36.909999999999997,02_9798939,"2",02_56,Wyoming,U89,,State,Paved,"2","72","3",10.000000000000000,"0",51352.765703634097008,"1",22380.6737240699,-1078659.16112341,561545.677378695,-1099425.95592106,569890.423640596
"2244","2244","51893",70.09,-151.537,"18","440316","0",80.280000000000001,02_2851635,"2",02_02,Alaska,S11,JAMES DALTON HWY,State,Unpaved,"2","80","3",7.000000000000000,"0",232500.320757941080956,"1",123911.793303094,-2342513.87415067,4089589.4186496,-2249228.55004458,4008029.74217887
"2245","2245","53494",69.917,-151.195,"18","440316","0",80.280000000000001,02_2851635,"2",02_02,Alaska,S11,JAMES DALTON HWY,State,Unpaved,"2","80","3",7.000000000000000,"0",232500.320757941080956,"1",107478.183388307,-2338811.6807579,4067416.79045456,-2249248.89841634,4008002.41573186
"2246","2246","51889",69.832,-151.519,"18","440316","0",80.280000000000001,02_2851635,"2",02_02,Alaska,S11,JAMES DALTON HWY,State,Unpaved,"2","80","3",7.000000000000000,"0",232500.320757941080956,"1",122284.779255581,-2355423.13177117,4068671.13405378,-2249256.04403981,4007990.68645961
"2247","2247","14495",70.019,-151.591,"18","440316","0",80.280000000000001,02_2851635,"2",02_02,Alaska,S11,JAMES DALTON HWY,State,Unpaved,"2","80","3",7.000000000000000,"0",232500.320757941080956,"1",125611.399092591,-2348256.8834497,4085306.33170638,-2249232.87924019,4008024.57336514
"2248","2248","51890",70.071,-151.578,"18","440316","0",80.280000000000001,02_2851635,"2",02_02,Alaska,S11,JAMES DALTON HWY,State,Unpaved,"2","80","3",7.000000000000000,"0",232500.320757941080956,"1",125506.866680156,-2345038.43755961,4089100.32277521,-2249228.55004458,4008029.74217887
"2249","2249","47787",70.006,-151.54,"18","440316","0",80.280000000000001,02_2851635,"2",02_02,Alaska,S11,JAMES DALTON HWY,State,Unpaved,"2","80","3",7.000000000000000,"0",232500.320757941080956,"1",123244.750147398,-2347038.59621734,4083013.40197347,-2249237.06836888,4008019.20493529
"2250","2250","62632",69.575,-151.429,"18","440316","0",80.280000000000001,02_2851635,"2",02_02,Alaska,S11,JAMES DALTON HWY,State,Unpaved,"2","80","3",7.000000000000000,"0",232500.320757941080956,"1",122400.58793841,-2365645.30864681,4045897.97498679,-2249280.89455885,4007934.47855093
"2251","2251","51892",69.6,-151.8,"18","440316","0",80.280000000000001,02_2851635,"2",02_02,Alaska,S11,JAMES DALTON HWY,State,Unpaved,"2","80","3",7.000000000000000,"0",232500.320757941080956,"1",138079.537501388,-2378280.05225865,4057181.8009767,-2249274.00279798,4007953.78172803
"2252","2252","51891",69.6,-151.8,"18","440316","0",80.280000000000001,02_2851635,"2",02_02,Alaska,S11,JAMES DALTON HWY,State,Unpaved,"2","80","3",7.000000000000000,"0",232500.320757941080956,"1",138079.537501388,-2378280.05225865,4057181.8009767,-2249274.00279798,4007953.78172803
"2253","2253","231244",70.093,-151.521,"18","440316","0",80.280000000000001,02_2851635,"2",02_02,Alaska,S11,JAMES DALTON HWY,State,Unpaved,"2","80","3",7.000000000000000,"0",232500.320757941080956,"1",123241.267321327,-2341760.62047647,4089431.37553198,-2249228.55004458,4008029.74217887
"2254","2254","88975",70.09,-151.497,"18","440316","0",80.280000000000001,02_2851635,"2",02_02,Alaska,S11,JAMES DALTON HWY,State,Unpaved,"2","80","3",7.000000000000000,"0",232500.320757941080956,"1",122140.072595236,-2341024.0762529,4088601.317202,-2249228.55004458,4008029.74217887
"2255","2255","62629",69.961,-151.521,"18","440316","0",80.280000000000001,02_2851635,"2",02_02,Alaska,S11,JAMES DALTON HWY,State,Unpaved,"2","80","3",7.000000000000000,"0",232500.320757941080956,"1",122175.476504175,-2348696.95289685,4078974.16293178,-2249241.10509385,4008013.74159136
"2256","2256","62631",69.526,-151.428,"15","440306","0",95.920000000000002,02_2809886,"2",02_02,Alaska,S11,JAMES DALTON HWY,State,Unpaved,"2","80","3",7.000000000000000,"0",264583.391793685266748,"1",121937.05143327,-2368209.26154318,4041942.4028998,-2343620.33890476,3922510.2908205
"2257","2257","231243",70.092,-151.535,"18","440316","0",80.280000000000001,02_2851635,"2",02_02,Alaska,S11,JAMES DALTON HWY,State,Unpaved,"2","80","3",7.000000000000000,"0",232500.320757941080956,"1",123848.454051087,-2342334.44642243,4089698.16710872,-2249228.55004458,4008029.74217887
"2258","2258","184700",37.118,-104.517,"236996","652663","0",5.500000000000000,02_11584316,"2",02_08,Colorado,I25,,State,Paved,"4","104","1",1.000000000000000,"0",6921.003407062006772,"1",316.867027827405,-714115.982130438,-307223.121702467,-714429.857526962,-307179.68267876
"2259","2259","219684",37.325,-104.589,"177738","652826","0",5.750000000000000,02_11592705,"2",02_08,Colorado,I25,,State,Paved,"4","120","1",1.000000000000000,"0",7246.445040030394011,"1",2313.67359937295,-717935.801310926,-282456.095192636,-715728.484345263,-281762.67083661
"2260","2260","219683",37.118,-104.517,"236996","652663","0",5.500000000000000,02_11584316,"2",02_08,Colorado,I25,,State,Paved,"4","104","1",1.000000000000000,"0",6921.003407062006772,"1",316.867027827405,-714115.982130438,-307223.121702467,-714429.857526962,-307179.68267876
"2261","2261","51902",31.887,-108.481,"35372","452724","0",0.160000000000000,02_3419817,"2",02_35,New Mexico,S9,,State,Paved,"2","88","5",0.000000000000000,"0",192.009904793251167,"1",8895.12543275524,-1125083.8743959,-876209.29566101,-1117754.89778412,-871168.52604831
"2262","2262","228652",32.741,-108.93,"36383","453664","0",0.150000000000000,02_3438897,"2",02_35,New Mexico,S92,,State,Paved,"2","88","5",0.000000000000000,"0",182.897091865573060,"1",8069.65197636741,-1151820.46857345,-772487.257492301,-1156906.62997033,-778752.259109584
"2263","2263","228651",32.742,-108.93,"36383","453664","0",0.150000000000000,02_3438897,"2",02_35,New Mexico,S92,,State,Paved,"2","88","5",0.000000000000000,"0",182.897091865573060,"1",8169.31187239289,-1151804.65232797,-772372.017687407,-1156906.62997033,-778752.259109584
"2264","2264","62315",31.907,-108.496,"35496","452687","0",0.160000000000000,02_3419213,"2",02_35,New Mexico,S9,,State,Paved,"2","88","5",0.000000000000000,"0",190.496124477148157,"1",7984.2205118288,-1126123.1483053,-873730.406190868,-1123388.34382915,-866229.164849679
"2265","2265","61849",41.769,-108.976,"148269","635018","0",12.890000000000001,02_11013596,"2",02_56,Wyoming,I80,,State,Paved,"4","120","1",1.000000000000000,"0",17244.473386638364900,"1",10810.0150299954,-1011252.78942248,278159.847357829,-1007160.16750145,268154.505246724
"2266","2266","52905",69.367,-152.144,"15","440306","0",95.920000000000002,02_2809886,"2",02_02,Alaska,S11,JAMES DALTON HWY,State,Unpaved,"2","80","3",7.000000000000000,"0",264583.391793685266748,"1",138418.647280997,-2403724.57072581,4047208.86188649,-2343685.85030262,3922488.87966613
"2267","2267","14630",51.8,-113,"253923","29907","0",3.250000000000000,01_29907,"1",01_48,Alberta,"21",Highway 21,Provincial,Paved,"2","80","2",0.000000000000000,"0",5261.272824134101938,"1",15840.5227172153,-1111046.99231685,1490787.72130375,-1126617.40710948,1493700.51088421
"2268","2268","168404",51.953,-112.935,"63238","29870","0",12.940000000000000,01_29870,"1",01_48,Alberta,"56",Highway 56,Provincial,Paved,"2","80","2",0.000000000000000,"0",20984.624262560530042,"1",14146.2762281661,-1103669.27306843,1507610.75432513,-1089721.25641887,1505250.67749013
"2269","2269","14632",51.8,-113,"253923","29907","0",3.250000000000000,01_29907,"1",01_48,Alberta,"21",Highway 21,Provincial,Paved,"2","80","2",0.000000000000000,"0",5261.272824134101938,"1",15840.5227172153,-1111046.99231685,1490787.72130375,-1126617.40710948,1493700.51088421
"2270","2270","14634",51.8,-113,"253923","29907","0",3.250000000000000,01_29907,"1",01_48,Alberta,"21",Highway 21,Provincial,Paved,"2","80","2",0.000000000000000,"0",5261.272824134101938,"1",15840.5227172153,-1111046.99231685,1490787.72130375,-1126617.40710948,1493700.51088421
"2271","2271","14633",51.8,-113,"253923","29907","0",3.250000000000000,01_29907,"1",01_48,Alberta,"21",Highway 21,Provincial,Paved,"2","80","2",0.000000000000000,"0",5261.272824134101938,"1",15840.5227172153,-1111046.99231685,1490787.72130375,-1126617.40710948,1493700.51088421
"2272","2272","14569",52.328,-113.125,"253872","30004","0",6.880000000000000,01_30004,"1",01_48,Alberta,"11",Highway 11,Provincial,Paved,"2","80","2",0.000000000000000,"0",11234.780044865579839,"1",500.979051968209,-1108056.24335096,1552878.25443023,-1107967.91652956,1553371.38563299
"2273","2273","188840",52.315,-113.088,"253869","30000","0",21.750000000000000,01_30000,"1",01_48,Alberta,"21",Highway 21,Provincial,Paved,"2","80","2",0.000000000000000,"0",35513.613054260422359,"1",801.727955946947,-1105959.98326433,1550954.89002827,-1105171.62752384,1550809.07184771
"2274","2274","64628",51.819,-112.982,"253923","29907","0",3.250000000000000,01_29907,"1",01_48,Alberta,"21",Highway 21,Provincial,Paved,"2","80","2",0.000000000000000,"0",5261.272824134101938,"1",16942.0055611627,-1109487.76137212,1492760.70607403,-1126071.81579389,1496224.9074784
"2275","2275","45876",51.863,-113.005,"253924","29906","0",9.740000000000000,01_29906,"1",01_48,Alberta,"21",Highway 21,Provincial,Paved,"2","80","2",0.000000000000000,"0",15785.169796448779380,"1",15495.5862909366,-1110057.38014979,1498086.6386018,-1125299.38668109,1500878.48949318
"2276","2276","47128",51.906,-113.029,"253924","29906","0",9.740000000000000,01_29906,"1",01_48,Alberta,"21",Highway 21,Provincial,Paved,"2","80","2",0.000000000000000,"0",15785.169796448779380,"1",13912.9196952698,-1110709.9942013,1503308.59151969,-1124395.15737136,1505815.71007608
"2277","2277","46091",54.86,-115.437,"63277","30857","0",73.510000000000005,01_30857,"1",01_48,Alberta,"33",Highway 33,Provincial,Paved,"2","80","2",0.000000000000000,"0",128127.515051816051709,"1",8198.8396496312,-1195862.98061748,1869330.62540188,-1187833.85245739,1867671.08552913
"2278","2278","52680",51.917,-113.033,"253866","29905","0",9.609999999999999,01_29905,"1",01_48,Alberta,"21",Highway 21,Provincial,Paved,"2","80","2",0.000000000000000,"0",15595.634388759210196,"1",13647.7515805111,-1110738.53260114,1504619.24911498,-1124159.09932322,1507099.07008867
"2279","2279","47127",51.892,-113.005,"253924","29906","0",9.740000000000000,01_29906,"1",01_48,Alberta,"21",Highway 21,Provincial,Paved,"2","80","2",0.000000000000000,"0",15785.169796448779380,"1",15489.6054481792,-1109453.12877554,1501418.98470029,-1124687.33185958,1504220.22252214
"2280","2280","45877",51.877,-113.005,"253924","29906","0",9.740000000000000,01_29906,"1",01_48,Alberta,"21",Highway 21,Provincial,Paved,"2","80","2",0.000000000000000,"0",15785.169796448779380,"1",15492.7300750043,-1109765.66550684,1499695.39646934,-1125004.74462541,1502487.37655431
"2281","2281","46090",54.86,-115.463,"63277","30857","0",73.510000000000005,01_30857,"1",01_48,Alberta,"33",Highway 33,Provincial,Paved,"2","80","2",0.000000000000000,"0",128127.515051816051709,"1",9809.75345878328,-1197440.10864559,1869658.82537884,-1187833.41170977,1867673.21793896
"2282","2282","11917",51.906,-113.029,"253924","29906","0",9.740000000000000,01_29906,"1",01_48,Alberta,"21",Highway 21,Provincial,Paved,"2","80","2",0.000000000000000,"0",15785.169796448779380,"1",13912.9196952698,-1110709.9942013,1503308.59151969,-1124395.15737136,1505815.71007608
"2283","2283","47130",51.913,-112.961,"63238","29870","0",12.940000000000000,01_29870,"1",01_48,Alberta,"56",Highway 56,Provincial,Paved,"2","80","2",0.000000000000000,"0",20984.624262560530042,"1",15701.464984767,-1106176.77846926,1503317.78615307,-1090719.15122411,1500561.38222444
"2284","2284","64353",52.081,-113.005,"253868","29903","0",9.730000000000000,01_29903,"1",01_48,Alberta,"21",Highway 21,Provincial,Paved,"3","80","2",0.000000000000000,"0",15842.083645247525055,"1",15534.9720397713,-1105516.48100342,1523128.94417018,-1120901.18688152,1525284.44441857
"2285","2285","48627",50.87,-112.994,"253905","29559","0",9.770000000000000,01_29559,"1",01_48,Alberta,"1",Highway 1,Provincial,Paved,"4","100","1",1.000000000000000,"0",15444.477623947053871,"1",757.892323053404,-1130056.65430912,1383672.19354109,-1130190.27317069,1382926.17291592
"2286","2286","14631",51.8,-113,"253923","29907","0",3.250000000000000,01_29907,"1",01_48,Alberta,"21",Highway 21,Provincial,Paved,"2","80","2",0.000000000000000,"0",5261.272824134101938,"1",15840.5227172153,-1111046.99231685,1490787.72130375,-1126617.40710948,1493700.51088421
"2287","2287","14635",51.8,-113,"253923","29907","0",3.250000000000000,01_29907,"1",01_48,Alberta,"21",Highway 21,Provincial,Paved,"2","80","2",0.000000000000000,"0",5261.272824134101938,"1",15840.5227172153,-1111046.99231685,1490787.72130375,-1126617.40710948,1493700.51088421
"2288","2288","14637",51.8,-113,"253923","29907","0",3.250000000000000,01_29907,"1",01_48,Alberta,"21",Highway 21,Provincial,Paved,"2","80","2",0.000000000000000,"0",5261.272824134101938,"1",15840.5227172153,-1111046.99231685,1490787.72130375,-1126617.40710948,1493700.51088421
"2289","2289","11918",51.933,-113.233,"253866","29905","0",9.609999999999999,01_29905,"1",01_48,Alberta,"21",Highway 21,Provincial,Paved,"2","80","2",0.000000000000000,"0",15595.634388759210196,"1",533.573063250536,-1123299.84607868,1508813.66348161,-1123824.56157389,1508910.4821932
"2290","2290","14638",51.8,-113,"253923","29907","0",3.250000000000000,01_29907,"1",01_48,Alberta,"21",Highway 21,Provincial,Paved,"2","80","2",0.000000000000000,"0",5261.272824134101938,"1",15840.5227172153,-1111046.99231685,1490787.72130375,-1126617.40710948,1493700.51088421
"2291","2291","46093",54.904,-115.463,"63277","30857","0",73.510000000000005,01_30857,"1",01_48,Alberta,"33",Highway 33,Provincial,Paved,"2","80","2",0.000000000000000,"0",128127.515051816051709,"1",10290.1585907226,-1196405.24454573,1874628.33157026,-1186882.69635955,1870728.5315928
"2292","2292","11898",51.805,-112.982,"253923","29907","0",3.250000000000000,01_29907,"1",01_48,Alberta,"21",Highway 21,Provincial,Paved,"2","80","2",0.000000000000000,"0",5261.272824134101938,"1",17019.6921270463,-1109779.1400865,1491151.57707979,-1126507.75161523,1494285.81963904
"2293","2293","227002",52.081,-112.981,"253868","29903","0",9.730000000000000,01_29903,"1",01_48,Alberta,"21",Highway 21,Provincial,Paved,"3","80","2",0.000000000000000,"0",15842.083645247525055,"1",17102.3832348174,-1103972.94639695,1522849.25821003,-1120909.90226713,1525222.23907
"2294","2294","172371",51.938,-112.959,"63238","29870","0",12.940000000000000,01_29870,"1",01_48,Alberta,"56",Highway 56,Provincial,Paved,"2","80","2",0.000000000000000,"0",20984.624262560530042,"1",15638.0507772404,-1105528.30401282,1506166.96661127,-1090456.89680016,1501995.478059
"2295","2295","227001",51.917,-112.933,"63238","29870","0",12.940000000000000,01_29870,"1",01_48,Alberta,"56",Highway 56,Provincial,Paved,"2","80","2",0.000000000000000,"0",20984.624262560530042,"1",13864.5564025329,-1104287.14391374,1503450.97084378,-1090637.89876383,1501017.03759145
"2296","2296","194867",51.947,-111.671,"253800","29855","0",54.439999999999998,01_29855,"1",01_48,Alberta,"36",Highway 36,Provincial,Paved,"2","80","2",0.000000000000000,"0",88370.775980936843553,"1",11575.7914955064,-1022190.98955634,1492747.74226055,-1033604.95361614,1494676.56915506
"2297","2297","14636",51.8,-113,"253923","29907","0",3.250000000000000,01_29907,"1",01_48,Alberta,"21",Highway 21,Provincial,Paved,"2","80","2",0.000000000000000,"0",5261.272824134101938,"1",15840.5227172153,-1111046.99231685,1490787.72130375,-1126617.40710948,1493700.51088421
"2298","2298","167468",45.983,-110.917,"173112","589295","0",1.830000000000000,02_9867161,"2",02_30,Montana,S86,,State,Paved,"2","112","4",0.000000000000000,"0",2633.865348194669878,"1",5457.55923720523,-1083313.0398832,792243.335051616,-1078340.3209798,789994.553262425
"2299","2299","64352",50.189,-113.008,"63310","29408","0",26.840000000000000,01_29408,"1",01_48,Alberta,"23",Highway 23,Provincial,Paved,"2","80","2",0.000000000000000,"0",41899.317034935702395,"1",9180.30102861056,-1145225.12613954,1305280.63188907,-1154253.62655596,1306943.19232605
"2300","2300","55267",48.699,-112.432,"160815","1134935","0",52.280000000000001,03_1134935,"2",02_30,Montana,S213,,State,Paved,"2","88","5",0.000000000000000,"1",79397.059183347970247,"1",6960.35184812066,-1137040.16319203,1125938.38386738,-1131451.92473737,1130087.8523663
"2301","2301","14502",49.913,-112.985,"63312","29411","0",17.690000000000001,01_29411,"1",01_48,Alberta,"23",Highway 23,Provincial,Paved,"2","80","2",0.000000000000000,"0",27391.935575928826438,"1",4677.73324958989,-1149466.51623732,1273124.95622502,-1150329.26906401,1268527.47366232
"2302","2302","55266",48.858,-112.736,"160815","1134935","0",52.280000000000001,03_1134935,"2",02_30,Montana,S213,,State,Paved,"2","88","5",0.000000000000000,"1",79397.059183347970247,"1",3589.10581930153,-1154572.50409907,1148039.99586136,-1153236.74389271,1151371.27568347
"2303","2303","14503",48.9,-112.8,"160815","1134935","0",52.280000000000001,03_1134935,"2",02_30,Montana,S213,,State,Paved,"2","88","5",0.000000000000000,"1",79397.059183347970247,"1",3277.23960556365,-1158070.21612976,1153685.63977079,-1154864.45571441,1153004.90517371
"2304","2304","52077",49.915,-112.993,"63312","29411","0",17.690000000000001,01_29411,"1",01_48,Alberta,"23",Highway 23,Provincial,Paved,"2","80","2",0.000000000000000,"0",27391.935575928826438,"1",4909.18858990734,-1149960.23991422,1273453.05217528,-1150843.96424502,1268624.06015639
"2305","2305","96603",48.429,-112.831,"175673","591974","0",1.120000000000000,02_9970122,"2",02_30,Montana,U89,,State,Paved,"2","112","4",0.000000000000000,"0",1687.029384465129624,"1",5444.51915189941,-1169976.70450723,1099492.77095328,-1166243.4123109,1103455.76454048
"2306","2306","52072",49.917,-112.99,"63312","29411","0",17.690000000000001,01_29411,"1",01_48,Alberta,"23",Highway 23,Provincial,Paved,"2","80","2",0.000000000000000,"0",27391.935575928826438,"1",5145.24481460743,-1149717.53857548,1273647.73463501,-1150666.5184063,1268590.76108525
"2307","2307","71484",49.192,-113.306,"63525","29341","0",1.540000000000000,01_29341,"1",01_48,Alberta,"2",Highway 2,Provincial,Paved,"2","80","2",0.000000000000000,"0",2355.117125325973120,"1",293.410362310217,-1186331.88707077,1193736.79638354,-1186043.07635357,1193685.04688749
"2308","2308","191308",49.616,-114.107,"63530","29376","0",10.119999999999999,01_29376,"1",01_48,Alberta,"3",Highway 3,Provincial,Paved,"2","80","2",1.000000000000000,"0",15582.311983837316802,"1",3871.64557438645,-1231124.45532879,1252923.67680834,-1233014.11719619,1249544.50272573
"2309","2309","55247",48.976,-113.344,"169858","585848","0",6.560000000000000,02_9620916,"2",02_30,Montana,U89,,State,Paved,"2","88","4",0.000000000000000,"1",9995.726576375907825,"1",2797.68283770636,-1193530.10986676,1169230.25485786,-1196165.30202662,1170169.82472807
"2310","2310","52076",49.915,-112.993,"63312","29411","0",17.690000000000001,01_29411,"1",01_48,Alberta,"23",Highway 23,Provincial,Paved,"2","80","2",0.000000000000000,"0",27391.935575928826438,"1",4909.18858990734,-1149960.23991422,1273453.05217528,-1150843.96424502,1268624.06015639
"2311","2311","52249",49.916,-112.998,"63312","29411","0",17.690000000000001,01_29411,"1",01_48,Alberta,"23",Highway 23,Provincial,Paved,"2","80","2",0.000000000000000,"0",27391.935575928826438,"1",5026.64105693921,-1150274.02854824,1273629.24755255,-1151169.73558061,1268683.05414473
"2312","2312","74642",49.92,-112.974,"63312","29411","0",17.690000000000001,01_29411,"1",01_48,Alberta,"23",Highway 23,Provincial,Paved,"2","80","2",0.000000000000000,"0",27391.935575928826438,"1",5503.17158782251,-1148583.68132287,1273800.39224146,-1149583.95742236,1268388.89104033
"2313","2313","46436",49.026,-112.966,"160715","29321","0",42.240000000000002,01_29321,"1",01_48,Alberta,"62",Highway 62,Provincial,Paved,"2","80","2",0.000000000000000,"0",64690.280051977337280,"1",11968.0338198105,-1166752.34147914,1170310.62890321,-1154836.90245569,1171431.40827071
"2314","2314","61631",48.638,-112.978,"175665","591971","0",0.100000000000000,02_9969860,"2",02_30,Montana,U2,,State,Paved,"4","40","3",7.000000000000000,"0",149.782944983497771,"1",9932.97705640924,-1175702.489944,1125529.21991094,-1179691.78623402,1116432.54203857
"2315","2315","34743",49.971,-113.365,"63551","29394","0",16.809999999999999,01_29394,"1",01_48,Alberta,"2",Highway 2,Provincial,Paved,"4","100","1",1.000000000000000,"0",26134.258606728366431,"1",12505.3944609535,-1173657.66452268,1284479.36132425,-1186121.38523274,1283459.28452046
"2316","2316","14499",49.8,-114.6,"169525","2897","0",19.460000000000001,01_2897,"1",01_59,British Columbia,"3",Highway 3,Provincial,Paved,"4","80","1",1.000000000000000,"0",30057.733620105209411,"1",18808.8269134919,-1260005.1469408,1280612.18278757,-1272638.98222971,1266678.11748865
"2317","2317","64787",49.7,-112.817,"160836","31240","0",0.930000000000000,01_31240,"1",01_48,Alberta,"3",Highway 3,Provincial,Paved,"4","100","2",1.000000000000000,"0",1429.459469038099996,"1",208.714975066818,-1142631.66797987,1246474.59945444,-1142685.92005554,1246273.05875606
"2318","2318","52071",49.917,-112.991,"63312","29411","0",17.690000000000001,01_29411,"1",01_48,Alberta,"23",Highway 23,Provincial,Paved,"2","80","2",0.000000000000000,"0",27391.935575928826438,"1",5144.81802970701,-1149784.48267159,1273659.86297295,-1150733.38378696,1268603.30888622
"2319","2319","167797",49.426,-113.014,"160818","29337","0",17.969999999999999,01_29337,"1",01_48,Alberta,"5",Highway 5,Provincial,Paved,"2","80","2",0.000000000000000,"0",27574.721539962076349,"1",5864.01645852036,-1161621.28619931,1217182.76856981,-1158690.97050056,1212103.40454156
"2320","2320","167799",49.826,-114.219,"63538","29388","0",20.379999999999999,01_29388,"1",01_48,Alberta,"22",Highway 22,Provincial,Paved,"2","80","2",0.000000000000000,"0",31639.588608421629033,"1",5237.57692961358,-1233934.06330199,1278596.69958486,-1229039.75075283,1276731.7822235
"2321","2321","201601",33.88,-80.052,"551103","947761","0",1.200000000000000,02_34905521,"2",02_45,South Carolina,U378,,State,Paved,"4","88","3",7.000000000000000,"0",1438.291342924241917,"1",1072.94681973969,1396152.64782607,-600756.698342863,1396061.59301893,-599687.622152834
"2322","2322","52893",64.556,-125.829,"719922","1143556","0",0.150000000000000,01_1070066,"1",01_61,Northwest Territories,W1,Mackenzie Valley Winter Road,Territorial,Unpaved,"2","80","5",0.000000000000000,"0",357.902157856787198,"1",38466.6530182911,-1483763.42598449,3061023.12516361,-1460667.3248042,3091784.35896038
"2322","2322","52893",64.556,-125.829,"719921","1143555","0",0.170000000000000,01_1070073,"1",01_61,Northwest Territories,W1,Mackenzie Valley Winter Road,Territorial,Unpaved,"2","80","5",0.000000000000000,"0",408.162784883631730,"2",38466.6530182911,-1483763.42598449,3061023.12516361,-1460667.3248042,3091784.35896038
"2323","2323","84008",56.325,-127.093,"147146","55","0",156.689999999999998,01_55,"1",01_59,British Columbia,"37",Highway 37,Provincial,Paved,"2","80","2",3.000000000000000,"0",277189.580180131888483,"1",116868.077101003,-1837870.92252631,2218817.03248168,-1939044.28156915,2160318.32424574
"2324","2324","129825",34.629,-78.605,"596514","997262","0",3.290000000000000,02_38142929,"2",02_37,North Carolina,S87,,State,Paved,"2","88","5",4.000000000000000,"0",3997.949903324461957,"1",38.9886219301041,1505505.16692992,-492495.010870448,1505498.1994249,-492533.37187296
"2325","2325","129839",34.629,-78.605,"596514","997262","0",3.290000000000000,02_38142929,"2",02_37,North Carolina,S87,,State,Paved,"2","88","5",4.000000000000000,"0",3997.949903324461957,"1",38.9886219301041,1505505.16692992,-492495.010870448,1505498.1994249,-492533.37187296
"2326","2326","14453",47.821,-112.664,"173882","590450","0",2.680000000000000,02_9930447,"2",02_30,Montana,U89,,State,Paved,"2","112","4",0.000000000000000,"0",3998.115353413730645,"1",28687.880672299,-1171015.72890399,1026911.61676547,-1142328.30192864,1026750.27550617
"2327","2327","61843",47.99,-112.276,"174458","590481","0",0.650000000000000,02_9932105,"2",02_30,Montana,U89,,State,Paved,"2","112","4",0.000000000000000,"0",971.711546544938415,"1",2824.6699572949,-1140618.83090176,1041799.30651052,-1143443.33641658,1041829.78542789
"2327","2327","61843",47.99,-112.276,"174459","590479","0",2.620000000000000,02_9932136,"2",02_30,Montana,U89,,State,Paved,"2","112","4",0.000000000000000,"0",3912.613498689595417,"2",2824.6699572949,-1140618.83090176,1041799.30651052,-1143443.33641658,1041829.78542789
"2328","2328","22653",48.633,-113.75,"169564","585767","0",6.410000000000000,02_9611034,"2",02_30,Montana,,GOING TO THE SUN HWY,Municipal,Paved,"2","88","4",0.000000000000000,"0",9708.100577039909695,"1",6683.34613018312,-1228659.59228804,1134740.55591159,-1234525.81355511,1137942.83065646
"2329","2329","231393",48.214,-112.502,"160729","589902","0",10.720000000000001,02_9971413,"2",02_30,Montana,U89,,State,Paved,"2","112","4",0.000000000000000,"0",16112.392322309400697,"1",486.435852787456,-1151726.58390673,1070530.95245735,-1152203.41471439,1070434.76399786
"2330","2330","22689",48.633,-113.75,"169564","585767","0",6.410000000000000,02_9611034,"2",02_30,Montana,,GOING TO THE SUN HWY,Municipal,Paved,"2","88","4",0.000000000000000,"0",9708.100577039909695,"1",6683.34613018312,-1228659.59228804,1134740.55591159,-1234525.81355511,1137942.83065646
"2331","2331","142497",48.492,-112.469,"160719","591994","0",9.369999999999999,02_9970780,"2",02_30,Montana,U89,,State,Paved,"2","112","4",0.000000000000000,"0",14102.432432104407781,"1",14725.6908509059,-1143787.08059199,1102379.60004891,-1154610.88624996,1092395.05188112
"2332","2332","22694",48.967,-112.65,"160815","1134935","0",52.280000000000001,03_1134935,"2",02_30,Montana,S213,,State,Paved,"2","88","5",0.000000000000000,"1",79397.059183347970247,"1",7187.38096440298,-1146459.89994264,1159623.07633943,-1153632.21740597,1160088.16486076
"2333","2333","219742",47.768,-112.287,"173878","590448","0",3.830000000000000,02_9930363,"2",02_30,Montana,U287,,State,Paved,"2","112","4",0.000000000000000,"0",5703.991857267074920,"1",5140.71409445649,-1145855.44635153,1016151.27830958,-1141683.53679463,1013147.59522876
"2334","2334","53056",47.812,-112.184,"175165","591295","0",0.110000000000000,02_9953846,"2",02_30,Montana,U89,,State,Paved,"2","112","4",0.000000000000000,"0",170.794902410648234,"1",47.8430579964907,-1137798.58221563,1020021.43915902,-1137752.74916707,1020035.16103421
"2335","2335","53058",47.812,-112.184,"175165","591295","0",0.110000000000000,02_9953846,"2",02_30,Montana,U89,,State,Paved,"2","112","4",0.000000000000000,"0",170.794902410648234,"1",47.8430579964907,-1137798.58221563,1020021.43915902,-1137752.74916707,1020035.16103421
"2336","2336","53045",48.911,-112.642,"160815","1134935","0",52.280000000000001,03_1134935,"2",02_30,Montana,S213,,State,Paved,"2","88","5",0.000000000000000,"1",79397.059183347970247,"1",5018.7514557163,-1147065.44618133,1153038.88277117,-1151283.66238803,1150319.59642952
"2337","2337","22690",48.633,-113.75,"169564","585767","0",6.410000000000000,02_9611034,"2",02_30,Montana,,GOING TO THE SUN HWY,Municipal,Paved,"2","88","4",0.000000000000000,"0",9708.100577039909695,"1",6683.34613018312,-1228659.59228804,1134740.55591159,-1234525.81355511,1137942.83065646
"2338","2338","22652",48.63,-113.75,"169564","585767","0",6.410000000000000,02_9611034,"2",02_30,Montana,,GOING TO THE SUN HWY,Municipal,Paved,"2","88","4",0.000000000000000,"0",9708.100577039909695,"1",6799.07767387112,-1228725.33276242,1134393.56361176,-1234588.67460226,1137835.75472856
"2339","2339","219743",47.768,-112.287,"173878","590448","0",3.830000000000000,02_9930363,"2",02_30,Montana,U287,,State,Paved,"2","112","4",0.000000000000000,"0",5703.991857267074920,"1",5140.71409445649,-1145855.44635153,1016151.27830958,-1141683.53679463,1013147.59522876
"2340","2340","70051",48.938,-112.651,"160815","1134935","0",52.280000000000001,03_1134935,"2",02_30,Montana,S213,,State,Paved,"2","88","5",0.000000000000000,"1",79397.059183347970247,"1",7060.45059371388,-1147124.26238363,1156275.73069115,-1154083.00407924,1157469.83144072
"2341","2341","22693",48.967,-112.65,"160815","1134935","0",52.280000000000001,03_1134935,"2",02_30,Montana,S213,,State,Paved,"2","88","5",0.000000000000000,"1",79397.059183347970247,"1",7187.38096440298,-1146459.89994264,1159623.07633943,-1153632.21740597,1160088.16486076
"2342","2342","219741",47.82,-112.444,"173882","590450","0",2.680000000000000,02_9930447,"2",02_30,Montana,U89,,State,Paved,"2","112","4",0.000000000000000,"0",3998.115353413730645,"1",13663.074285486,-1155732.61619687,1024095.68509239,-1142325.73224941,1026729.13563307
"2343","2343","219740",48.936,-112.642,"160815","1134935","0",52.280000000000001,03_1134935,"2",02_30,Montana,S213,,State,Paved,"2","88","5",0.000000000000000,"1",79397.059183347970247,"1",7280.3436527226,-1146551.71422904,1155935.15800217,-1151454.38844992,1150553.04046484
"2344","2344","53999",48.464,-112.47,"160719","591994","0",9.369999999999999,02_9970780,"2",02_30,Montana,U89,,State,Paved,"2","112","4",0.000000000000000,"0",14102.432432104407781,"1",12206.4956592547,-1144425.77648569,1099144.22463699,-1154512.94629577,1092270.5399263
"2345","2345","100851",47.817,-112.183,"175161","591293","0",0.130000000000000,02_9953807,"2",02_30,Montana,U89,,State,Paved,"2","112","4",0.000000000000000,"0",199.137192815185614,"1",283.611001671711,-1137628.83949506,1020590.2419034,-1137900.7357564,1020509.57206183
"2346","2346","53057",47.812,-112.184,"175165","591295","0",0.110000000000000,02_9953846,"2",02_30,Montana,U89,,State,Paved,"2","112","4",0.000000000000000,"0",170.794902410648234,"1",47.8430579964907,-1137798.58221563,1020021.43915902,-1137752.74916707,1020035.16103421
"2347","2347","22691",48.479,-112.701,"175675","591904","0",7.690000000000000,02_9970150,"2",02_30,Montana,U89,,State,Paved,"2","112","4",0.000000000000000,"0",11588.503203183781807,"1",4311.44750303367,-1160002.11461557,1103691.22135969,-1162809.76200814,1100419.26541708
"2348","2348","25658",48.65,-112.967,"175683","591985","0",0.910000000000000,02_9970520,"2",02_30,Montana,U2,,State,Paved,"2","112","3",7.000000000000000,"0",1377.729246966151322,"1",11240.4346484724,-1174697.42582445,1126782.90393891,-1169285.62840403,1116931.00971663
"2349","2349","53042",48.911,-112.642,"160815","1134935","0",52.280000000000001,03_1134935,"2",02_30,Montana,S213,,State,Paved,"2","88","5",0.000000000000000,"1",79397.059183347970247,"1",5018.7514557163,-1147065.44618133,1153038.88277117,-1151283.66238803,1150319.59642952
"2350","2350","150896",47.823,-112.503,"173882","590450","0",2.680000000000000,02_9930447,"2",02_30,Montana,U89,,State,Paved,"2","112","4",0.000000000000000,"0",3998.115353413730645,"1",17519.7721474164,-1159776.16233492,1025164.53172475,-1142328.30192864,1026750.27550617
"2351","2351","53043",48.911,-112.642,"160815","1134935","0",52.280000000000001,03_1134935,"2",02_30,Montana,S213,,State,Paved,"2","88","5",0.000000000000000,"1",79397.059183347970247,"1",5018.7514557163,-1147065.44618133,1153038.88277117,-1151283.66238803,1150319.59642952
"2352","2352","223339",47.768,-112.288,"173878","590448","0",3.830000000000000,02_9930363,"2",02_30,Montana,U287,,State,Paved,"2","112","4",0.000000000000000,"0",5703.991857267074920,"1",5204.30914941773,-1145925.10669164,1016163.36592194,-1141701.58702519,1013122.52469789
"2353","2353","220335",48.63,-113.75,"169564","585767","0",6.410000000000000,02_9611034,"2",02_30,Montana,,GOING TO THE SUN HWY,Municipal,Paved,"2","88","4",0.000000000000000,"0",9708.100577039909695,"1",6799.07767387112,-1228725.33276242,1134393.56361176,-1234588.67460226,1137835.75472856
"2354","2354","55386",48.936,-112.642,"160815","1134935","0",52.280000000000001,03_1134935,"2",02_30,Montana,S213,,State,Paved,"2","88","5",0.000000000000000,"1",79397.059183347970247,"1",7280.3436527226,-1146551.71422904,1155935.15800217,-1151454.38844992,1150553.04046484
"2355","2355","69931",48.497,-112.524,"160719","591994","0",9.369999999999999,02_9970780,"2",02_30,Montana,U89,,State,Paved,"2","112","4",0.000000000000000,"0",14102.432432104407781,"1",13288.2910922405,-1147466.07905819,1103624.12134284,-1154760.5949843,1092516.97420436
"2356","2356","150977",48.485,-112.43,"160719","591994","0",9.369999999999999,02_9970780,"2",02_30,Montana,U89,,State,Paved,"2","112","4",0.000000000000000,"0",14102.432432104407781,"1",15933.5642862263,-1141247.84346849,1101097.69402041,-1154507.77972541,1092262.95795612
"2357","2357","26775",47.768,-112.288,"173878","590448","0",3.830000000000000,02_9930363,"2",02_30,Montana,U287,,State,Paved,"2","112","4",0.000000000000000,"0",5703.991857267074920,"1",5204.30914941773,-1145925.10669164,1016163.36592194,-1141701.58702519,1013122.52469789
"2358","2358","53052",48.483,-112.583,"160719","591994","0",9.369999999999999,02_9970780,"2",02_30,Montana,U89,,State,Paved,"2","112","4",0.000000000000000,"0",14102.432432104407781,"1",9566.58320698555,-1151808.2818367,1102716.18634401,-1158511.8439008,1095891.10246841
"2359","2359","13282",47.812,-112.183,"175165","591295","0",0.110000000000000,02_9953846,"2",02_30,Montana,U89,,State,Paved,"2","112","4",0.000000000000000,"0",170.794902410648234,"1",15.4094210049134,-1137728.96257349,1020009.43727043,-1137743.72460524,1020005.01769191
"2360","2360","59373",48.936,-112.642,"160815","1134935","0",52.280000000000001,03_1134935,"2",02_30,Montana,S213,,State,Paved,"2","88","5",0.000000000000000,"1",79397.059183347970247,"1",7280.3436527226,-1146551.71422904,1155935.15800217,-1151454.38844992,1150553.04046484
"2361","2361","22692",48.911,-112.641,"160815","1134935","0",52.280000000000001,03_1134935,"2",02_30,Montana,S213,,State,Paved,"2","88","5",0.000000000000000,"1",79397.059183347970247,"1",5069.74999577419,-1146997.2296951,1153026.78312214,-1151283.66238803,1150319.59642952
"2362","2362","138980",48.646,-112.354,"175761","592062","0",0.180000000000000,02_9972992,"2",02_30,Montana,U2,,State,Paved,"2","112","3",7.000000000000000,"0",268.333337931804749,"1",1207.03211260731,-1132767.54195144,1118858.83904528,-1132059.7900384,1117881.07948872
"2363","2363","53055",47.812,-112.184,"175165","591295","0",0.110000000000000,02_9953846,"2",02_30,Montana,U89,,State,Paved,"2","112","4",0.000000000000000,"0",170.794902410648234,"1",47.8430579964907,-1137798.58221563,1020021.43915902,-1137752.74916707,1020035.16103421
"2364","2364","90189",48.067,-113,"165084","585790","0",2.300000000000000,02_9616046,"2",02_30,Montana,U2,,State,Paved,"2","112","3",7.000000000000000,"0",3454.058890783527204,"1",37789.1645030031,-1189204.91599797,1059630.20329576,-1209394.49426476,1091573.93324773
"2365","2365","55324",47.635,-112.583,"174429","590397","0",2.380000000000000,02_9929263,"2",02_30,Montana,U287,,State,Paved,"2","112","4",0.000000000000000,"0",3524.299070468289756,"1",18188.9760457855,-1169198.17620585,1004320.81960782,-1153864.41883381,994537.42886384
"2366","2366","36608",47.812,-112.183,"175165","591295","0",0.110000000000000,02_9953846,"2",02_30,Montana,U89,,State,Paved,"2","112","4",0.000000000000000,"0",170.794902410648234,"1",15.4094210049134,-1137728.96257349,1020009.43727043,-1137743.72460524,1020005.01769191
"2367","2367","120363",47.721,-112.329,"173863","590386","0",8.100000000000000,02_9929593,"2",02_30,Montana,U287,,State,Paved,"2","112","4",0.000000000000000,"0",12045.093728199924954,"1",6869.76676349665,-1149730.72855231,1011200.94466255,-1142901.46742636,1010456.03670958
"2368","2368","54000",48.464,-112.47,"160719","591994","0",9.369999999999999,02_9970780,"2",02_30,Montana,U89,,State,Paved,"2","112","4",0.000000000000000,"0",14102.432432104407781,"1",12206.4956592547,-1144425.77648569,1099144.22463699,-1154512.94629577,1092270.5399263
"2369","2369","50083",48.965,-112.664,"160815","1134935","0",52.280000000000001,03_1134935,"2",02_30,Montana,S213,,State,Paved,"2","88","5",0.000000000000000,"1",79397.059183347970247,"1",6199.59549738451,-1147455.09402484,1159560.78353242,-1153632.21740597,1160088.16486076
"2370","2370","68045",47.806,-112.223,"175039","591262","0",0.160000000000000,02_9953279,"2",02_30,Montana,U287,,State,Paved,"2","112","4",0.000000000000000,"0",232.535505506679527,"1",2422.2709161817,-1140634.09213626,1019793.16537458,-1138248.29647675,1019374.38683831
"2371","2371","36934",47.812,-112.183,"175165","591295","0",0.110000000000000,02_9953846,"2",02_30,Montana,U89,,State,Paved,"2","112","4",0.000000000000000,"0",170.794902410648234,"1",15.4094210049134,-1137728.96257349,1020009.43727043,-1137743.72460524,1020005.01769191
"2372","2372","64785",48.302,-112.335,"175724","592019","0",2.900000000000000,02_9972042,"2",02_30,Montana,S44,,State,Paved,"2","88","4",0.000000000000000,"0",4345.995210528682037,"1",12.5271139513709,-1138409.94963003,1078724.67892389,-1138405.18378987,1078736.26405883
"2373","2373","53996",48.464,-112.47,"160719","591994","0",9.369999999999999,02_9970780,"2",02_30,Montana,U89,,State,Paved,"2","112","4",0.000000000000000,"0",14102.432432104407781,"1",12206.4956592547,-1144425.77648569,1099144.22463699,-1154512.94629577,1092270.5399263
"2374","2374","232277",48.497,-112.679,"175675","591904","0",7.690000000000000,02_9970150,"2",02_30,Montana,U89,,State,Paved,"2","112","4",0.000000000000000,"0",11588.503203183781807,"1",6919.37566733704,-1158118.88124949,1105508.98707832,-1162725.82688163,1100346.25412297
"2375","2375","53044",48.911,-112.642,"160815","1134935","0",52.280000000000001,03_1134935,"2",02_30,Montana,S213,,State,Paved,"2","88","5",0.000000000000000,"1",79397.059183347970247,"1",5018.7514557163,-1147065.44618133,1153038.88277117,-1151283.66238803,1150319.59642952
"2376","2376","45682",48.965,-112.708,"160815","1134935","0",52.280000000000001,03_1134935,"2",02_30,Montana,S213,,State,Paved,"2","88","5",0.000000000000000,"1",79397.059183347970247,"1",3178.75704954091,-1150453.46582397,1160094.06061614,-1153632.21740597,1160088.16486076
"2377","2377","45680",48.965,-112.664,"160815","1134935","0",52.280000000000001,03_1134935,"2",02_30,Montana,S213,,State,Paved,"2","88","5",0.000000000000000,"1",79397.059183347970247,"1",6199.59549738451,-1147455.09402484,1159560.78353242,-1153632.21740597,1160088.16486076
"2378","2378","62539",48.737,-112.732,"160736","592011","0",2.380000000000000,02_9971710,"2",02_30,Montana,U2,,State,Paved,"2","112","3",7.000000000000000,"0",3600.590594690896978,"1",13853.1533148706,-1156799.77735305,1133972.42214876,-1155416.90905556,1120188.46291938
"2379","2379","62541",48.911,-112.642,"160815","1134935","0",52.280000000000001,03_1134935,"2",02_30,Montana,S213,,State,Paved,"2","88","5",0.000000000000000,"1",79397.059183347970247,"1",5018.7514557163,-1147065.44618133,1153038.88277117,-1151283.66238803,1150319.59642952
"2380","2380","53051",49.283,-112.2,"63324","29300","0",8.369999999999999,01_29300,"1",01_48,Alberta,"4",Highway 4,Provincial,Paved,"4","100","1",1.000000000000000,"0",12840.387783708250936,"1",167.671856828226,-1109460.60081322,1190878.34982402,-1109295.54797297,1190848.83014417
"2381","2381","45681",48.936,-112.642,"160815","1134935","0",52.280000000000001,03_1134935,"2",02_30,Montana,S213,,State,Paved,"2","88","5",0.000000000000000,"1",79397.059183347970247,"1",7280.3436527226,-1146551.71422904,1155935.15800217,-1151454.38844992,1150553.04046484
"2382","2382","94368",47.715,-112.223,"173863","590386","0",8.100000000000000,02_9929593,"2",02_30,Montana,U287,,State,Paved,"2","112","4",0.000000000000000,"0",12045.093728199924954,"1",179.063178975325,-1142460.9313745,1009222.48585698,-1142638.45137119,1009245.94375198
"2383","2383","13281",47.812,-112.183,"175165","591295","0",0.110000000000000,02_9953846,"2",02_30,Montana,U89,,State,Paved,"2","112","4",0.000000000000000,"0",170.794902410648234,"1",15.4094210049134,-1137728.96257349,1020009.43727043,-1137743.72460524,1020005.01769191
"2384","2384","142499",48.462,-112.066,"175603","592170","0",0.850000000000000,02_9975858,"2",02_30,Montana,U2,,State,Paved,"2","112","3",7.000000000000000,"0",1285.773921919291752,"1",10017.381339419,-1116666.07530478,1094094.16166363,-1111806.74882595,1102854.0061298
"2385","2385","53048",48.63,-113.75,"169564","585767","0",6.410000000000000,02_9611034,"2",02_30,Montana,,GOING TO THE SUN HWY,Municipal,Paved,"2","88","4",0.000000000000000,"0",9708.100577039909695,"1",6799.07767387112,-1228725.33276242,1134393.56361176,-1234588.67460226,1137835.75472856
"2386","2386","53046",48.911,-112.642,"160815","1134935","0",52.280000000000001,03_1134935,"2",02_30,Montana,S213,,State,Paved,"2","88","5",0.000000000000000,"1",79397.059183347970247,"1",5018.7514557163,-1147065.44618133,1153038.88277117,-1151283.66238803,1150319.59642952
"2387","2387","53047",48.911,-112.642,"160815","1134935","0",52.280000000000001,03_1134935,"2",02_30,Montana,S213,,State,Paved,"2","88","5",0.000000000000000,"1",79397.059183347970247,"1",5018.7514557163,-1147065.44618133,1153038.88277117,-1151283.66238803,1150319.59642952
"2388","2388","184945",47.635,-112.583,"174429","590397","0",2.380000000000000,02_9929263,"2",02_30,Montana,U287,,State,Paved,"2","112","4",0.000000000000000,"0",3524.299070468289756,"1",18188.9760457855,-1169198.17620585,1004320.81960782,-1153864.41883381,994537.42886384
"2389","2389","52435",48.971,-112.642,"160815","1134935","0",52.280000000000001,03_1134935,"2",02_30,Montana,S213,,State,Paved,"2","88","5",0.000000000000000,"1",79397.059183347970247,"1",7800.30867264831,-1145832.53004295,1159989.71473239,-1153632.21740597,1160088.16486076
"2390","2390","62540",48.467,-112.452,"160719","591994","0",9.369999999999999,02_9970780,"2",02_30,Montana,U89,,State,Paved,"2","112","4",0.000000000000000,"0",14102.432432104407781,"1",13367.8502971889,-1143126.62618821,1099275.0022893,-1154507.77972541,1092262.95795612
"2391","2391","142496",48.347,-112.653,"160719","591994","0",9.369999999999999,02_9970780,"2",02_30,Montana,U89,,State,Paved,"2","112","4",0.000000000000000,"0",14102.432432104407781,"1",6136.43299181504,-1159419.3188652,1087798.89330861,-1155861.71668157,1092798.82096469
"2392","2392","142498",48.936,-112.642,"160815","1134935","0",52.280000000000001,03_1134935,"2",02_30,Montana,S213,,State,Paved,"2","88","5",0.000000000000000,"1",79397.059183347970247,"1",7280.3436527226,-1146551.71422904,1155935.15800217,-1151454.38844992,1150553.04046484
"2393","2393","196407",48.934,-112.643,"160815","1134935","0",52.280000000000001,03_1134935,"2",02_30,Montana,S213,,State,Paved,"2","88","5",0.000000000000000,"1",79397.059183347970247,"1",7044.72439200808,-1146661.00015036,1155715.55636011,-1151454.38844992,1150553.04046484
"2394","2394","47101",48.472,-112.358,"175625","592084","0",3.040000000000000,02_9973525,"2",02_30,Montana,U2,,State,Paved,"2","40","3",7.000000000000000,"0",4588.372597627179857,"1",16866.2001216525,-1136559.31850029,1098724.74124359,-1125414.23607449,1111383.96097728
"2395","2395","167916",37.6,-111.9,"148945","563439","0",81.909999999999997,02_8622406,"2",02_49,Utah,S12,,State,Paved,"2","96","4",0.000000000000000,"0",103541.068510340614012,"1",959.477287923278,-1319239.01166139,-171782.362304975,-1319801.65149713,-171005.166653112
"2396","2396","75839",37.6,-111.35,"149058","563425","0",17.059999999999999,02_8821894,"2",02_49,Utah,S12,,State,Paved,"2","48","4",0.000000000000000,"0",21594.362055999205040,"1",18690.3563329611,-1274011.72754988,-179305.099882831,-1279315.96861659,-161383.201362885
"2397","2397","14421",37.592,-112.899,"148909","572502","0",25.780000000000001,02_8574113,"2",02_49,Utah,S14,,State,Paved,"2","80","4",0.000000000000000,"0",32563.898707737600489,"1",7.02334995029588,-1401440.35099826,-158373.373498608,-1401442.87901902,-158379.926097755
"2398","2398","14430",37.593,-112.884,"148909","572502","0",25.780000000000001,02_8574113,"2",02_49,Utah,S14,,State,Paved,"2","80","4",0.000000000000000,"0",32563.898707737600489,"1",30.4366961568606,-1400188.75279071,-158479.313054761,-1400207.2099992,-158503.514788742
"2399","2399","61844",37.635,-112.119,"148945","563439","0",81.909999999999997,02_8622406,"2",02_49,Utah,S12,,State,Paved,"2","96","4",0.000000000000000,"0",103541.068510340614012,"1",3093.84776663033,-1336539.05787293,-164658.051117368,-1333485.50565274,-165155.758703847
"2400","2400","178847",37.45,-111.53,"149058","563425","0",17.059999999999999,02_8821894,"2",02_49,Utah,S12,,State,Paved,"2","48","4",0.000000000000000,"0",21594.362055999205040,"1",32516.3916855575,-1291694.07740674,-194269.825922241,-1286079.48303371,-162241.837251782
"2401","2401","14429",37.6,-111.35,"149058","563425","0",17.059999999999999,02_8821894,"2",02_49,Utah,S12,,State,Paved,"2","48","4",0.000000000000000,"0",21594.362055999205040,"1",18690.3563329611,-1274011.72754988,-179305.099882831,-1279315.96861659,-161383.201362885
"2402","2402","84300",37.178,-111.349,"10722","572637","0",12.619999999999999,02_8629458,"2",02_04,Arizona,U89,,State,Paved,"2","104","3",7.000000000000000,"0",15801.892354399884425,"1",27570.3952604902,-1281924.99165878,-228268.405214932,-1300144.60121708,-248960.735251996
"2403","2403","167894",37.6,-111.61,"149058","563425","0",17.059999999999999,02_8821894,"2",02_49,Utah,S12,,State,Paved,"2","48","4",0.000000000000000,"0",21594.362055999205040,"1",16380.4474323522,-1295397.3359131,-175781.599150584,-1286419.43341494,-162080.638424506
"2404","2404","230866",37.204,-111.614,"148963","572634","0",19.829999999999998,02_8629021,"2",02_49,Utah,U89,,State,Paved,"2","104","3",7.000000000000000,"0",24849.575341877341998,"1",15087.5780756712,-1303357.73436829,-221640.809601566,-1311158.72820681,-234555.123649192
"2405","2405","195190",37.217,-111.531,"148963","572634","0",19.829999999999998,02_8629021,"2",02_49,Utah,U89,,State,Paved,"2","104","3",7.000000000000000,"0",24849.575341877341998,"1",19720.6080025016,-1296242.56090279,-221271.95008975,-1309389.403254,-235971.028842542
"2406","2406","230867",37.291,-111.582,"148963","572634","0",19.829999999999998,02_8629021,"2",02_49,Utah,U89,,State,Paved,"2","104","3",7.000000000000000,"0",24849.575341877341998,"1",25606.1417022775,-1299037.94128678,-211995.294988566,-1311254.34313889,-234499.383920691
"2407","2407","84301",37.191,-111.647,"148963","572634","0",19.829999999999998,02_8629021,"2",02_49,Utah,U89,,State,Paved,"2","104","3",7.000000000000000,"0",24849.575341877341998,"1",12781.9162801818,-1306338.29535688,-222693.282148824,-1311389.04640126,-234434.972729028
"2408","2408","230868",37.446,-111.823,"148945","563439","0",81.909999999999997,02_8622406,"2",02_49,Utah,S12,,State,Paved,"2","96","4",0.000000000000000,"0",103541.068510340614012,"1",19318.1420637403,-1315917.60132763,-190703.836616984,-1321766.99679292,-172292.557859508
"2409","2409","120364",37.452,-111.532,"149058","563425","0",17.059999999999999,02_8821894,"2",02_49,Utah,S12,,State,Paved,"2","48","4",0.000000000000000,"0",21594.362055999205040,"1",32283.3795765769,-1291820.58916291,-194010.631646575,-1286079.48303371,-162241.837251782
"2410","2410","190353",37.653,-112.043,"148945","563439","0",81.909999999999997,02_8622406,"2",02_49,Utah,S12,,State,Paved,"2","96","4",0.000000000000000,"0",103541.068510340614012,"1",3195.40240767542,-1329941.31403047,-163640.795405691,-1333135.27417152,-163736.791053103
"2411","2411","14474",37.555,-112.276,"148943","572635","0",4.220000000000000,02_8622070,"2",02_49,Utah,S63,BRYCE,State,Paved,"2","56","4",0.000000000000000,"0",5342.941554488610564,"1",15129.4459101806,-1351036.45910045,-171701.450154706,-1339712.29586906,-161668.331962535
"2412","2412","230888",37.6,-111.35,"149058","563425","0",17.059999999999999,02_8821894,"2",02_49,Utah,S12,,State,Paved,"2","48","4",0.000000000000000,"0",21594.362055999205040,"1",18690.3563329611,-1274011.72754988,-179305.099882831,-1279315.96861659,-161383.201362885
"2413","2413","192263",37.653,-112.043,"148945","563439","0",81.909999999999997,02_8622406,"2",02_49,Utah,S12,,State,Paved,"2","96","4",0.000000000000000,"0",103541.068510340614012,"1",3195.40240767542,-1329941.31403047,-163640.795405691,-1333135.27417152,-163736.791053103
"2414","2414","167893",37.56,-111.71,"148945","563439","0",81.909999999999997,02_8622406,"2",02_49,Utah,S12,,State,Paved,"2","96","4",0.000000000000000,"0",103541.068510340614012,"1",14065.7731728181,-1304395.76967645,-179049.174793933,-1314801.18518865,-169584.857440437
"2415","2415","195191",37.294,-111.896,"148942","572487","0",83.140000000000001,02_8620549,"2",02_49,Utah,U89,,State,Paved,"2","104","3",7.000000000000000,"0",104210.844887758459663,"1",14739.2404680179,-1324913.26333409,-207301.968260959,-1334242.42301241,-218713.015069658
"2416","2416","75840",37.6,-111.35,"149058","563425","0",17.059999999999999,02_8821894,"2",02_49,Utah,S12,,State,Paved,"2","48","4",0.000000000000000,"0",21594.362055999205040,"1",18690.3563329611,-1274011.72754988,-179305.099882831,-1279315.96861659,-161383.201362885
"2417","2417","192260",37.653,-112.043,"148945","563439","0",81.909999999999997,02_8622406,"2",02_49,Utah,S12,,State,Paved,"2","96","4",0.000000000000000,"0",103541.068510340614012,"1",3195.40240767542,-1329941.31403047,-163640.795405691,-1333135.27417152,-163736.791053103
"2418","2418","192261",37.653,-112.043,"148945","563439","0",81.909999999999997,02_8622406,"2",02_49,Utah,S12,,State,Paved,"2","96","4",0.000000000000000,"0",103541.068510340614012,"1",3195.40240767542,-1329941.31403047,-163640.795405691,-1333135.27417152,-163736.791053103
"2419","2419","192259",37.653,-112.043,"148945","563439","0",81.909999999999997,02_8622406,"2",02_49,Utah,S12,,State,Paved,"2","96","4",0.000000000000000,"0",103541.068510340614012,"1",3195.40240767542,-1329941.31403047,-163640.795405691,-1333135.27417152,-163736.791053103
"2420","2420","75845",37.6,-111.35,"149058","563425","0",17.059999999999999,02_8821894,"2",02_49,Utah,S12,,State,Paved,"2","48","4",0.000000000000000,"0",21594.362055999205040,"1",18690.3563329611,-1274011.72754988,-179305.099882831,-1279315.96861659,-161383.201362885
"2421","2421","181391",37.565,-111.734,"148945","563439","0",81.909999999999997,02_8622406,"2",02_49,Utah,S12,,State,Paved,"2","96","4",0.000000000000000,"0",103541.068510340614012,"1",12077.7901210622,-1306273.04685469,-178138.937180056,-1314848.92804621,-169634.392747967
"2422","2422","230912",37.217,-111.531,"148963","572634","0",19.829999999999998,02_8629021,"2",02_49,Utah,U89,,State,Paved,"2","104","3",7.000000000000000,"0",24849.575341877341998,"1",19720.6080025016,-1296242.56090279,-221271.95008975,-1309389.403254,-235971.028842542
"2423","2423","230889",37.6,-111.35,"149058","563425","0",17.059999999999999,02_8821894,"2",02_49,Utah,S12,,State,Paved,"2","48","4",0.000000000000000,"0",21594.362055999205040,"1",18690.3563329611,-1274011.72754988,-179305.099882831,-1279315.96861659,-161383.201362885
"2424","2424","230917",37.191,-111.647,"148963","572634","0",19.829999999999998,02_8629021,"2",02_49,Utah,U89,,State,Paved,"2","104","3",7.000000000000000,"0",24849.575341877341998,"1",12781.9162801818,-1306338.29535688,-222693.282148824,-1311389.04640126,-234434.972729028
"2425","2425","230911",37.204,-111.614,"148963","572634","0",19.829999999999998,02_8629021,"2",02_49,Utah,U89,,State,Paved,"2","104","3",7.000000000000000,"0",24849.575341877341998,"1",15087.5780756712,-1303357.73436829,-221640.809601566,-1311158.72820681,-234555.123649192
"2426","2426","230892",37.379,-111.52,"148963","572634","0",19.829999999999998,02_8629021,"2",02_49,Utah,U89,,State,Paved,"2","104","3",7.000000000000000,"0",24849.575341877341998,"1",37106.3717314137,-1292229.91830365,-202639.612962692,-1311221.90724304,-234517.303895314
"2427","2427","230914",37.291,-111.582,"148963","572634","0",19.829999999999998,02_8629021,"2",02_49,Utah,U89,,State,Paved,"2","104","3",7.000000000000000,"0",24849.575341877341998,"1",25606.1417022775,-1299037.94128678,-211995.294988566,-1311254.34313889,-234499.383920691
"2428","2428","230890",37.6,-111.35,"149058","563425","0",17.059999999999999,02_8821894,"2",02_49,Utah,S12,,State,Paved,"2","48","4",0.000000000000000,"0",21594.362055999205040,"1",18690.3563329611,-1274011.72754988,-179305.099882831,-1279315.96861659,-161383.201362885
"2429","2429","230891",37.235,-111.653,"148963","572634","0",19.829999999999998,02_8629021,"2",02_49,Utah,U89,,State,Paved,"2","104","3",7.000000000000000,"0",24849.575341877341998,"1",17753.3103933029,-1305984.90191052,-217511.055688581,-1311991.3042748,-234217.436522244
"2430","2430","230913",37.6,-111.61,"149058","563425","0",17.059999999999999,02_8821894,"2",02_49,Utah,S12,,State,Paved,"2","48","4",0.000000000000000,"0",21594.362055999205040,"1",16380.4474323522,-1295397.3359131,-175781.599150584,-1286419.43341494,-162080.638424506
"2431","2431","230915",37.56,-111.71,"148945","563439","0",81.909999999999997,02_8622406,"2",02_49,Utah,S12,,State,Paved,"2","96","4",0.000000000000000,"0",103541.068510340614012,"1",14065.7731728181,-1304395.76967645,-179049.174793933,-1314801.18518865,-169584.857440437
"2432","2432","75851",37.6,-111.35,"149058","563425","0",17.059999999999999,02_8821894,"2",02_49,Utah,S12,,State,Paved,"2","48","4",0.000000000000000,"0",21594.362055999205040,"1",18690.3563329611,-1274011.72754988,-179305.099882831,-1279315.96861659,-161383.201362885
"2433","2433","220124",55.085,-119.991,"147287","34098","0",148.300000000000011,01_34098,"1",01_59,British Columbia,"52",Highway 52,Provincial,Paved,"2","50","2",0.000000000000000,"0",258862.697779105190421,"1",13049.5154576929,-1464128.78990458,1958509.40046089,-1476915.27606997,1961116.2424628
"2434","2434","224472",55.05,-119.367,"147306","33552","0",11.640000000000001,01_33552,"1",01_48,Alberta,"43",Highway 43,Provincial,Paved,"4","80","1",1.000000000000000,"0",20339.306911396266514,"1",14116.1820931399,-1427816.5175359,1945082.54332382,-1422080.45570671,1957980.7676814
"2435","2435","163050",55.081,-119.526,"147304","30945","0",4.850000000000000,01_30945,"1",01_48,Alberta,"43",Highway 43,Provincial,Paved,"2","80","2",1.000000000000000,"0",8480.957311476502582,"1",14581.0901277298,-1436454.82287517,1950948.91806049,-1426180.01478183,1961294.76302154
"2436","2436","220125",55.05,-119.367,"147306","33552","0",11.640000000000001,01_33552,"1",01_48,Alberta,"43",Highway 43,Provincial,Paved,"4","80","1",1.000000000000000,"0",20339.306911396266514,"1",14116.1820931399,-1427816.5175359,1945082.54332382,-1422080.45570671,1957980.7676814
"2437","2437","227125",55.065,-118.69,"147309","232456","0",111.180000000000007,01_232456,"1",01_48,Alberta,"40",Highway 40,Provincial,Paved,"2","80","2",0.000000000000000,"0",192058.699157043010928,"1",3059.64307400325,-1386844.38285578,1936710.34887593,-1389881.90494537,1937077.60259685
"2438","2438","52656",55.05,-119.367,"147306","33552","0",11.640000000000001,01_33552,"1",01_48,Alberta,"43",Highway 43,Provincial,Paved,"4","80","1",1.000000000000000,"0",20339.306911396266514,"1",14116.1820931399,-1427816.5175359,1945082.54332382,-1422080.45570671,1957980.7676814
"2439","2439","220122",55.085,-119.991,"147287","34098","0",148.300000000000011,01_34098,"1",01_59,British Columbia,"52",Highway 52,Provincial,Paved,"2","50","2",0.000000000000000,"0",258862.697779105190421,"1",13049.5154576929,-1464128.78990458,1958509.40046089,-1476915.27606997,1961116.2424628
"2440","2440","89604",55.26,-118.511,"147322","233094","0",26.149999999999999,01_233094,"1",01_48,Alberta,"43",Highway 43,Provincial,Paved,"4","80","1",1.000000000000000,"0",45742.403932062858075,"1",3596.24329145453,-1370826.4304564,1955936.07350119,-1371685.0235263,1952443.82726823
"2441","2441","161248",54.977,-119.564,"147304","30945","0",4.850000000000000,01_30945,"1",01_48,Alberta,"43",Highway 43,Provincial,Paved,"2","80","2",1.000000000000000,"0",8480.957311476502582,"1",26404.0645016746,-1441676.65644855,1939904.37677711,-1426095.97219247,1961221.43333567
"2442","2442","220132",54.147,-115.331,"63364","30532","0",2.540000000000000,01_30532,"1",01_48,Alberta,"43",Highway 43,Provincial,Paved,"4","80","1",1.000000000000000,"0",4322.407506432735318,"1",9720.54123213905,-1206119.82976714,1787298.90070171,-1211191.54549876,1779006.33647927
"2443","2443","220121",55.077,-118.795,"147309","232456","0",111.180000000000007,01_232456,"1",01_48,Alberta,"40",Highway 40,Provincial,Paved,"2","80","2",0.000000000000000,"0",192058.699157043010928,"1",502.347010613543,-1392808.8762919,1939593.21027467,-1392691.24485415,1939104.82992706
"2444","2444","22699",55.064,-119.108,"147310","30923","0",17.980000000000000,01_30923,"1",01_48,Alberta,"43",Highway 43,Provincial,Paved,"4","80","1",1.000000000000000,"0",31405.123005760236993,"1",12261.4472641573,-1411917.62755416,1942768.79324048,-1408960.96152845,1954668.42411812
"2445","2445","89605",55.254,-118.513,"147322","233094","0",26.149999999999999,01_233094,"1",01_48,Alberta,"43",Highway 43,Provincial,Paved,"4","80","1",1.000000000000000,"0",45742.403932062858075,"1",2904.9345896006,-1371108.45862878,1955293.50262427,-1371797.28990332,1952471.41891802
"2446","2446","87125",55.069,-119.552,"147304","30945","0",4.850000000000000,01_30945,"1",01_48,Alberta,"43",Highway 43,Provincial,Paved,"2","80","2",1.000000000000000,"0",8480.957311476502582,"1",16601.6526092785,-1438349.6426797,1950002.50787977,-1426180.01478183,1961294.76302154
"2447","2447","182649",54.545,-119.547,"147309","232456","0",111.180000000000007,01_232456,"1",01_48,Alberta,"40",Highway 40,Provincial,Paved,"2","80","2",0.000000000000000,"0",192058.699157043010928,"1",51724.1902871263,-1452917.66296712,1891308.80619327,-1402635.41119378,1879180.86253159
"2448","2448","220087",55.086,-118.929,"147312","30908","0",11.510000000000000,01_30908,"1",01_48,Alberta,"40",Highway 40,Provincial,Paved,"3","80","2",0.000000000000000,"0",20117.919728950168064,"1",7130.62344558846,-1400588.22849165,1942574.71515803,-1393457.60639845,1942570.32349009
"2449","2449","138447",55.085,-119.991,"147287","34098","0",148.300000000000011,01_34098,"1",01_59,British Columbia,"52",Highway 52,Provincial,Paved,"2","50","2",0.000000000000000,"0",258862.697779105190421,"1",13049.5154576929,-1464128.78990458,1958509.40046089,-1476915.27606997,1961116.2424628
"2450","2450","220130",55.064,-119.108,"147310","30923","0",17.980000000000000,01_30923,"1",01_48,Alberta,"43",Highway 43,Provincial,Paved,"4","80","1",1.000000000000000,"0",31405.123005760236993,"1",12261.4472641573,-1411917.62755416,1942768.79324048,-1408960.96152845,1954668.42411812
"2451","2451","220129",55.018,-119.428,"147306","33552","0",11.640000000000001,01_33552,"1",01_48,Alberta,"43",Highway 43,Provincial,Paved,"4","80","1",1.000000000000000,"0",20339.306911396266514,"1",18642.4513534529,-1432370.1741184,1942425.63372569,-1422155.42883623,1958020.50375677
"2452","2452","220131",54.545,-119.547,"147309","232456","0",111.180000000000007,01_232456,"1",01_48,Alberta,"40",Highway 40,Provincial,Paved,"2","80","2",0.000000000000000,"0",192058.699157043010928,"1",51724.1902871263,-1452917.66296712,1891308.80619327,-1402635.41119378,1879180.86253159
"2453","2453","220120",54.933,-119.45,"147306","33552","0",11.640000000000001,01_33552,"1",01_48,Alberta,"43",Highway 43,Provincial,Paved,"4","80","1",1.000000000000000,"0",20339.306911396266514,"1",28415.0711019458,-1436087.62860761,1933254.9833413,-1422118.75694142,1957999.41483815
"2454","2454","116566",55.243,-118.533,"147322","233094","0",26.149999999999999,01_233094,"1",01_48,Alberta,"43",Highway 43,Provincial,Paved,"4","80","1",1.000000000000000,"0",45742.403932062858075,"1",1636.56781700748,-1372601.75524806,1954351.83425916,-1372989.15914038,1952761.78003245
"2455","2455","89606",55.252,-118.51,"147322","233094","0",26.149999999999999,01_233094,"1",01_48,Alberta,"43",Highway 43,Provincial,Paved,"4","80","1",1.000000000000000,"0",45742.403932062858075,"1",2675.28886675736,-1370983.36906686,1955026.27804112,-1371622.08683282,1952428.3538436
"2456","2456","52658",54.933,-119.45,"147306","33552","0",11.640000000000001,01_33552,"1",01_48,Alberta,"43",Highway 43,Provincial,Paved,"4","80","1",1.000000000000000,"0",20339.306911396266514,"1",28415.0711019458,-1436087.62860761,1933254.9833413,-1422118.75694142,1957999.41483815
"2457","2457","207633",55.064,-119.108,"147310","30923","0",17.980000000000000,01_30923,"1",01_48,Alberta,"43",Highway 43,Provincial,Paved,"4","80","1",1.000000000000000,"0",31405.123005760236993,"1",12261.4472641573,-1411917.62755416,1942768.79324048,-1408960.96152845,1954668.42411812
"2458","2458","232291",55.081,-118.733,"147309","232456","0",111.180000000000007,01_232456,"1",01_48,Alberta,"40",Highway 40,Provincial,Paved,"2","80","2",0.000000000000000,"0",192058.699157043010928,"1",1607.27028968827,-1388984.08561819,1939131.32215824,-1390246.88070103,1938137.00512485
"2459","2459","220123",54.728,-119.92,"147287","34098","0",148.300000000000011,01_34098,"1",01_59,British Columbia,"52",Highway 52,Provincial,Paved,"2","50","2",0.000000000000000,"0",258862.697779105190421,"1",32134.5784515654,-1470169.22557538,1917537.7979248,-1483312.11722713,1946861.77329121
"2460","2460","123815",49.606,-105.747,"63818","25010","0",27.440000000000001,01_25010,"1",01_47,Saskatchewan,"13",Highway 13,Provincial,Paved,"2","80","2",0.000000000000000,"0",42267.345990376285044,"1",5697.65683713645,-665707.688876769,1168068.18118357,-669865.357106024,1164172.40291354
"2461","2461","179248",49.622,-105.785,"63818","25010","0",27.440000000000001,01_25010,"1",01_47,Saskatchewan,"13",Highway 13,Provincial,Paved,"2","80","2",0.000000000000000,"0",42267.345990376285044,"1",5413.16947940603,-668100.135698206,1170205.46917734,-672050.187622394,1166504.18647955
"2462","2462","215635",40,-108.2,"219255","634981","0",26.079999999999998,02_11004465,"2",02_08,Colorado,S64,,State,Paved,"2","72","4",0.000000000000000,"0",34056.961188211957051,"1",6821.49785251175,-977924.570548547,63013.3638051839,-972018.592776318,66426.9044165966
"2463","2463","167302",40.032,-108.847,"219248","634397","0",52.270000000000003,02_10998964,"2",02_08,Colorado,S139,,State,Paved,"2","104","4",0.000000000000000,"0",68242.553650306319469,"1",6026.37929972204,-1028966.83273862,73603.8543409707,-1022953.52035051,74000.4921948322
"2464","2464","14497",40.288,-107.864,"219184","635049","0",46.689999999999998,02_11019980,"2",02_08,Colorado,S13,,State,Paved,"2","104","4",10.000000000000000,"0",61313.293185078029637,"1",5742.50082007736,-946893.100391797,93306.9801197732,-941205.798506208,92512.6798423177
"2465","2465","76715",40.032,-108.847,"219248","634397","0",52.270000000000003,02_10998964,"2",02_08,Colorado,S139,,State,Paved,"2","104","4",0.000000000000000,"0",68242.553650306319469,"1",6026.37929972204,-1028966.83273862,73603.8543409707,-1022953.52035051,74000.4921948322
"2466","2466","229346",40,-108.2,"219255","634981","0",26.079999999999998,02_11004465,"2",02_08,Colorado,S64,,State,Paved,"2","72","4",0.000000000000000,"0",34056.961188211957051,"1",6821.49785251175,-977924.570548547,63013.3638051839,-972018.592776318,66426.9044165966
"2467","2467","157188",49.607,-114.107,"63530","29376","0",10.119999999999999,01_29376,"1",01_48,Alberta,"3",Highway 3,Provincial,Paved,"2","80","2",1.000000000000000,"0",15582.311983837316802,"1",2867.52679773233,-1231325.2101029,1251885.44330052,-1232726.59672393,1249383.67882837
"2468","2468","58807",48.431,-112.826,"175673","591974","0",1.120000000000000,02_9970122,"2",02_30,Montana,U89,,State,Paved,"2","112","4",0.000000000000000,"0",1687.029384465129624,"1",5059.01177938317,-1169591.21205288,1099662.89581457,-1166240.4061177,1103453.10685998
"2469","2469","64786",49.2,-113.3,"63525","29341","0",1.540000000000000,01_29341,"1",01_48,Alberta,"2",Highway 2,Provincial,Paved,"2","80","2",0.000000000000000,"0",2355.117125325973120,"1",120.555501095087,-1185754.42862198,1194586.88194799,-1185872.89046928,1194609.25200783
"2470","2470","64791",49.593,-113.976,"63532","29375","0",8.880000000000004,01_29375,"1",01_48,Alberta,"3",Highway 3,Provincial,Paved,"3","80","2",1.000000000000000,"0",13672.062490485404851,"1",6470.77901857623,-1222834.34036507,1248574.48618639,-1226439.42459263,1243201.000463
"2471","2471","57171",39.952,-75.038,"655750","1052801","0",0.680000000000000,02_43043082,"2",02_34,New Jersey,,HADDONFIELD RD,Municipal,Paved,"4","72","3",10.000000000000000,"0",888.365392898871278,"1",868.84622928727,1672458.70761331,180003.077177707,1673324.95078147,180070.282413844
